source_node_id,target_node_id,relationship_type,frequency,severity_correlation,primary_symptom_flag
1,13,condition_manifests_as_symptom,High,Strong,TRUE
1,1,condition_manifests_as_symptom,High,Strong,FALSE
1,19,condition_manifests_as_symptom,Medium,Medium,FALSE
1,10,condition_manifests_as_symptom,Low,Low,FALSE
2,7,condition_manifests_as_symptom,High,Strong,TRUE
2,14,condition_manifests_as_symptom,High,Strong,FALSE
2,4,condition_manifests_as_symptom,High,Strong,FALSE
2,32,condition_manifests_as_symptom,Medium,Medium,FALSE
3,3,condition_manifests_as_symptom,High,Strong,TRUE
3,9,condition_manifests_as_symptom,Medium,Medium,FALSE
3,23,condition_manifests_as_symptom,High,Strong,FALSE
3,24,condition_manifests_as_symptom,High,Strong,FALSE
4,10,condition_manifests_as_symptom,High,Strong,TRUE
4,1,condition_manifests_as_symptom,High,Strong,FALSE
4,19,condition_manifests_as_symptom,Medium,Medium,FALSE
5,5,condition_manifests_as_symptom,High,Strong,TRUE
5,27,condition_manifests_as_symptom,High,Strong,FALSE
5,78,condition_manifests_as_symptom,Medium,Medium,FALSE
5,79,condition_manifests_as_symptom,Medium,Medium,FALSE
6,6,condition_manifests_as_symptom,High,Strong,TRUE
6,15,condition_manifests_as_symptom,High,Strong,FALSE
6,62,condition_manifests_as_symptom,High,Strong,FALSE
6,49,condition_manifests_as_symptom,High,Strong,FALSE
7,4,condition_manifests_as_symptom,High,Strong,TRUE
7,32,condition_manifests_as_symptom,Medium,Medium,FALSE
8,1,condition_manifests_as_symptom,High,Strong,TRUE
8,10,condition_manifests_as_symptom,High,Strong,FALSE
8,19,condition_manifests_as_symptom,Medium,Medium,FALSE
9,7,condition_manifests_as_symptom,High,Strong,TRUE
9,54,condition_manifests_as_symptom,Medium,Medium,FALSE
9,55,condition_manifests_as_symptom,Low,Low,FALSE
10,8,condition_manifests_as_symptom,High,Strong,TRUE
10,1,condition_manifests_as_symptom,High,Strong,FALSE
10,19,condition_manifests_as_symptom,Medium,Medium,FALSE
11,21,condition_manifests_as_symptom,High,Strong,TRUE
11,22,condition_manifests_as_symptom,High,Strong,FALSE
11,19,condition_manifests_as_symptom,Medium,Medium,FALSE
12,9,condition_manifests_as_symptom,High,Strong,TRUE
12,41,condition_manifests_as_symptom,High,Strong,FALSE
12,23,condition_manifests_as_symptom,High,Strong,FALSE
13,12,condition_manifests_as_symptom,High,Strong,TRUE
13,10,condition_manifests_as_symptom,High,Strong,FALSE
13,1,condition_manifests_as_symptom,High,Strong,FALSE
14,2,condition_manifests_as_symptom,High,Strong,TRUE
14,19,condition_manifests_as_symptom,High,Strong,FALSE
14,21,condition_manifests_as_symptom,Medium,Medium,FALSE
15,11,condition_manifests_as_symptom,High,Strong,TRUE
15,23,condition_manifests_as_symptom,High,Strong,FALSE
16,6,condition_manifests_as_symptom,High,Strong,TRUE
16,62,condition_manifests_as_symptom,High,Strong,FALSE
16,15,condition_manifests_as_symptom,High,Strong,FALSE
17,16,condition_manifests_as_symptom,High,Strong,TRUE
17,8,condition_manifests_as_symptom,Medium,Medium,FALSE
18,16,condition_manifests_as_symptom,High,Strong,TRUE
18,19,condition_manifests_as_symptom,High,Strong,FALSE
19,4,condition_manifests_as_symptom,High,Strong,TRUE
19,7,condition_manifests_as_symptom,High,Strong,FALSE
19,14,condition_manifests_as_symptom,High,Strong,FALSE
20,4,condition_manifests_as_symptom,High,Strong,TRUE
20,7,condition_manifests_as_symptom,High,Strong,FALSE
20,14,condition_manifests_as_symptom,High,Strong,FALSE
21,3,condition_manifests_as_symptom,High,Strong,TRUE
21,23,condition_manifests_as_symptom,High,Strong,FALSE
21,25,condition_manifests_as_symptom,High,Strong,FALSE
22,3,condition_manifests_as_symptom,High,Strong,TRUE
22,25,condition_manifests_as_symptom,High,Strong,FALSE
22,23,condition_manifests_as_symptom,High,Strong,FALSE
23,3,condition_manifests_as_symptom,High,Strong,TRUE
23,25,condition_manifests_as_symptom,High,Strong,FALSE
23,23,condition_manifests_as_symptom,High,Strong,FALSE
24,9,condition_manifests_as_symptom,High,Strong,TRUE
24,23,condition_manifests_as_symptom,High,Strong,FALSE
25,3,condition_manifests_as_symptom,High,Strong,TRUE
25,25,condition_manifests_as_symptom,High,Strong,FALSE
25,26,condition_manifests_as_symptom,High,Strong,FALSE
26,9,condition_manifests_as_symptom,High,Strong,TRUE
26,23,condition_manifests_as_symptom,High,Strong,FALSE
26,26,condition_manifests_as_symptom,High,Strong,FALSE
27,5,condition_manifests_as_symptom,High,Strong,TRUE
27,27,condition_manifests_as_symptom,High,Strong,FALSE
27,78,condition_manifests_as_symptom,Medium,Medium,FALSE
28,5,condition_manifests_as_symptom,High,Strong,TRUE
28,80,condition_manifests_as_symptom,High,Strong,FALSE
28,78,condition_manifests_as_symptom,Medium,Medium,FALSE
29,5,condition_manifests_as_symptom,High,Strong,TRUE
29,81,condition_manifests_as_symptom,High,Strong,FALSE
29,78,condition_manifests_as_symptom,Medium,Medium,FALSE
30,5,condition_manifests_as_symptom,High,Strong,TRUE
30,82,condition_manifests_as_symptom,High,Strong,FALSE
30,19,condition_manifests_as_symptom,Medium,Medium,FALSE
31,6,condition_manifests_as_symptom,High,Strong,TRUE
31,49,condition_manifests_as_symptom,High,Strong,FALSE
31,62,condition_manifests_as_symptom,High,Strong,FALSE
32,6,condition_manifests_as_symptom,High,Strong,TRUE
32,49,condition_manifests_as_symptom,High,Strong,FALSE
32,15,condition_manifests_as_symptom,High,Strong,FALSE
33,6,condition_manifests_as_symptom,High,Strong,TRUE
33,16,condition_manifests_as_symptom,High,Strong,FALSE
33,21,condition_manifests_as_symptom,High,Strong,FALSE
34,6,condition_manifests_as_symptom,High,Strong,TRUE
34,63,condition_manifests_as_symptom,High,Strong,FALSE
34,15,condition_manifests_as_symptom,High,Strong,FALSE
35,6,condition_manifests_as_symptom,High,Strong,TRUE
35,63,condition_manifests_as_symptom,High,Strong,FALSE
35,21,condition_manifests_as_symptom,High,Strong,FALSE
36,21,condition_manifests_as_symptom,High,Strong,TRUE
36,22,condition_manifests_as_symptom,High,Strong,FALSE
36,19,condition_manifests_as_symptom,Medium,Medium,FALSE
37,21,condition_manifests_as_symptom,High,Strong,TRUE
37,22,condition_manifests_as_symptom,High,Strong,FALSE
37,38,condition_manifests_as_symptom,Medium,Medium,FALSE
38,21,condition_manifests_as_symptom,High,Strong,TRUE
38,19,condition_manifests_as_symptom,High,Strong,FALSE
38,38,condition_manifests_as_symptom,Medium,Medium,FALSE
39,21,condition_manifests_as_symptom,High,Strong,TRUE
39,22,condition_manifests_as_symptom,High,Strong,FALSE
39,38,condition_manifests_as_symptom,Medium,Medium,FALSE
40,19,condition_manifests_as_symptom,High,Strong,TRUE
40,21,condition_manifests_as_symptom,High,Strong,FALSE
40,38,condition_manifests_as_symptom,Medium,Medium,FALSE
41,19,condition_manifests_as_symptom,High,Strong,TRUE
41,54,condition_manifests_as_symptom,High,Strong,FALSE
41,55,condition_manifests_as_symptom,Medium,Medium,FALSE
42,19,condition_manifests_as_symptom,High,Strong,TRUE
42,54,condition_manifests_as_symptom,High,Strong,FALSE
42,56,condition_manifests_as_symptom,Medium,Medium,FALSE
43,7,condition_manifests_as_symptom,High,Strong,TRUE
43,54,condition_manifests_as_symptom,High,Strong,FALSE
43,55,condition_manifests_as_symptom,Medium,Medium,FALSE
44,19,condition_manifests_as_symptom,High,Strong,TRUE
44,54,condition_manifests_as_symptom,High,Strong,FALSE
44,40,condition_manifests_as_symptom,Medium,Medium,FALSE
45,19,condition_manifests_as_symptom,High,Strong,TRUE
45,54,condition_manifests_as_symptom,High,Strong,FALSE
45,40,condition_manifests_as_symptom,Medium,Medium,FALSE
46,19,condition_manifests_as_symptom,High,Strong,TRUE
46,54,condition_manifests_as_symptom,High,Strong,FALSE
46,55,condition_manifests_as_symptom,Medium,Medium,FALSE
47,19,condition_manifests_as_symptom,High,Strong,TRUE
47,54,condition_manifests_as_symptom,High,Strong,FALSE
47,55,condition_manifests_as_symptom,Medium,Medium,FALSE
48,19,condition_manifests_as_symptom,High,Strong,TRUE
48,54,condition_manifests_as_symptom,High,Strong,FALSE
48,55,condition_manifests_as_symptom,Medium,Medium,FALSE
49,1,condition_manifests_as_symptom,High,Strong,TRUE
49,10,condition_manifests_as_symptom,High,Strong,FALSE
49,19,condition_manifests_as_symptom,Medium,Medium,FALSE
50,1,condition_manifests_as_symptom,High,Strong,TRUE
50,10,condition_manifests_as_symptom,High,Strong,FALSE
50,19,condition_manifests_as_symptom,Medium,Medium,FALSE
51,1,condition_manifests_as_symptom,High,Strong,TRUE
51,10,condition_manifests_as_symptom,High,Strong,FALSE
51,19,condition_manifests_as_symptom,Medium,Medium,FALSE
52,1,condition_manifests_as_symptom,High,Strong,TRUE
52,19,condition_manifests_as_symptom,High,Strong,FALSE
52,40,condition_manifests_as_symptom,Medium,Medium,FALSE
53,4,condition_manifests_as_symptom,High,Strong,TRUE
53,32,condition_manifests_as_symptom,High,Strong,FALSE
53,19,condition_manifests_as_symptom,Medium,Medium,FALSE
54,4,condition_manifests_as_symptom,High,Strong,TRUE
54,32,condition_manifests_as_symptom,High,Strong,FALSE
54,19,condition_manifests_as_symptom,Medium,Medium,FALSE
55,2,condition_manifests_as_symptom,High,Strong,TRUE
55,19,condition_manifests_as_symptom,High,Strong,FALSE
55,21,condition_manifests_as_symptom,Medium,Medium,FALSE
56,13,condition_manifests_as_symptom,High,Strong,TRUE
56,1,condition_manifests_as_symptom,High,Strong,FALSE
56,19,condition_manifests_as_symptom,Medium,Medium,FALSE
57,13,condition_manifests_as_symptom,High,Strong,TRUE
57,1,condition_manifests_as_symptom,High,Strong,FALSE
57,19,condition_manifests_as_symptom,Medium,Medium,FALSE
58,13,condition_manifests_as_symptom,High,Strong,TRUE
58,1,condition_manifests_as_symptom,High,Strong,FALSE
58,19,condition_manifests_as_symptom,Medium,Medium,FALSE
59,13,condition_manifests_as_symptom,High,Strong,TRUE
59,1,condition_manifests_as_symptom,High,Strong,FALSE
59,19,condition_manifests_as_symptom,Medium,Medium,FALSE
60,47,condition_manifests_as_symptom,High,Strong,TRUE
60,49,condition_manifests_as_symptom,High,Strong,FALSE
60,62,condition_manifests_as_symptom,High,Strong,FALSE
61,47,condition_manifests_as_symptom,High,Strong,TRUE
61,49,condition_manifests_as_symptom,High,Strong,FALSE
61,62,condition_manifests_as_symptom,High,Strong,FALSE
62,51,condition_manifests_as_symptom,High,Strong,TRUE
62,49,condition_manifests_as_symptom,High,Strong,FALSE
62,62,condition_manifests_as_symptom,High,Strong,FALSE
63,29,condition_manifests_as_symptom,High,Strong,TRUE
63,30,condition_manifests_as_symptom,High,Strong,FALSE
63,16,condition_manifests_as_symptom,Medium,Medium,FALSE
64,31,condition_manifests_as_symptom,High,Strong,TRUE
64,1,condition_manifests_as_symptom,Medium,Medium,FALSE
64,19,condition_manifests_as_symptom,Low,Low,FALSE
65,31,condition_manifests_as_symptom,High,Strong,TRUE
65,1,condition_manifests_as_symptom,Medium,Medium,FALSE
65,19,condition_manifests_as_symptom,Low,Low,FALSE
66,114,condition_manifests_as_symptom,High,Strong,TRUE
66,115,condition_manifests_as_symptom,High,Strong,FALSE
66,116,condition_manifests_as_symptom,Medium,Medium,FALSE
67,124,condition_manifests_as_symptom,High,Strong,TRUE
67,125,condition_manifests_as_symptom,High,Strong,FALSE
67,126,condition_manifests_as_symptom,Medium,Medium,FALSE
68,124,condition_manifests_as_symptom,High,Strong,TRUE
68,125,condition_manifests_as_symptom,High,Strong,FALSE
68,127,condition_manifests_as_symptom,Medium,Medium,FALSE
69,128,condition_manifests_as_symptom,High,Strong,TRUE
69,129,condition_manifests_as_symptom,High,Strong,FALSE
69,130,condition_manifests_as_symptom,Medium,Medium,FALSE
70,131,condition_manifests_as_symptom,High,Strong,TRUE
70,132,condition_manifests_as_symptom,High,Strong,FALSE
70,133,condition_manifests_as_symptom,Medium,Medium,FALSE
71,134,condition_manifests_as_symptom,High,Strong,TRUE
71,135,condition_manifests_as_symptom,High,Strong,FALSE
71,136,condition_manifests_as_symptom,Medium,Medium,FALSE
72,124,condition_manifests_as_symptom,High,Strong,TRUE
72,137,condition_manifests_as_symptom,High,Strong,FALSE
72,138,condition_manifests_as_symptom,Medium,Medium,FALSE
73,139,condition_manifests_as_symptom,High,Strong,TRUE
73,129,condition_manifests_as_symptom,High,Strong,FALSE
73,130,condition_manifests_as_symptom,Medium,Medium,FALSE
74,142,condition_manifests_as_symptom,High,Strong,TRUE
74,143,condition_manifests_as_symptom,High,Strong,FALSE
74,144,condition_manifests_as_symptom,Medium,Medium,FALSE
75,141,condition_manifests_as_symptom,High,Strong,TRUE
75,145,condition_manifests_as_symptom,High,Strong,FALSE
75,146,condition_manifests_as_symptom,Medium,Medium,FALSE
76,27,condition_manifests_as_symptom,High,Strong,TRUE
76,28,condition_manifests_as_symptom,High,Strong,FALSE
76,16,condition_manifests_as_symptom,Medium,Medium,FALSE
77,27,condition_manifests_as_symptom,High,Strong,TRUE
77,28,condition_manifests_as_symptom,High,Strong,FALSE
77,16,condition_manifests_as_symptom,Medium,Medium,FALSE
78,27,condition_manifests_as_symptom,High,Strong,TRUE
78,28,condition_manifests_as_symptom,High,Strong,FALSE
78,16,condition_manifests_as_symptom,Medium,Medium,FALSE
79,27,condition_manifests_as_symptom,High,Strong,TRUE
79,28,condition_manifests_as_symptom,High,Strong,FALSE
79,16,condition_manifests_as_symptom,Medium,Medium,FALSE
80,27,condition_manifests_as_symptom,High,Strong,TRUE
80,28,condition_manifests_as_symptom,High,Strong,FALSE
80,16,condition_manifests_as_symptom,Medium,Medium,FALSE
81,23,condition_manifests_as_symptom,High,Strong,TRUE
81,24,condition_manifests_as_symptom,High,Strong,FALSE
81,25,condition_manifests_as_symptom,Medium,Medium,FALSE
82,11,condition_manifests_as_symptom,High,Strong,TRUE
82,23,condition_manifests_as_symptom,High,Strong,FALSE
82,25,condition_manifests_as_symptom,Medium,Medium,FALSE
83,11,condition_manifests_as_symptom,High,Strong,TRUE
83,23,condition_manifests_as_symptom,High,Strong,FALSE
83,25,condition_manifests_as_symptom,Medium,Medium,FALSE
84,11,condition_manifests_as_symptom,High,Strong,TRUE
84,23,condition_manifests_as_symptom,High,Strong,FALSE
84,25,condition_manifests_as_symptom,Medium,Medium,FALSE
85,11,condition_manifests_as_symptom,High,Strong,TRUE
85,23,condition_manifests_as_symptom,High,Strong,FALSE
85,25,condition_manifests_as_symptom,Medium,Medium,FALSE
86,11,condition_manifests_as_symptom,High,Strong,TRUE
86,23,condition_manifests_as_symptom,High,Strong,FALSE
86,25,condition_manifests_as_symptom,Medium,Medium,FALSE
87,27,condition_manifests_as_symptom,High,Strong,TRUE
87,28,condition_manifests_as_symptom,High,Strong,FALSE
87,16,condition_manifests_as_symptom,Medium,Medium,FALSE
88,27,condition_manifests_as_symptom,High,Strong,TRUE
88,28,condition_manifests_as_symptom,High,Strong,FALSE
88,16,condition_manifests_as_symptom,Medium,Medium,FALSE
89,27,condition_manifests_as_symptom,High,Strong,TRUE
89,28,condition_manifests_as_symptom,High,Strong,FALSE
89,16,condition_manifests_as_symptom,Medium,Medium,FALSE
90,27,condition_manifests_as_symptom,Medium,Medium,TRUE
90,28,condition_manifests_as_symptom,Medium,Medium,FALSE
90,16,condition_manifests_as_symptom,Low,Low,FALSE
91,27,condition_manifests_as_symptom,High,Strong,TRUE
91,28,condition_manifests_as_symptom,High,Strong,FALSE
91,16,condition_manifests_as_symptom,Medium,Medium,FALSE
92,27,condition_manifests_as_symptom,High,Strong,TRUE
92,28,condition_manifests_as_symptom,High,Strong,FALSE
92,16,condition_manifests_as_symptom,Medium,Medium,FALSE
93,27,condition_manifests_as_symptom,High,Strong,TRUE
93,28,condition_manifests_as_symptom,High,Strong,FALSE
93,16,condition_manifests_as_symptom,Medium,Medium,FALSE
94,27,condition_manifests_as_symptom,High,Strong,TRUE
94,28,condition_manifests_as_symptom,High,Strong,FALSE
94,16,condition_manifests_as_symptom,Medium,Medium,FALSE
95,27,condition_manifests_as_symptom,High,Strong,TRUE
95,28,condition_manifests_as_symptom,High,Strong,FALSE
95,16,condition_manifests_as_symptom,Medium,Medium,FALSE
96,27,condition_manifests_as_symptom,High,Strong,TRUE
96,28,condition_manifests_as_symptom,High,Strong,FALSE
96,16,condition_manifests_as_symptom,Medium,Medium,FALSE
97,21,condition_manifests_as_symptom,High,Strong,TRUE
97,22,condition_manifests_as_symptom,High,Strong,FALSE
97,38,condition_manifests_as_symptom,Medium,Medium,FALSE
98,21,condition_manifests_as_symptom,High,Strong,TRUE
98,22,condition_manifests_as_symptom,High,Strong,FALSE
98,38,condition_manifests_as_symptom,Medium,Medium,FALSE
99,21,condition_manifests_as_symptom,High,Strong,TRUE
99,22,condition_manifests_as_symptom,High,Strong,FALSE
99,38,condition_manifests_as_symptom,Medium,Medium,FALSE
100,27,condition_manifests_as_symptom,High,Strong,TRUE
100,28,condition_manifests_as_symptom,High,Strong,FALSE
100,16,condition_manifests_as_symptom,Medium,Medium,FALSE
1,4,condition_manifests_as_symptom,High,Low,FALSE
1,5,condition_manifests_as_symptom,High,Low,FALSE
1,7,condition_manifests_as_symptom,Low,Low,FALSE
1,9,condition_manifests_as_symptom,Medium,Strong,FALSE
1,11,condition_manifests_as_symptom,High,Low,TRUE
1,14,condition_manifests_as_symptom,Medium,Low,TRUE
1,17,condition_manifests_as_symptom,High,Medium,TRUE
1,20,condition_manifests_as_symptom,High,Strong,TRUE
1,22,condition_manifests_as_symptom,High,Medium,TRUE
1,24,condition_manifests_as_symptom,Low,Strong,FALSE
1,25,condition_manifests_as_symptom,Medium,Low,FALSE
1,27,condition_manifests_as_symptom,High,Low,FALSE
1,32,condition_manifests_as_symptom,Low,Medium,TRUE
1,33,condition_manifests_as_symptom,Medium,Low,TRUE
1,34,condition_manifests_as_symptom,High,Strong,FALSE
1,35,condition_manifests_as_symptom,Medium,Low,FALSE
1,36,condition_manifests_as_symptom,Low,Low,TRUE
1,39,condition_manifests_as_symptom,Low,Low,TRUE
1,40,condition_manifests_as_symptom,Low,Strong,TRUE
1,41,condition_manifests_as_symptom,Low,Strong,TRUE
1,43,condition_manifests_as_symptom,High,Strong,TRUE
1,46,condition_manifests_as_symptom,High,Low,TRUE
1,51,condition_manifests_as_symptom,Medium,Low,TRUE
1,52,condition_manifests_as_symptom,Medium,Low,FALSE
1,53,condition_manifests_as_symptom,Medium,Medium,TRUE
1,58,condition_manifests_as_symptom,High,Strong,TRUE
1,61,condition_manifests_as_symptom,High,Medium,FALSE
1,63,condition_manifests_as_symptom,High,Low,TRUE
1,64,condition_manifests_as_symptom,Medium,Medium,TRUE
1,65,condition_manifests_as_symptom,High,Medium,TRUE
1,66,condition_manifests_as_symptom,High,Strong,TRUE
1,71,condition_manifests_as_symptom,Low,Medium,TRUE
1,72,condition_manifests_as_symptom,Low,Strong,TRUE
1,74,condition_manifests_as_symptom,High,Medium,FALSE
1,76,condition_manifests_as_symptom,Medium,Strong,TRUE
1,77,condition_manifests_as_symptom,High,Low,FALSE
1,79,condition_manifests_as_symptom,Low,Low,TRUE
1,80,condition_manifests_as_symptom,Medium,Medium,TRUE
1,81,condition_manifests_as_symptom,Medium,Medium,FALSE
1,82,condition_manifests_as_symptom,Low,Medium,TRUE
1,83,condition_manifests_as_symptom,Low,Medium,TRUE
1,84,condition_manifests_as_symptom,Medium,Strong,TRUE
1,86,condition_manifests_as_symptom,Medium,Medium,TRUE
1,87,condition_manifests_as_symptom,Medium,Strong,TRUE
1,91,condition_manifests_as_symptom,Low,Strong,FALSE
1,94,condition_manifests_as_symptom,High,Medium,TRUE
1,98,condition_manifests_as_symptom,High,Strong,TRUE
1,100,condition_manifests_as_symptom,High,Low,FALSE
1,105,condition_manifests_as_symptom,Low,Medium,TRUE
1,106,condition_manifests_as_symptom,Low,Medium,FALSE
1,107,condition_manifests_as_symptom,Low,Low,TRUE
1,108,condition_manifests_as_symptom,Medium,Medium,FALSE
1,109,condition_manifests_as_symptom,Low,Low,TRUE
1,110,condition_manifests_as_symptom,High,Low,FALSE
1,111,condition_manifests_as_symptom,High,Medium,FALSE
1,112,condition_manifests_as_symptom,Low,Medium,FALSE
1,113,condition_manifests_as_symptom,High,Strong,TRUE
1,114,condition_manifests_as_symptom,Low,Medium,TRUE
1,115,condition_manifests_as_symptom,Medium,Strong,TRUE
1,116,condition_manifests_as_symptom,Low,Medium,FALSE
1,117,condition_manifests_as_symptom,Low,Medium,TRUE
1,118,condition_manifests_as_symptom,Medium,Strong,TRUE
1,119,condition_manifests_as_symptom,Medium,Strong,TRUE
1,120,condition_manifests_as_symptom,Low,Medium,TRUE
1,121,condition_manifests_as_symptom,High,Strong,FALSE
1,122,condition_manifests_as_symptom,High,Low,TRUE
1,123,condition_manifests_as_symptom,Medium,Medium,TRUE
1,124,condition_manifests_as_symptom,Low,Strong,TRUE
1,126,condition_manifests_as_symptom,Low,Strong,TRUE
1,127,condition_manifests_as_symptom,Medium,Low,FALSE
1,128,condition_manifests_as_symptom,Medium,Medium,FALSE
1,129,condition_manifests_as_symptom,Medium,Strong,FALSE
1,130,condition_manifests_as_symptom,Low,Medium,TRUE
1,132,condition_manifests_as_symptom,Medium,Low,TRUE
1,135,condition_manifests_as_symptom,Medium,Strong,TRUE
1,136,condition_manifests_as_symptom,Low,Medium,FALSE
1,138,condition_manifests_as_symptom,Low,Strong,TRUE
1,139,condition_manifests_as_symptom,Low,Low,TRUE
1,141,condition_manifests_as_symptom,Medium,Strong,TRUE
1,142,condition_manifests_as_symptom,Medium,Strong,TRUE
1,143,condition_manifests_as_symptom,Medium,Medium,TRUE
1,144,condition_manifests_as_symptom,Medium,Medium,TRUE
1,145,condition_manifests_as_symptom,High,Low,TRUE
1,146,condition_manifests_as_symptom,Medium,Strong,TRUE
1,147,condition_manifests_as_symptom,Medium,Strong,TRUE
1,148,condition_manifests_as_symptom,High,Medium,FALSE
1,151,condition_manifests_as_symptom,Medium,Strong,FALSE
1,152,condition_manifests_as_symptom,High,Strong,FALSE
1,153,condition_manifests_as_symptom,Medium,Low,TRUE
1,154,condition_manifests_as_symptom,High,Strong,TRUE
1,156,condition_manifests_as_symptom,Medium,Medium,FALSE
1,157,condition_manifests_as_symptom,Medium,Medium,TRUE
1,158,condition_manifests_as_symptom,High,Strong,TRUE
1,159,condition_manifests_as_symptom,Medium,Medium,TRUE
1,160,condition_manifests_as_symptom,Low,Strong,TRUE
1,161,condition_manifests_as_symptom,Medium,Medium,TRUE
1,164,condition_manifests_as_symptom,Low,Strong,FALSE
1,165,condition_manifests_as_symptom,High,Low,TRUE
1,167,condition_manifests_as_symptom,Low,Low,TRUE
1,168,condition_manifests_as_symptom,Low,Strong,FALSE
1,169,condition_manifests_as_symptom,Medium,Medium,TRUE
1,170,condition_manifests_as_symptom,Medium,Medium,TRUE
1,171,condition_manifests_as_symptom,Low,Strong,TRUE
1,172,condition_manifests_as_symptom,High,Medium,FALSE
1,173,condition_manifests_as_symptom,Medium,Medium,FALSE
1,174,condition_manifests_as_symptom,High,Strong,TRUE
1,175,condition_manifests_as_symptom,Low,Medium,TRUE
1,178,condition_manifests_as_symptom,High,Strong,TRUE
1,179,condition_manifests_as_symptom,Medium,Low,FALSE
1,180,condition_manifests_as_symptom,High,Medium,TRUE
1,182,condition_manifests_as_symptom,Low,Medium,TRUE
1,183,condition_manifests_as_symptom,Low,Strong,TRUE
1,184,condition_manifests_as_symptom,Medium,Strong,TRUE
1,185,condition_manifests_as_symptom,Low,Strong,TRUE
1,186,condition_manifests_as_symptom,Medium,Strong,TRUE
1,187,condition_manifests_as_symptom,Medium,Medium,TRUE
1,188,condition_manifests_as_symptom,Low,Medium,TRUE
1,189,condition_manifests_as_symptom,Low,Strong,TRUE
1,190,condition_manifests_as_symptom,Low,Strong,TRUE
1,191,condition_manifests_as_symptom,Low,Medium,TRUE
1,192,condition_manifests_as_symptom,Medium,Strong,FALSE
1,197,condition_manifests_as_symptom,Low,Low,FALSE
1,198,condition_manifests_as_symptom,Medium,Low,FALSE
1,199,condition_manifests_as_symptom,Medium,Strong,TRUE
1,200,condition_manifests_as_symptom,Medium,Strong,TRUE
1,201,condition_manifests_as_symptom,High,Medium,TRUE
1,204,condition_manifests_as_symptom,Medium,Medium,TRUE
1,207,condition_manifests_as_symptom,High,Medium,TRUE
1,210,condition_manifests_as_symptom,Medium,Medium,FALSE
1,211,condition_manifests_as_symptom,High,Low,TRUE
1,213,condition_manifests_as_symptom,Medium,Low,TRUE
1,214,condition_manifests_as_symptom,High,Medium,TRUE
1,217,condition_manifests_as_symptom,Medium,Low,FALSE
1,219,condition_manifests_as_symptom,High,Medium,TRUE
1,220,condition_manifests_as_symptom,Medium,Low,TRUE
1,222,condition_manifests_as_symptom,High,Medium,TRUE
1,227,condition_manifests_as_symptom,Medium,Low,FALSE
1,229,condition_manifests_as_symptom,Medium,Low,FALSE
1,232,condition_manifests_as_symptom,High,Medium,TRUE
1,233,condition_manifests_as_symptom,Medium,Low,TRUE
1,234,condition_manifests_as_symptom,High,Medium,TRUE
1,235,condition_manifests_as_symptom,Medium,Strong,FALSE
1,236,condition_manifests_as_symptom,High,Strong,TRUE
1,239,condition_manifests_as_symptom,Medium,Low,TRUE
1,240,condition_manifests_as_symptom,Medium,Medium,TRUE
1,241,condition_manifests_as_symptom,Medium,Low,TRUE
1,243,condition_manifests_as_symptom,Medium,Low,TRUE
1,246,condition_manifests_as_symptom,Low,Strong,TRUE
1,251,condition_manifests_as_symptom,High,Low,TRUE
1,252,condition_manifests_as_symptom,Low,Strong,TRUE
1,253,condition_manifests_as_symptom,Low,Strong,TRUE
1,255,condition_manifests_as_symptom,High,Low,FALSE
1,258,condition_manifests_as_symptom,High,Low,TRUE
1,259,condition_manifests_as_symptom,High,Strong,FALSE
1,263,condition_manifests_as_symptom,Low,Medium,TRUE
1,264,condition_manifests_as_symptom,Low,Low,TRUE
1,265,condition_manifests_as_symptom,High,Low,TRUE
1,266,condition_manifests_as_symptom,Medium,Low,TRUE
1,271,condition_manifests_as_symptom,Low,Low,TRUE
1,272,condition_manifests_as_symptom,High,Strong,FALSE
1,276,condition_manifests_as_symptom,Low,Low,TRUE
1,278,condition_manifests_as_symptom,Low,Strong,FALSE
1,279,condition_manifests_as_symptom,High,Medium,TRUE
1,280,condition_manifests_as_symptom,Medium,Medium,FALSE
1,282,condition_manifests_as_symptom,Medium,Strong,TRUE
1,283,condition_manifests_as_symptom,High,Strong,TRUE
1,284,condition_manifests_as_symptom,High,Strong,FALSE
1,286,condition_manifests_as_symptom,High,Low,TRUE
1,287,condition_manifests_as_symptom,Medium,Strong,TRUE
1,291,condition_manifests_as_symptom,High,Medium,TRUE
1,292,condition_manifests_as_symptom,Low,Medium,FALSE
1,294,condition_manifests_as_symptom,High,Low,TRUE
1,297,condition_manifests_as_symptom,Low,Medium,FALSE
1,298,condition_manifests_as_symptom,Low,Medium,FALSE
1,300,condition_manifests_as_symptom,Low,Medium,TRUE
1,305,condition_manifests_as_symptom,Medium,Medium,TRUE
1,306,condition_manifests_as_symptom,High,Medium,TRUE
1,307,condition_manifests_as_symptom,High,Low,TRUE
1,308,condition_manifests_as_symptom,Low,Strong,TRUE
1,309,condition_manifests_as_symptom,Low,Medium,TRUE
1,310,condition_manifests_as_symptom,High,Medium,TRUE
1,311,condition_manifests_as_symptom,High,Low,TRUE
1,312,condition_manifests_as_symptom,Medium,Medium,TRUE
1,313,condition_manifests_as_symptom,High,Medium,FALSE
1,314,condition_manifests_as_symptom,High,Low,FALSE
1,315,condition_manifests_as_symptom,Medium,Medium,TRUE
1,316,condition_manifests_as_symptom,Low,Low,TRUE
1,317,condition_manifests_as_symptom,High,Medium,FALSE
1,318,condition_manifests_as_symptom,Low,Medium,TRUE
1,319,condition_manifests_as_symptom,High,Strong,TRUE
1,320,condition_manifests_as_symptom,High,Medium,TRUE
1,321,condition_manifests_as_symptom,Low,Medium,TRUE
1,322,condition_manifests_as_symptom,High,Strong,TRUE
1,323,condition_manifests_as_symptom,Medium,Medium,TRUE
1,324,condition_manifests_as_symptom,Medium,Strong,FALSE
1,326,condition_manifests_as_symptom,Low,Medium,TRUE
1,327,condition_manifests_as_symptom,Low,Strong,TRUE
1,328,condition_manifests_as_symptom,Medium,Low,TRUE
1,329,condition_manifests_as_symptom,Low,Low,TRUE
1,330,condition_manifests_as_symptom,High,Low,TRUE
1,332,condition_manifests_as_symptom,Medium,Strong,TRUE
1,335,condition_manifests_as_symptom,High,Low,TRUE
1,337,condition_manifests_as_symptom,High,Low,FALSE
1,338,condition_manifests_as_symptom,Medium,Strong,FALSE
1,339,condition_manifests_as_symptom,High,Strong,TRUE
1,341,condition_manifests_as_symptom,Low,Low,TRUE
1,342,condition_manifests_as_symptom,High,Low,TRUE
1,343,condition_manifests_as_symptom,High,Low,TRUE
1,344,condition_manifests_as_symptom,High,Low,TRUE
1,345,condition_manifests_as_symptom,High,Medium,FALSE
1,346,condition_manifests_as_symptom,High,Medium,TRUE
1,347,condition_manifests_as_symptom,Low,Strong,FALSE
1,348,condition_manifests_as_symptom,Low,Low,TRUE
1,349,condition_manifests_as_symptom,Low,Low,FALSE
1,18,condition_manifests_as_symptom,Low,Medium,FALSE
1,37,condition_manifests_as_symptom,Medium,Strong,FALSE
1,47,condition_manifests_as_symptom,Medium,Strong,FALSE
1,69,condition_manifests_as_symptom,Low,Medium,FALSE
1,70,condition_manifests_as_symptom,High,Medium,FALSE
1,88,condition_manifests_as_symptom,Medium,Medium,FALSE
1,102,condition_manifests_as_symptom,Medium,Strong,FALSE
1,209,condition_manifests_as_symptom,Medium,Low,FALSE
1,223,condition_manifests_as_symptom,High,Low,FALSE
1,248,condition_manifests_as_symptom,Low,Low,FALSE
1,260,condition_manifests_as_symptom,High,Medium,FALSE
1,273,condition_manifests_as_symptom,High,Medium,FALSE
1,281,condition_manifests_as_symptom,Low,Strong,FALSE
1,285,condition_manifests_as_symptom,High,Medium,FALSE
1,331,condition_manifests_as_symptom,Low,Strong,FALSE
1,26,condition_manifests_as_symptom,Low,Strong,FALSE
1,31,condition_manifests_as_symptom,High,Low,FALSE
1,44,condition_manifests_as_symptom,Medium,Low,FALSE
1,56,condition_manifests_as_symptom,Low,Strong,FALSE
1,57,condition_manifests_as_symptom,High,Low,FALSE
1,67,condition_manifests_as_symptom,Medium,Strong,FALSE
1,75,condition_manifests_as_symptom,High,Medium,FALSE
1,137,condition_manifests_as_symptom,Medium,Medium,FALSE
1,196,condition_manifests_as_symptom,Medium,Low,FALSE
1,202,condition_manifests_as_symptom,High,Strong,FALSE
1,205,condition_manifests_as_symptom,Low,Strong,FALSE
1,208,condition_manifests_as_symptom,Medium,Low,FALSE
1,226,condition_manifests_as_symptom,Medium,Low,FALSE
1,254,condition_manifests_as_symptom,Low,Strong,FALSE
1,261,condition_manifests_as_symptom,Low,Low,FALSE
1,275,condition_manifests_as_symptom,High,Medium,FALSE
1,290,condition_manifests_as_symptom,Medium,Medium,FALSE
1,333,condition_manifests_as_symptom,High,Medium,FALSE
1,336,condition_manifests_as_symptom,Medium,Strong,FALSE
1,2,condition_manifests_as_symptom,Low,Low,FALSE
1,6,condition_manifests_as_symptom,Low,Low,FALSE
1,15,condition_manifests_as_symptom,Low,Strong,FALSE
1,50,condition_manifests_as_symptom,Low,Low,FALSE
1,89,condition_manifests_as_symptom,Low,Medium,FALSE
1,90,condition_manifests_as_symptom,Medium,Strong,FALSE
1,95,condition_manifests_as_symptom,Medium,Low,FALSE
1,96,condition_manifests_as_symptom,Low,Low,FALSE
1,133,condition_manifests_as_symptom,Medium,Medium,FALSE
1,163,condition_manifests_as_symptom,Medium,Strong,FALSE
1,177,condition_manifests_as_symptom,High,Low,FALSE
1,193,condition_manifests_as_symptom,High,Low,FALSE
1,244,condition_manifests_as_symptom,High,Low,FALSE
1,257,condition_manifests_as_symptom,High,Low,FALSE
1,269,condition_manifests_as_symptom,Medium,Medium,FALSE
5,1,condition_manifests_as_symptom,High,Medium,TRUE
5,4,condition_manifests_as_symptom,High,Medium,FALSE
5,7,condition_manifests_as_symptom,High,Low,TRUE
5,8,condition_manifests_as_symptom,Low,Medium,FALSE
5,10,condition_manifests_as_symptom,Low,Strong,TRUE
5,11,condition_manifests_as_symptom,Low,Medium,TRUE
5,13,condition_manifests_as_symptom,Low,Strong,FALSE
5,14,condition_manifests_as_symptom,High,Low,FALSE
5,17,condition_manifests_as_symptom,Low,Strong,TRUE
5,19,condition_manifests_as_symptom,Low,Strong,TRUE
5,20,condition_manifests_as_symptom,High,Low,TRUE
5,22,condition_manifests_as_symptom,Low,Strong,TRUE
5,25,condition_manifests_as_symptom,Low,Strong,FALSE
5,32,condition_manifests_as_symptom,High,Medium,TRUE
5,33,condition_manifests_as_symptom,Medium,Low,TRUE
5,34,condition_manifests_as_symptom,Medium,Medium,TRUE
5,35,condition_manifests_as_symptom,High,Medium,TRUE
5,36,condition_manifests_as_symptom,Medium,Medium,FALSE
5,38,condition_manifests_as_symptom,Medium,Strong,FALSE
5,39,condition_manifests_as_symptom,High,Strong,TRUE
5,40,condition_manifests_as_symptom,High,Strong,TRUE
5,41,condition_manifests_as_symptom,Low,Low,TRUE
5,42,condition_manifests_as_symptom,Medium,Low,FALSE
5,43,condition_manifests_as_symptom,Low,Medium,TRUE
5,46,condition_manifests_as_symptom,Low,Low,TRUE
5,47,condition_manifests_as_symptom,Medium,Low,FALSE
5,49,condition_manifests_as_symptom,High,Strong,FALSE
5,51,condition_manifests_as_symptom,Low,Low,TRUE
5,52,condition_manifests_as_symptom,High,Medium,TRUE
5,53,condition_manifests_as_symptom,Low,Strong,FALSE
5,55,condition_manifests_as_symptom,High,Strong,FALSE
5,58,condition_manifests_as_symptom,Medium,Low,TRUE
5,63,condition_manifests_as_symptom,High,Medium,TRUE
5,64,condition_manifests_as_symptom,Low,Medium,TRUE
5,65,condition_manifests_as_symptom,Medium,Low,TRUE
5,66,condition_manifests_as_symptom,Medium,Strong,FALSE
5,71,condition_manifests_as_symptom,High,Low,FALSE
5,72,condition_manifests_as_symptom,High,Strong,TRUE
5,76,condition_manifests_as_symptom,Medium,Strong,TRUE
5,80,condition_manifests_as_symptom,High,Low,TRUE
5,82,condition_manifests_as_symptom,High,Strong,TRUE
5,83,condition_manifests_as_symptom,Medium,Strong,TRUE
5,84,condition_manifests_as_symptom,Medium,Strong,TRUE
5,86,condition_manifests_as_symptom,Low,Low,FALSE
5,87,condition_manifests_as_symptom,Medium,Low,TRUE
5,91,condition_manifests_as_symptom,High,Medium,TRUE
5,94,condition_manifests_as_symptom,High,Strong,TRUE
5,98,condition_manifests_as_symptom,Low,Strong,FALSE
5,100,condition_manifests_as_symptom,Low,Medium,TRUE
5,105,condition_manifests_as_symptom,Low,Medium,TRUE
5,106,condition_manifests_as_symptom,Medium,Medium,TRUE
5,107,condition_manifests_as_symptom,High,Low,TRUE
5,108,condition_manifests_as_symptom,High,Strong,TRUE
5,109,condition_manifests_as_symptom,High,Low,TRUE
5,110,condition_manifests_as_symptom,Low,Low,TRUE
5,111,condition_manifests_as_symptom,Medium,Low,TRUE
5,112,condition_manifests_as_symptom,Medium,Low,TRUE
5,113,condition_manifests_as_symptom,Medium,Medium,TRUE
5,114,condition_manifests_as_symptom,Medium,Medium,TRUE
5,115,condition_manifests_as_symptom,Low,Medium,TRUE
5,116,condition_manifests_as_symptom,Low,Medium,TRUE
5,117,condition_manifests_as_symptom,High,Medium,TRUE
5,118,condition_manifests_as_symptom,Low,Low,TRUE
5,119,condition_manifests_as_symptom,High,Strong,TRUE
5,120,condition_manifests_as_symptom,Medium,Medium,TRUE
5,121,condition_manifests_as_symptom,Low,Medium,TRUE
5,122,condition_manifests_as_symptom,Medium,Medium,TRUE
5,123,condition_manifests_as_symptom,High,Low,TRUE
5,124,condition_manifests_as_symptom,Medium,Low,TRUE
5,125,condition_manifests_as_symptom,Medium,Medium,FALSE
5,126,condition_manifests_as_symptom,High,Medium,TRUE
5,127,condition_manifests_as_symptom,Medium,Low,TRUE
5,128,condition_manifests_as_symptom,High,Medium,TRUE
5,129,condition_manifests_as_symptom,Medium,Medium,TRUE
5,130,condition_manifests_as_symptom,Low,Medium,FALSE
5,132,condition_manifests_as_symptom,Medium,Strong,TRUE
5,135,condition_manifests_as_symptom,High,Low,TRUE
5,138,condition_manifests_as_symptom,Low,Strong,TRUE
5,139,condition_manifests_as_symptom,High,Medium,TRUE
5,140,condition_manifests_as_symptom,Medium,Strong,FALSE
5,141,condition_manifests_as_symptom,Medium,Medium,FALSE
5,142,condition_manifests_as_symptom,Medium,Low,TRUE
5,143,condition_manifests_as_symptom,High,Medium,TRUE
5,144,condition_manifests_as_symptom,Low,Medium,TRUE
5,145,condition_manifests_as_symptom,Medium,Low,TRUE
5,146,condition_manifests_as_symptom,Low,Strong,TRUE
5,147,condition_manifests_as_symptom,Low,Medium,TRUE
5,148,condition_manifests_as_symptom,High,Low,TRUE
5,151,condition_manifests_as_symptom,Low,Low,FALSE
5,153,condition_manifests_as_symptom,Low,Strong,TRUE
5,154,condition_manifests_as_symptom,Medium,Medium,TRUE
5,156,condition_manifests_as_symptom,Low,Medium,FALSE
5,157,condition_manifests_as_symptom,High,Strong,TRUE
5,158,condition_manifests_as_symptom,High,Medium,TRUE
5,159,condition_manifests_as_symptom,High,Medium,TRUE
5,160,condition_manifests_as_symptom,Medium,Medium,TRUE
5,161,condition_manifests_as_symptom,Low,Medium,TRUE
5,162,condition_manifests_as_symptom,High,Low,FALSE
5,164,condition_manifests_as_symptom,High,Low,TRUE
5,165,condition_manifests_as_symptom,High,Low,FALSE
5,167,condition_manifests_as_symptom,High,Strong,TRUE
5,168,condition_manifests_as_symptom,Medium,Low,TRUE
5,169,condition_manifests_as_symptom,High,Low,TRUE
5,170,condition_manifests_as_symptom,High,Strong,TRUE
5,171,condition_manifests_as_symptom,High,Low,TRUE
5,172,condition_manifests_as_symptom,High,Low,TRUE
5,173,condition_manifests_as_symptom,Medium,Medium,TRUE
5,174,condition_manifests_as_symptom,Low,Low,FALSE
5,175,condition_manifests_as_symptom,Medium,Strong,TRUE
5,178,condition_manifests_as_symptom,High,Low,FALSE
5,179,condition_manifests_as_symptom,Medium,Low,TRUE
5,180,condition_manifests_as_symptom,Medium,Strong,TRUE
5,182,condition_manifests_as_symptom,Low,Strong,TRUE
5,183,condition_manifests_as_symptom,Medium,Strong,TRUE
5,184,condition_manifests_as_symptom,Low,Medium,TRUE
5,185,condition_manifests_as_symptom,Medium,Medium,TRUE
5,186,condition_manifests_as_symptom,High,Medium,TRUE
5,187,condition_manifests_as_symptom,High,Strong,TRUE
5,188,condition_manifests_as_symptom,Low,Strong,TRUE
5,189,condition_manifests_as_symptom,High,Medium,TRUE
5,190,condition_manifests_as_symptom,High,Low,TRUE
5,191,condition_manifests_as_symptom,Medium,Strong,FALSE
5,192,condition_manifests_as_symptom,Low,Strong,FALSE
5,197,condition_manifests_as_symptom,Low,Low,FALSE
5,198,condition_manifests_as_symptom,Medium,Strong,FALSE
5,199,condition_manifests_as_symptom,Low,Low,TRUE
5,200,condition_manifests_as_symptom,High,Strong,TRUE
5,201,condition_manifests_as_symptom,Medium,Medium,TRUE
5,204,condition_manifests_as_symptom,Low,Low,TRUE
5,207,condition_manifests_as_symptom,Medium,Medium,FALSE
5,210,condition_manifests_as_symptom,Medium,Strong,TRUE
5,211,condition_manifests_as_symptom,Medium,Medium,TRUE
5,213,condition_manifests_as_symptom,Low,Strong,FALSE
5,214,condition_manifests_as_symptom,High,Low,TRUE
5,215,condition_manifests_as_symptom,Low,Strong,FALSE
5,216,condition_manifests_as_symptom,Medium,Medium,FALSE
5,217,condition_manifests_as_symptom,Medium,Low,TRUE
5,219,condition_manifests_as_symptom,Medium,Low,TRUE
5,220,condition_manifests_as_symptom,Low,Strong,TRUE
5,222,condition_manifests_as_symptom,Low,Medium,FALSE
5,232,condition_manifests_as_symptom,Medium,Low,TRUE
5,233,condition_manifests_as_symptom,High,Low,TRUE
5,234,condition_manifests_as_symptom,Medium,Medium,FALSE
5,235,condition_manifests_as_symptom,High,Low,TRUE
5,236,condition_manifests_as_symptom,Low,Low,TRUE
5,239,condition_manifests_as_symptom,Medium,Medium,TRUE
5,240,condition_manifests_as_symptom,High,Medium,TRUE
5,241,condition_manifests_as_symptom,Low,Strong,TRUE
5,243,condition_manifests_as_symptom,Medium,Low,TRUE
5,246,condition_manifests_as_symptom,Medium,Low,TRUE
5,251,condition_manifests_as_symptom,High,Strong,FALSE
5,252,condition_manifests_as_symptom,High,Low,TRUE
5,253,condition_manifests_as_symptom,Medium,Strong,TRUE
5,258,condition_manifests_as_symptom,Medium,Medium,FALSE
5,263,condition_manifests_as_symptom,Medium,Low,TRUE
5,264,condition_manifests_as_symptom,Medium,Low,TRUE
5,265,condition_manifests_as_symptom,Medium,Strong,TRUE
5,266,condition_manifests_as_symptom,Medium,Medium,TRUE
5,269,condition_manifests_as_symptom,Low,Medium,FALSE
5,271,condition_manifests_as_symptom,High,Strong,TRUE
5,272,condition_manifests_as_symptom,High,Medium,TRUE
5,274,condition_manifests_as_symptom,Medium,Medium,FALSE
5,276,condition_manifests_as_symptom,High,Low,TRUE
5,279,condition_manifests_as_symptom,High,Strong,TRUE
5,280,condition_manifests_as_symptom,High,Medium,TRUE
5,281,condition_manifests_as_symptom,Low,Low,FALSE
5,282,condition_manifests_as_symptom,Medium,Low,TRUE
5,283,condition_manifests_as_symptom,High,Medium,FALSE
5,284,condition_manifests_as_symptom,Low,Medium,TRUE
5,286,condition_manifests_as_symptom,Low,Low,TRUE
5,287,condition_manifests_as_symptom,Low,Strong,FALSE
5,291,condition_manifests_as_symptom,Medium,Low,TRUE
5,294,condition_manifests_as_symptom,Medium,Low,FALSE
5,298,condition_manifests_as_symptom,Medium,Strong,TRUE
5,300,condition_manifests_as_symptom,High,Medium,TRUE
5,305,condition_manifests_as_symptom,Medium,Medium,TRUE
5,306,condition_manifests_as_symptom,Low,Medium,TRUE
5,307,condition_manifests_as_symptom,Low,Strong,TRUE
5,308,condition_manifests_as_symptom,Low,Strong,TRUE
5,309,condition_manifests_as_symptom,Low,Strong,TRUE
5,310,condition_manifests_as_symptom,Low,Strong,FALSE
5,311,condition_manifests_as_symptom,Low,Medium,FALSE
5,312,condition_manifests_as_symptom,High,Medium,FALSE
5,313,condition_manifests_as_symptom,High,Medium,TRUE
5,314,condition_manifests_as_symptom,High,Strong,TRUE
5,315,condition_manifests_as_symptom,High,Medium,TRUE
5,316,condition_manifests_as_symptom,High,Medium,FALSE
5,317,condition_manifests_as_symptom,Low,Medium,TRUE
5,318,condition_manifests_as_symptom,Low,Low,TRUE
5,319,condition_manifests_as_symptom,Medium,Low,FALSE
5,320,condition_manifests_as_symptom,Low,Medium,TRUE
5,321,condition_manifests_as_symptom,Low,Low,FALSE
5,322,condition_manifests_as_symptom,Medium,Low,FALSE
5,323,condition_manifests_as_symptom,High,Low,TRUE
5,324,condition_manifests_as_symptom,High,Medium,TRUE
5,325,condition_manifests_as_symptom,High,Low,FALSE
5,326,condition_manifests_as_symptom,High,Strong,TRUE
5,327,condition_manifests_as_symptom,Low,Low,TRUE
5,328,condition_manifests_as_symptom,Low,Strong,FALSE
5,329,condition_manifests_as_symptom,Low,Medium,TRUE
5,330,condition_manifests_as_symptom,Medium,Low,TRUE
5,332,condition_manifests_as_symptom,High,Low,TRUE
5,335,condition_manifests_as_symptom,Low,Low,FALSE
5,338,condition_manifests_as_symptom,Medium,Low,TRUE
5,339,condition_manifests_as_symptom,Low,Low,TRUE
5,341,condition_manifests_as_symptom,Low,Low,TRUE
5,342,condition_manifests_as_symptom,Medium,Low,FALSE
5,343,condition_manifests_as_symptom,Low,Medium,TRUE
5,344,condition_manifests_as_symptom,Low,Strong,TRUE
5,345,condition_manifests_as_symptom,High,Medium,TRUE
5,346,condition_manifests_as_symptom,Low,Low,TRUE
5,347,condition_manifests_as_symptom,Low,Medium,FALSE
5,348,condition_manifests_as_symptom,Low,Medium,TRUE
5,349,condition_manifests_as_symptom,Low,Strong,FALSE
5,350,condition_manifests_as_symptom,High,Low,FALSE
6,1,condition_manifests_as_symptom,Medium,Strong,FALSE
6,2,condition_manifests_as_symptom,High,Medium,TRUE
6,3,condition_manifests_as_symptom,High,Medium,TRUE
6,5,condition_manifests_as_symptom,High,Medium,TRUE
6,9,condition_manifests_as_symptom,Medium,Medium,TRUE
6,13,condition_manifests_as_symptom,High,Strong,FALSE
6,16,condition_manifests_as_symptom,Medium,Medium,TRUE
6,18,condition_manifests_as_symptom,Low,Medium,TRUE
6,19,condition_manifests_as_symptom,Medium,Medium,FALSE
6,23,condition_manifests_as_symptom,Medium,Low,TRUE
6,25,condition_manifests_as_symptom,Medium,Medium,TRUE
6,26,condition_manifests_as_symptom,Medium,Strong,TRUE
6,27,condition_manifests_as_symptom,Medium,Medium,TRUE
6,28,condition_manifests_as_symptom,Medium,Strong,TRUE
6,29,condition_manifests_as_symptom,High,Strong,TRUE
6,30,condition_manifests_as_symptom,Low,Strong,FALSE
6,37,condition_manifests_as_symptom,Medium,Medium,TRUE
6,38,condition_manifests_as_symptom,Low,Medium,FALSE
6,39,condition_manifests_as_symptom,High,Medium,FALSE
6,42,condition_manifests_as_symptom,High,Medium,FALSE
6,45,condition_manifests_as_symptom,Low,Strong,TRUE
6,54,condition_manifests_as_symptom,High,Strong,TRUE
6,55,condition_manifests_as_symptom,Low,Strong,TRUE
6,56,condition_manifests_as_symptom,Low,Low,TRUE
6,57,condition_manifests_as_symptom,Medium,Low,TRUE
6,58,condition_manifests_as_symptom,Medium,Medium,FALSE
6,59,condition_manifests_as_symptom,High,Strong,TRUE
6,60,condition_manifests_as_symptom,High,Low,TRUE
6,61,condition_manifests_as_symptom,Low,Low,FALSE
6,66,condition_manifests_as_symptom,Medium,Low,FALSE
6,70,condition_manifests_as_symptom,High,Medium,FALSE
6,73,condition_manifests_as_symptom,Medium,Medium,TRUE
6,74,condition_manifests_as_symptom,Medium,Medium,FALSE
6,75,condition_manifests_as_symptom,High,Low,TRUE
6,77,condition_manifests_as_symptom,Medium,Low,TRUE
6,78,condition_manifests_as_symptom,High,Medium,FALSE
6,81,condition_manifests_as_symptom,Medium,Strong,TRUE
6,83,condition_manifests_as_symptom,Low,Medium,FALSE
6,84,condition_manifests_as_symptom,Low,Low,FALSE
6,85,condition_manifests_as_symptom,Medium,Medium,TRUE
6,87,condition_manifests_as_symptom,High,Medium,FALSE
6,88,condition_manifests_as_symptom,Medium,Strong,TRUE
6,89,condition_manifests_as_symptom,Medium,Low,TRUE
6,90,condition_manifests_as_symptom,High,Strong,TRUE
6,92,condition_manifests_as_symptom,Low,Medium,FALSE
6,93,condition_manifests_as_symptom,Medium,Strong,FALSE
6,95,condition_manifests_as_symptom,Low,Low,TRUE
6,96,condition_manifests_as_symptom,High,Low,TRUE
6,100,condition_manifests_as_symptom,High,Medium,FALSE
6,101,condition_manifests_as_symptom,High,Medium,FALSE
6,103,condition_manifests_as_symptom,Medium,Medium,FALSE
6,104,condition_manifests_as_symptom,Medium,Strong,TRUE
6,105,condition_manifests_as_symptom,Medium,Low,FALSE
6,106,condition_manifests_as_symptom,Low,Strong,FALSE
6,110,condition_manifests_as_symptom,High,Strong,FALSE
6,112,condition_manifests_as_symptom,High,Low,FALSE
6,113,condition_manifests_as_symptom,High,Low,FALSE
6,115,condition_manifests_as_symptom,Medium,Low,FALSE
6,118,condition_manifests_as_symptom,High,Medium,FALSE
6,125,condition_manifests_as_symptom,Medium,Low,TRUE
6,131,condition_manifests_as_symptom,High,Low,TRUE
6,133,condition_manifests_as_symptom,High,Low,FALSE
6,134,condition_manifests_as_symptom,Low,Low,TRUE
6,136,condition_manifests_as_symptom,Low,Low,TRUE
6,138,condition_manifests_as_symptom,Low,Low,FALSE
6,143,condition_manifests_as_symptom,High,Strong,FALSE
6,150,condition_manifests_as_symptom,Low,Low,FALSE
6,152,condition_manifests_as_symptom,Low,Low,FALSE
6,154,condition_manifests_as_symptom,High,Low,FALSE
6,163,condition_manifests_as_symptom,High,Low,TRUE
6,169,condition_manifests_as_symptom,Low,Medium,FALSE
6,170,condition_manifests_as_symptom,High,Strong,FALSE
6,174,condition_manifests_as_symptom,Low,Medium,FALSE
6,176,condition_manifests_as_symptom,Low,Low,TRUE
6,181,condition_manifests_as_symptom,Low,Medium,TRUE
6,184,condition_manifests_as_symptom,High,Medium,FALSE
6,187,condition_manifests_as_symptom,Medium,Medium,FALSE
6,189,condition_manifests_as_symptom,Medium,Low,FALSE
6,193,condition_manifests_as_symptom,High,Strong,FALSE
6,194,condition_manifests_as_symptom,High,Medium,TRUE
6,195,condition_manifests_as_symptom,High,Strong,TRUE
6,196,condition_manifests_as_symptom,High,Medium,TRUE
6,202,condition_manifests_as_symptom,Medium,Medium,TRUE
6,203,condition_manifests_as_symptom,High,Low,TRUE
6,205,condition_manifests_as_symptom,High,Medium,TRUE
6,209,condition_manifests_as_symptom,Medium,Medium,TRUE
6,216,condition_manifests_as_symptom,Medium,Medium,TRUE
6,218,condition_manifests_as_symptom,Medium,Medium,FALSE
6,223,condition_manifests_as_symptom,Low,Low,FALSE
6,225,condition_manifests_as_symptom,Low,Medium,TRUE
6,226,condition_manifests_as_symptom,Low,Medium,TRUE
6,227,condition_manifests_as_symptom,Medium,Strong,TRUE
6,228,condition_manifests_as_symptom,Low,Medium,TRUE
6,229,condition_manifests_as_symptom,Medium,Medium,TRUE
6,230,condition_manifests_as_symptom,Low,Medium,TRUE
6,231,condition_manifests_as_symptom,Low,Low,FALSE
6,235,condition_manifests_as_symptom,High,Medium,FALSE
6,237,condition_manifests_as_symptom,Medium,Medium,FALSE
6,238,condition_manifests_as_symptom,Medium,Strong,FALSE
6,242,condition_manifests_as_symptom,Low,Strong,FALSE
6,245,condition_manifests_as_symptom,High,Low,TRUE
6,247,condition_manifests_as_symptom,Medium,Medium,FALSE
6,254,condition_manifests_as_symptom,Medium,Medium,TRUE
6,255,condition_manifests_as_symptom,High,Medium,TRUE
6,256,condition_manifests_as_symptom,Low,Medium,TRUE
6,257,condition_manifests_as_symptom,High,Low,TRUE
6,259,condition_manifests_as_symptom,Low,Medium,TRUE
6,260,condition_manifests_as_symptom,Low,Medium,TRUE
6,261,condition_manifests_as_symptom,Low,Medium,TRUE
6,263,condition_manifests_as_symptom,Medium,Medium,FALSE
6,272,condition_manifests_as_symptom,Low,Medium,FALSE
6,273,condition_manifests_as_symptom,Low,Low,TRUE
6,274,condition_manifests_as_symptom,Medium,Medium,TRUE
6,275,condition_manifests_as_symptom,Medium,Strong,FALSE
6,277,condition_manifests_as_symptom,Medium,Medium,TRUE
6,278,condition_manifests_as_symptom,High,Strong,TRUE
6,281,condition_manifests_as_symptom,High,Strong,FALSE
6,285,condition_manifests_as_symptom,High,Medium,TRUE
6,288,condition_manifests_as_symptom,Low,Medium,TRUE
6,289,condition_manifests_as_symptom,Low,Medium,FALSE
6,290,condition_manifests_as_symptom,High,Strong,TRUE
6,291,condition_manifests_as_symptom,Medium,Low,FALSE
6,292,condition_manifests_as_symptom,Medium,Strong,TRUE
6,295,condition_manifests_as_symptom,Medium,Low,TRUE
6,296,condition_manifests_as_symptom,Medium,Medium,FALSE
6,301,condition_manifests_as_symptom,Low,Medium,FALSE
6,303,condition_manifests_as_symptom,Medium,Low,TRUE
6,304,condition_manifests_as_symptom,High,Medium,TRUE
6,310,condition_manifests_as_symptom,Medium,Medium,FALSE
6,314,condition_manifests_as_symptom,High,Strong,FALSE
6,315,condition_manifests_as_symptom,Low,Low,FALSE
6,316,condition_manifests_as_symptom,Low,Strong,FALSE
6,319,condition_manifests_as_symptom,Medium,Medium,FALSE
6,325,condition_manifests_as_symptom,High,Medium,TRUE
6,331,condition_manifests_as_symptom,Low,Medium,TRUE
6,332,condition_manifests_as_symptom,High,Strong,FALSE
6,333,condition_manifests_as_symptom,Low,Low,TRUE
6,334,condition_manifests_as_symptom,High,Low,TRUE
6,335,condition_manifests_as_symptom,Low,Low,FALSE
6,336,condition_manifests_as_symptom,Low,Strong,TRUE
6,342,condition_manifests_as_symptom,High,Strong,FALSE
6,344,condition_manifests_as_symptom,Low,Strong,FALSE
6,345,condition_manifests_as_symptom,Low,Strong,FALSE
6,348,condition_manifests_as_symptom,Medium,Strong,FALSE
7,2,condition_manifests_as_symptom,High,Low,TRUE
7,3,condition_manifests_as_symptom,High,Strong,TRUE
7,5,condition_manifests_as_symptom,High,Medium,TRUE
7,9,condition_manifests_as_symptom,Medium,Low,TRUE
7,11,condition_manifests_as_symptom,Medium,Medium,FALSE
7,12,condition_manifests_as_symptom,High,Strong,FALSE
7,16,condition_manifests_as_symptom,Low,Low,TRUE
7,17,condition_manifests_as_symptom,Low,Low,FALSE
7,18,condition_manifests_as_symptom,High,Strong,TRUE
7,23,condition_manifests_as_symptom,Medium,Medium,FALSE
7,25,condition_manifests_as_symptom,High,Medium,TRUE
7,26,condition_manifests_as_symptom,Low,Medium,FALSE
7,27,condition_manifests_as_symptom,Low,Medium,TRUE
7,28,condition_manifests_as_symptom,High,Medium,TRUE
7,29,condition_manifests_as_symptom,Medium,Medium,TRUE
7,30,condition_manifests_as_symptom,Low,Medium,TRUE
7,36,condition_manifests_as_symptom,Low,Low,FALSE
7,37,condition_manifests_as_symptom,Low,Strong,FALSE
7,38,condition_manifests_as_symptom,Low,Medium,TRUE
7,42,condition_manifests_as_symptom,Low,Low,FALSE
7,45,condition_manifests_as_symptom,Medium,Strong,TRUE
7,46,condition_manifests_as_symptom,Medium,Strong,FALSE
7,47,condition_manifests_as_symptom,Low,Low,FALSE
7,54,condition_manifests_as_symptom,High,Strong,TRUE
7,55,condition_manifests_as_symptom,Low,Medium,FALSE
7,56,condition_manifests_as_symptom,Low,Low,TRUE
7,57,condition_manifests_as_symptom,Medium,Strong,TRUE
7,59,condition_manifests_as_symptom,Low,Strong,TRUE
7,60,condition_manifests_as_symptom,Low,Strong,TRUE
7,61,condition_manifests_as_symptom,Low,Low,TRUE
7,63,condition_manifests_as_symptom,Medium,Medium,FALSE
7,67,condition_manifests_as_symptom,Low,Medium,FALSE
7,73,condition_manifests_as_symptom,Low,Low,TRUE
7,74,condition_manifests_as_symptom,Low,Strong,FALSE
7,75,condition_manifests_as_symptom,High,Medium,TRUE
7,77,condition_manifests_as_symptom,Low,Strong,TRUE
7,78,condition_manifests_as_symptom,Low,Medium,TRUE
7,81,condition_manifests_as_symptom,Medium,Strong,FALSE
7,85,condition_manifests_as_symptom,Low,Medium,TRUE
7,88,condition_manifests_as_symptom,Medium,Medium,TRUE
7,89,condition_manifests_as_symptom,Medium,Medium,FALSE
7,90,condition_manifests_as_symptom,High,Medium,TRUE
7,92,condition_manifests_as_symptom,Medium,Low,TRUE
7,95,condition_manifests_as_symptom,Medium,Strong,TRUE
7,96,condition_manifests_as_symptom,High,Strong,FALSE
7,97,condition_manifests_as_symptom,High,Strong,FALSE
7,98,condition_manifests_as_symptom,Medium,Strong,FALSE
7,103,condition_manifests_as_symptom,Low,Strong,TRUE
7,104,condition_manifests_as_symptom,Medium,Low,TRUE
7,125,condition_manifests_as_symptom,Low,Low,TRUE
7,130,condition_manifests_as_symptom,High,Low,FALSE
7,131,condition_manifests_as_symptom,Medium,Low,TRUE
7,133,condition_manifests_as_symptom,Medium,Low,TRUE
7,134,condition_manifests_as_symptom,Medium,Low,TRUE
7,135,condition_manifests_as_symptom,Low,Low,FALSE
7,136,condition_manifests_as_symptom,Low,Low,TRUE
7,140,condition_manifests_as_symptom,Medium,Low,FALSE
7,152,condition_manifests_as_symptom,Low,Strong,TRUE
7,153,condition_manifests_as_symptom,Medium,Medium,FALSE
7,154,condition_manifests_as_symptom,High,Medium,FALSE
7,158,condition_manifests_as_symptom,High,Strong,FALSE
7,163,condition_manifests_as_symptom,Low,Medium,FALSE
7,168,condition_manifests_as_symptom,High,Strong,FALSE
7,170,condition_manifests_as_symptom,Medium,Strong,FALSE
7,176,condition_manifests_as_symptom,High,Medium,TRUE
7,178,condition_manifests_as_symptom,Low,Strong,FALSE
7,181,condition_manifests_as_symptom,High,Medium,FALSE
7,189,condition_manifests_as_symptom,High,Medium,FALSE
7,193,condition_manifests_as_symptom,Low,Medium,TRUE
7,194,condition_manifests_as_symptom,Medium,Low,TRUE
7,195,condition_manifests_as_symptom,Low,Low,TRUE
7,196,condition_manifests_as_symptom,Low,Low,TRUE
7,202,condition_manifests_as_symptom,Low,Medium,TRUE
7,203,condition_manifests_as_symptom,High,Medium,TRUE
7,205,condition_manifests_as_symptom,High,Low,FALSE
7,206,condition_manifests_as_symptom,High,Strong,FALSE
7,209,condition_manifests_as_symptom,Medium,Strong,TRUE
7,215,condition_manifests_as_symptom,Medium,Strong,FALSE
7,216,condition_manifests_as_symptom,High,Medium,FALSE
7,217,condition_manifests_as_symptom,High,Medium,FALSE
7,218,condition_manifests_as_symptom,Medium,Medium,TRUE
7,221,condition_manifests_as_symptom,Low,Low,FALSE
7,222,condition_manifests_as_symptom,Low,Strong,FALSE
7,223,condition_manifests_as_symptom,Low,Medium,TRUE
7,225,condition_manifests_as_symptom,High,Medium,TRUE
7,226,condition_manifests_as_symptom,High,Low,TRUE
7,227,condition_manifests_as_symptom,Low,Strong,FALSE
7,228,condition_manifests_as_symptom,Low,Low,TRUE
7,229,condition_manifests_as_symptom,High,Strong,TRUE
7,230,condition_manifests_as_symptom,Medium,Low,TRUE
7,231,condition_manifests_as_symptom,High,Strong,FALSE
7,237,condition_manifests_as_symptom,Low,Medium,TRUE
7,238,condition_manifests_as_symptom,Low,Strong,TRUE
7,240,condition_manifests_as_symptom,Medium,Strong,FALSE
7,242,condition_manifests_as_symptom,High,Low,FALSE
7,243,condition_manifests_as_symptom,High,Low,FALSE
7,245,condition_manifests_as_symptom,Low,Medium,TRUE
7,254,condition_manifests_as_symptom,Low,Medium,FALSE
7,255,condition_manifests_as_symptom,Medium,Medium,FALSE
7,256,condition_manifests_as_symptom,High,Strong,TRUE
7,257,condition_manifests_as_symptom,Medium,Medium,TRUE
7,259,condition_manifests_as_symptom,High,Low,TRUE
7,260,condition_manifests_as_symptom,High,Medium,TRUE
7,261,condition_manifests_as_symptom,High,Low,TRUE
7,264,condition_manifests_as_symptom,High,Low,FALSE
7,270,condition_manifests_as_symptom,Medium,Medium,FALSE
7,273,condition_manifests_as_symptom,Medium,Medium,TRUE
7,274,condition_manifests_as_symptom,High,Medium,TRUE
7,275,condition_manifests_as_symptom,Medium,Strong,TRUE
7,277,condition_manifests_as_symptom,High,Strong,TRUE
7,278,condition_manifests_as_symptom,High,Strong,TRUE
7,280,condition_manifests_as_symptom,Medium,Low,FALSE
7,281,condition_manifests_as_symptom,High,Medium,TRUE
7,284,condition_manifests_as_symptom,High,Medium,FALSE
7,285,condition_manifests_as_symptom,Medium,Medium,TRUE
7,288,condition_manifests_as_symptom,Medium,Low,TRUE
7,289,condition_manifests_as_symptom,Medium,Medium,FALSE
7,290,condition_manifests_as_symptom,Medium,Strong,TRUE
7,292,condition_manifests_as_symptom,High,Medium,TRUE
7,295,condition_manifests_as_symptom,Low,Strong,TRUE
7,296,condition_manifests_as_symptom,High,Strong,TRUE
7,303,condition_manifests_as_symptom,Medium,Strong,TRUE
7,304,condition_manifests_as_symptom,High,Strong,TRUE
7,313,condition_manifests_as_symptom,High,Low,FALSE
7,318,condition_manifests_as_symptom,Low,Medium,FALSE
7,325,condition_manifests_as_symptom,Low,Medium,FALSE
7,331,condition_manifests_as_symptom,Low,Low,FALSE
7,333,condition_manifests_as_symptom,Low,Low,TRUE
7,334,condition_manifests_as_symptom,Medium,Low,TRUE
7,336,condition_manifests_as_symptom,Low,Strong,TRUE
7,340,condition_manifests_as_symptom,Medium,Strong,FALSE
7,350,condition_manifests_as_symptom,High,Medium,FALSE
8,2,condition_manifests_as_symptom,Low,Low,TRUE
8,3,condition_manifests_as_symptom,Medium,Low,TRUE
8,4,condition_manifests_as_symptom,Low,Low,FALSE
8,5,condition_manifests_as_symptom,High,Strong,TRUE
8,8,condition_manifests_as_symptom,Low,Medium,FALSE
8,9,condition_manifests_as_symptom,Low,Low,TRUE
8,14,condition_manifests_as_symptom,Low,Strong,FALSE
8,16,condition_manifests_as_symptom,High,Strong,TRUE
8,18,condition_manifests_as_symptom,Low,Low,TRUE
8,23,condition_manifests_as_symptom,Medium,Strong,TRUE
8,24,condition_manifests_as_symptom,Medium,Low,FALSE
8,25,condition_manifests_as_symptom,High,Medium,TRUE
8,26,condition_manifests_as_symptom,High,Medium,TRUE
8,27,condition_manifests_as_symptom,Medium,Strong,TRUE
8,28,condition_manifests_as_symptom,Medium,Strong,TRUE
8,29,condition_manifests_as_symptom,Low,Strong,FALSE
8,30,condition_manifests_as_symptom,High,Strong,TRUE
8,37,condition_manifests_as_symptom,Low,Medium,TRUE
8,38,condition_manifests_as_symptom,Medium,Low,TRUE
8,41,condition_manifests_as_symptom,High,Low,FALSE
8,42,condition_manifests_as_symptom,Medium,Strong,TRUE
8,45,condition_manifests_as_symptom,High,Medium,TRUE
8,46,condition_manifests_as_symptom,Medium,Medium,FALSE
8,54,condition_manifests_as_symptom,High,Strong,TRUE
8,55,condition_manifests_as_symptom,Low,Medium,TRUE
8,56,condition_manifests_as_symptom,Low,Low,TRUE
8,57,condition_manifests_as_symptom,Low,Low,TRUE
8,59,condition_manifests_as_symptom,Medium,Low,TRUE
8,60,condition_manifests_as_symptom,Medium,Medium,FALSE
8,61,condition_manifests_as_symptom,Low,Medium,TRUE
8,67,condition_manifests_as_symptom,Low,Strong,FALSE
8,73,condition_manifests_as_symptom,High,Medium,TRUE
8,74,condition_manifests_as_symptom,Low,Low,FALSE
8,75,condition_manifests_as_symptom,Low,Strong,TRUE
8,76,condition_manifests_as_symptom,Low,Medium,FALSE
8,77,condition_manifests_as_symptom,Low,Strong,FALSE
8,78,condition_manifests_as_symptom,Medium,Strong,TRUE
8,81,condition_manifests_as_symptom,Low,Low,TRUE
8,85,condition_manifests_as_symptom,Low,Strong,TRUE
8,86,condition_manifests_as_symptom,Low,Low,FALSE
8,87,condition_manifests_as_symptom,Low,Low,FALSE
8,88,condition_manifests_as_symptom,Low,Strong,TRUE
8,89,condition_manifests_as_symptom,High,Medium,TRUE
8,90,condition_manifests_as_symptom,Medium,Low,TRUE
8,92,condition_manifests_as_symptom,Low,Strong,TRUE
8,93,condition_manifests_as_symptom,Medium,Low,FALSE
8,94,condition_manifests_as_symptom,Medium,Strong,FALSE
8,95,condition_manifests_as_symptom,Medium,Strong,TRUE
8,96,condition_manifests_as_symptom,High,Strong,TRUE
8,103,condition_manifests_as_symptom,High,Medium,TRUE
8,104,condition_manifests_as_symptom,High,Medium,FALSE
8,106,condition_manifests_as_symptom,Low,Low,FALSE
8,107,condition_manifests_as_symptom,Medium,Medium,FALSE
8,108,condition_manifests_as_symptom,Medium,Medium,FALSE
8,113,condition_manifests_as_symptom,Medium,Strong,FALSE
8,118,condition_manifests_as_symptom,Medium,Medium,FALSE
8,120,condition_manifests_as_symptom,Low,Medium,FALSE
8,125,condition_manifests_as_symptom,Low,Medium,FALSE
8,128,condition_manifests_as_symptom,High,Low,FALSE
8,130,condition_manifests_as_symptom,Medium,Medium,FALSE
8,131,condition_manifests_as_symptom,High,Medium,FALSE
8,133,condition_manifests_as_symptom,High,Strong,TRUE
8,134,condition_manifests_as_symptom,Medium,Low,TRUE
8,136,condition_manifests_as_symptom,High,Low,FALSE
8,137,condition_manifests_as_symptom,High,Strong,FALSE
8,139,condition_manifests_as_symptom,High,Low,FALSE
8,152,condition_manifests_as_symptom,Medium,Strong,FALSE
8,156,condition_manifests_as_symptom,Low,Medium,FALSE
8,161,condition_manifests_as_symptom,Low,Low,FALSE
8,163,condition_manifests_as_symptom,Medium,Medium,TRUE
8,164,condition_manifests_as_symptom,Low,Low,FALSE
8,173,condition_manifests_as_symptom,Low,Low,FALSE
8,176,condition_manifests_as_symptom,Medium,Low,TRUE
8,180,condition_manifests_as_symptom,High,Medium,FALSE
8,181,condition_manifests_as_symptom,Medium,Strong,TRUE
8,193,condition_manifests_as_symptom,High,Strong,TRUE
8,194,condition_manifests_as_symptom,Medium,Strong,TRUE
8,195,condition_manifests_as_symptom,Low,Low,TRUE
8,196,condition_manifests_as_symptom,Medium,Medium,TRUE
8,201,condition_manifests_as_symptom,High,Medium,FALSE
8,202,condition_manifests_as_symptom,Medium,Low,TRUE
8,203,condition_manifests_as_symptom,High,Low,TRUE
8,205,condition_manifests_as_symptom,Low,Medium,TRUE
8,209,condition_manifests_as_symptom,Medium,Strong,TRUE
8,216,condition_manifests_as_symptom,Medium,Low,TRUE
8,218,condition_manifests_as_symptom,Low,Medium,TRUE
8,219,condition_manifests_as_symptom,Medium,Low,FALSE
8,223,condition_manifests_as_symptom,Medium,Strong,TRUE
8,225,condition_manifests_as_symptom,Low,Medium,TRUE
8,226,condition_manifests_as_symptom,Low,Medium,FALSE
8,227,condition_manifests_as_symptom,Medium,Strong,TRUE
8,228,condition_manifests_as_symptom,Low,Low,FALSE
8,229,condition_manifests_as_symptom,High,Low,FALSE
8,230,condition_manifests_as_symptom,Medium,Medium,TRUE
8,235,condition_manifests_as_symptom,Medium,Low,FALSE
8,236,condition_manifests_as_symptom,Medium,Medium,FALSE
8,237,condition_manifests_as_symptom,High,Strong,TRUE
8,238,condition_manifests_as_symptom,High,Medium,TRUE
8,239,condition_manifests_as_symptom,Low,Medium,FALSE
8,241,condition_manifests_as_symptom,High,Low,FALSE
8,242,condition_manifests_as_symptom,Low,Strong,FALSE
8,245,condition_manifests_as_symptom,Medium,Medium,FALSE
8,251,condition_manifests_as_symptom,High,Medium,FALSE
8,254,condition_manifests_as_symptom,High,Low,TRUE
8,255,condition_manifests_as_symptom,Low,Strong,TRUE
8,256,condition_manifests_as_symptom,Medium,Medium,TRUE
8,257,condition_manifests_as_symptom,High,Medium,TRUE
8,259,condition_manifests_as_symptom,High,Medium,TRUE
8,260,condition_manifests_as_symptom,High,Medium,TRUE
8,261,condition_manifests_as_symptom,Low,Medium,TRUE
8,265,condition_manifests_as_symptom,Low,Strong,FALSE
8,267,condition_manifests_as_symptom,Medium,Low,FALSE
8,268,condition_manifests_as_symptom,Low,Medium,FALSE
8,273,condition_manifests_as_symptom,Medium,Medium,FALSE
8,274,condition_manifests_as_symptom,High,Strong,TRUE
8,275,condition_manifests_as_symptom,High,Strong,TRUE
8,277,condition_manifests_as_symptom,Low,Medium,TRUE
8,278,condition_manifests_as_symptom,Medium,Low,TRUE
8,280,condition_manifests_as_symptom,Medium,Medium,FALSE
8,281,condition_manifests_as_symptom,Low,Medium,TRUE
8,285,condition_manifests_as_symptom,Medium,Low,TRUE
8,288,condition_manifests_as_symptom,High,Medium,TRUE
8,289,condition_manifests_as_symptom,High,Strong,FALSE
8,290,condition_manifests_as_symptom,Low,Medium,TRUE
8,292,condition_manifests_as_symptom,Medium,Low,FALSE
8,293,condition_manifests_as_symptom,High,Strong,FALSE
8,295,condition_manifests_as_symptom,Medium,Low,TRUE
8,296,condition_manifests_as_symptom,Medium,Low,TRUE
8,301,condition_manifests_as_symptom,Medium,Strong,FALSE
8,303,condition_manifests_as_symptom,Low,Medium,TRUE
8,304,condition_manifests_as_symptom,High,Strong,TRUE
8,318,condition_manifests_as_symptom,Medium,Low,FALSE
8,325,condition_manifests_as_symptom,High,Strong,TRUE
8,331,condition_manifests_as_symptom,Low,Low,TRUE
8,333,condition_manifests_as_symptom,Medium,Medium,FALSE
8,334,condition_manifests_as_symptom,Low,Low,TRUE
8,336,condition_manifests_as_symptom,Low,Medium,FALSE
8,337,condition_manifests_as_symptom,Low,Medium,FALSE
8,341,condition_manifests_as_symptom,High,Strong,FALSE
9,1,condition_manifests_as_symptom,Medium,Strong,TRUE
9,4,condition_manifests_as_symptom,Low,Strong,TRUE
9,9,condition_manifests_as_symptom,High,Strong,FALSE
9,10,condition_manifests_as_symptom,Medium,Low,TRUE
9,11,condition_manifests_as_symptom,High,Medium,TRUE
9,13,condition_manifests_as_symptom,Low,Strong,FALSE
9,14,condition_manifests_as_symptom,Low,Medium,TRUE
9,17,condition_manifests_as_symptom,Low,Low,TRUE
9,19,condition_manifests_as_symptom,Low,Low,FALSE
9,20,condition_manifests_as_symptom,Medium,Low,FALSE
9,22,condition_manifests_as_symptom,Low,Strong,TRUE
9,25,condition_manifests_as_symptom,High,Strong,FALSE
9,27,condition_manifests_as_symptom,Low,Medium,FALSE
9,32,condition_manifests_as_symptom,Low,Strong,TRUE
9,33,condition_manifests_as_symptom,Low,Low,FALSE
9,34,condition_manifests_as_symptom,Medium,Low,TRUE
9,35,condition_manifests_as_symptom,High,Strong,FALSE
9,36,condition_manifests_as_symptom,High,Medium,FALSE
9,39,condition_manifests_as_symptom,Medium,Low,TRUE
9,40,condition_manifests_as_symptom,Medium,Low,FALSE
9,41,condition_manifests_as_symptom,High,Strong,TRUE
9,43,condition_manifests_as_symptom,High,Low,TRUE
9,46,condition_manifests_as_symptom,Medium,Strong,TRUE
9,50,condition_manifests_as_symptom,Medium,Low,FALSE
9,51,condition_manifests_as_symptom,Low,Strong,TRUE
9,52,condition_manifests_as_symptom,High,Medium,TRUE
9,53,condition_manifests_as_symptom,Medium,Strong,TRUE
9,58,condition_manifests_as_symptom,Low,Low,TRUE
9,61,condition_manifests_as_symptom,Low,Medium,FALSE
9,63,condition_manifests_as_symptom,High,Strong,TRUE
9,64,condition_manifests_as_symptom,Low,Strong,TRUE
9,65,condition_manifests_as_symptom,High,Medium,TRUE
9,66,condition_manifests_as_symptom,High,Medium,TRUE
9,68,condition_manifests_as_symptom,Medium,Strong,FALSE
9,70,condition_manifests_as_symptom,Medium,Medium,FALSE
9,71,condition_manifests_as_symptom,Low,Medium,TRUE
9,72,condition_manifests_as_symptom,Medium,Low,TRUE
9,76,condition_manifests_as_symptom,Medium,Low,FALSE
9,79,condition_manifests_as_symptom,Low,Low,TRUE
9,80,condition_manifests_as_symptom,High,Strong,TRUE
9,82,condition_manifests_as_symptom,Low,Medium,TRUE
9,83,condition_manifests_as_symptom,Medium,Low,FALSE
9,84,condition_manifests_as_symptom,Low,Strong,TRUE
9,86,condition_manifests_as_symptom,Medium,Medium,TRUE
9,87,condition_manifests_as_symptom,High,Strong,TRUE
9,88,condition_manifests_as_symptom,High,Strong,FALSE
9,91,condition_manifests_as_symptom,High,Medium,TRUE
9,93,condition_manifests_as_symptom,Medium,Low,FALSE
9,94,condition_manifests_as_symptom,Medium,Medium,FALSE
9,97,condition_manifests_as_symptom,Low,Strong,FALSE
9,98,condition_manifests_as_symptom,Low,Low,TRUE
9,99,condition_manifests_as_symptom,Medium,Medium,FALSE
9,100,condition_manifests_as_symptom,High,Low,TRUE
9,104,condition_manifests_as_symptom,Low,Low,FALSE
9,105,condition_manifests_as_symptom,High,Strong,TRUE
9,106,condition_manifests_as_symptom,Low,Strong,TRUE
9,107,condition_manifests_as_symptom,Medium,Low,TRUE
9,108,condition_manifests_as_symptom,Low,Low,TRUE
9,109,condition_manifests_as_symptom,High,Strong,TRUE
9,110,condition_manifests_as_symptom,Medium,Low,TRUE
9,111,condition_manifests_as_symptom,Medium,Strong,TRUE
9,112,condition_manifests_as_symptom,Low,Medium,TRUE
9,113,condition_manifests_as_symptom,Low,Medium,TRUE
9,114,condition_manifests_as_symptom,High,Medium,FALSE
9,115,condition_manifests_as_symptom,High,Medium,TRUE
9,116,condition_manifests_as_symptom,Medium,Strong,TRUE
9,117,condition_manifests_as_symptom,High,Medium,TRUE
9,118,condition_manifests_as_symptom,High,Low,TRUE
9,119,condition_manifests_as_symptom,Medium,Strong,TRUE
9,120,condition_manifests_as_symptom,Low,Low,TRUE
9,121,condition_manifests_as_symptom,Low,Strong,TRUE
9,122,condition_manifests_as_symptom,Low,Strong,FALSE
9,123,condition_manifests_as_symptom,High,Strong,FALSE
9,124,condition_manifests_as_symptom,High,Low,FALSE
9,125,condition_manifests_as_symptom,Low,Strong,FALSE
9,126,condition_manifests_as_symptom,Low,Strong,FALSE
9,127,condition_manifests_as_symptom,Medium,Low,TRUE
9,128,condition_manifests_as_symptom,Medium,Low,TRUE
9,129,condition_manifests_as_symptom,High,Low,TRUE
9,130,condition_manifests_as_symptom,High,Low,TRUE
9,132,condition_manifests_as_symptom,Medium,Low,FALSE
9,134,condition_manifests_as_symptom,Medium,Medium,FALSE
9,135,condition_manifests_as_symptom,Medium,Medium,TRUE
9,138,condition_manifests_as_symptom,Low,Strong,FALSE
9,139,condition_manifests_as_symptom,Medium,Medium,FALSE
9,141,condition_manifests_as_symptom,High,Low,TRUE
9,142,condition_manifests_as_symptom,Medium,Medium,FALSE
9,143,condition_manifests_as_symptom,Low,Medium,TRUE
9,144,condition_manifests_as_symptom,Low,Low,TRUE
9,145,condition_manifests_as_symptom,High,Medium,TRUE
9,146,condition_manifests_as_symptom,Low,Medium,FALSE
9,147,condition_manifests_as_symptom,Medium,Low,TRUE
9,148,condition_manifests_as_symptom,Low,Medium,TRUE
9,151,condition_manifests_as_symptom,Medium,Medium,TRUE
9,153,condition_manifests_as_symptom,High,Medium,TRUE
9,154,condition_manifests_as_symptom,Medium,Medium,FALSE
9,156,condition_manifests_as_symptom,Low,Low,TRUE
9,157,condition_manifests_as_symptom,High,Medium,TRUE
9,158,condition_manifests_as_symptom,High,Strong,TRUE
9,159,condition_manifests_as_symptom,Low,Low,TRUE
9,160,condition_manifests_as_symptom,Medium,Strong,TRUE
9,161,condition_manifests_as_symptom,Low,Medium,TRUE
9,164,condition_manifests_as_symptom,Medium,Low,FALSE
9,165,condition_manifests_as_symptom,Low,Low,TRUE
9,167,condition_manifests_as_symptom,Low,Strong,TRUE
9,168,condition_manifests_as_symptom,High,Strong,TRUE
9,169,condition_manifests_as_symptom,High,Low,TRUE
9,170,condition_manifests_as_symptom,High,Low,FALSE
9,171,condition_manifests_as_symptom,Low,Medium,TRUE
9,172,condition_manifests_as_symptom,High,Medium,TRUE
9,173,condition_manifests_as_symptom,Low,Medium,FALSE
9,174,condition_manifests_as_symptom,Low,Strong,TRUE
9,175,condition_manifests_as_symptom,Medium,Medium,TRUE
9,178,condition_manifests_as_symptom,Medium,Strong,TRUE
9,179,condition_manifests_as_symptom,High,Strong,TRUE
9,180,condition_manifests_as_symptom,Low,Medium,TRUE
9,182,condition_manifests_as_symptom,Low,Medium,FALSE
9,183,condition_manifests_as_symptom,Medium,Medium,TRUE
9,184,condition_manifests_as_symptom,Low,Strong,TRUE
9,185,condition_manifests_as_symptom,Low,Medium,TRUE
9,186,condition_manifests_as_symptom,Low,Strong,FALSE
9,187,condition_manifests_as_symptom,High,Low,TRUE
9,188,condition_manifests_as_symptom,Low,Low,TRUE
9,189,condition_manifests_as_symptom,High,Strong,FALSE
9,190,condition_manifests_as_symptom,High,Strong,TRUE
9,191,condition_manifests_as_symptom,Low,Low,TRUE
9,192,condition_manifests_as_symptom,Low,Medium,FALSE
9,197,condition_manifests_as_symptom,High,Strong,TRUE
9,198,condition_manifests_as_symptom,Low,Low,TRUE
9,199,condition_manifests_as_symptom,Low,Strong,FALSE
9,200,condition_manifests_as_symptom,Medium,Strong,TRUE
9,201,condition_manifests_as_symptom,High,Low,FALSE
9,204,condition_manifests_as_symptom,High,Strong,TRUE
9,207,condition_manifests_as_symptom,Low,Medium,TRUE
9,208,condition_manifests_as_symptom,High,Strong,FALSE
9,210,condition_manifests_as_symptom,High,Medium,FALSE
9,211,condition_manifests_as_symptom,High,Medium,TRUE
9,213,condition_manifests_as_symptom,High,Strong,FALSE
9,214,condition_manifests_as_symptom,High,Low,TRUE
9,217,condition_manifests_as_symptom,Low,Low,TRUE
9,219,condition_manifests_as_symptom,Low,Strong,FALSE
9,220,condition_manifests_as_symptom,Low,Low,FALSE
9,222,condition_manifests_as_symptom,High,Medium,TRUE
9,223,condition_manifests_as_symptom,Low,Strong,FALSE
9,231,condition_manifests_as_symptom,Low,Medium,FALSE
9,232,condition_manifests_as_symptom,Medium,Low,FALSE
9,233,condition_manifests_as_symptom,Low,Strong,FALSE
9,234,condition_manifests_as_symptom,Medium,Low,FALSE
9,235,condition_manifests_as_symptom,Low,Low,FALSE
9,236,condition_manifests_as_symptom,Medium,Low,TRUE
9,239,condition_manifests_as_symptom,High,Strong,TRUE
9,240,condition_manifests_as_symptom,High,Strong,TRUE
9,241,condition_manifests_as_symptom,High,Strong,TRUE
9,243,condition_manifests_as_symptom,Low,Strong,TRUE
9,246,condition_manifests_as_symptom,Medium,Low,TRUE
9,251,condition_manifests_as_symptom,High,Low,FALSE
9,252,condition_manifests_as_symptom,Medium,Medium,TRUE
9,253,condition_manifests_as_symptom,Medium,Low,TRUE
9,254,condition_manifests_as_symptom,High,Low,FALSE
9,258,condition_manifests_as_symptom,Low,Strong,TRUE
9,262,condition_manifests_as_symptom,High,Low,FALSE
9,263,condition_manifests_as_symptom,High,Low,TRUE
9,264,condition_manifests_as_symptom,Low,Low,TRUE
9,265,condition_manifests_as_symptom,High,Strong,TRUE
9,266,condition_manifests_as_symptom,Low,Strong,TRUE
9,271,condition_manifests_as_symptom,Low,Low,FALSE
9,272,condition_manifests_as_symptom,Medium,Low,FALSE
9,275,condition_manifests_as_symptom,Low,Strong,FALSE
9,276,condition_manifests_as_symptom,Medium,Low,TRUE
9,278,condition_manifests_as_symptom,Medium,Medium,FALSE
9,279,condition_manifests_as_symptom,Low,Strong,TRUE
9,280,condition_manifests_as_symptom,Medium,Low,FALSE
9,281,condition_manifests_as_symptom,Low,Strong,FALSE
9,282,condition_manifests_as_symptom,High,Low,TRUE
9,283,condition_manifests_as_symptom,High,Low,FALSE
9,284,condition_manifests_as_symptom,Low,Strong,TRUE
9,286,condition_manifests_as_symptom,Low,Strong,FALSE
9,287,condition_manifests_as_symptom,Low,Medium,TRUE
9,291,condition_manifests_as_symptom,High,Strong,FALSE
9,292,condition_manifests_as_symptom,Medium,Medium,FALSE
9,294,condition_manifests_as_symptom,Low,Strong,TRUE
9,297,condition_manifests_as_symptom,Low,Strong,FALSE
9,298,condition_manifests_as_symptom,High,Strong,TRUE
9,300,condition_manifests_as_symptom,High,Low,FALSE
9,304,condition_manifests_as_symptom,Medium,Medium,FALSE
9,305,condition_manifests_as_symptom,Low,Strong,TRUE
9,306,condition_manifests_as_symptom,Low,Low,TRUE
9,307,condition_manifests_as_symptom,Low,Strong,TRUE
9,308,condition_manifests_as_symptom,Low,Medium,TRUE
9,309,condition_manifests_as_symptom,Medium,Low,TRUE
9,310,condition_manifests_as_symptom,High,Medium,TRUE
9,311,condition_manifests_as_symptom,Medium,Medium,TRUE
9,312,condition_manifests_as_symptom,Low,Medium,FALSE
9,313,condition_manifests_as_symptom,Medium,Strong,TRUE
9,314,condition_manifests_as_symptom,Medium,Medium,TRUE
9,315,condition_manifests_as_symptom,Medium,Medium,TRUE
9,316,condition_manifests_as_symptom,High,Medium,TRUE
9,317,condition_manifests_as_symptom,High,Strong,FALSE
9,318,condition_manifests_as_symptom,Medium,Low,TRUE
9,319,condition_manifests_as_symptom,Low,Medium,TRUE
9,320,condition_manifests_as_symptom,High,Strong,TRUE
9,321,condition_manifests_as_symptom,Medium,Low,TRUE
9,322,condition_manifests_as_symptom,High,Strong,FALSE
9,323,condition_manifests_as_symptom,Low,Low,TRUE
9,324,condition_manifests_as_symptom,Low,Low,TRUE
9,326,condition_manifests_as_symptom,High,Low,TRUE
9,327,condition_manifests_as_symptom,High,Strong,FALSE
9,328,condition_manifests_as_symptom,High,Strong,TRUE
9,329,condition_manifests_as_symptom,High,Low,TRUE
9,330,condition_manifests_as_symptom,Medium,Medium,TRUE
9,332,condition_manifests_as_symptom,Low,Medium,TRUE
9,335,condition_manifests_as_symptom,Medium,Medium,TRUE
9,337,condition_manifests_as_symptom,Medium,Strong,FALSE
9,338,condition_manifests_as_symptom,High,Medium,TRUE
9,339,condition_manifests_as_symptom,High,Strong,TRUE
9,341,condition_manifests_as_symptom,Medium,Medium,TRUE
9,342,condition_manifests_as_symptom,Low,Low,TRUE
9,343,condition_manifests_as_symptom,High,Low,TRUE
9,344,condition_manifests_as_symptom,High,Strong,TRUE
9,345,condition_manifests_as_symptom,Low,Medium,TRUE
9,346,condition_manifests_as_symptom,Medium,Low,TRUE
9,347,condition_manifests_as_symptom,Low,Medium,TRUE
9,348,condition_manifests_as_symptom,High,Medium,FALSE
10,4,condition_manifests_as_symptom,Low,Medium,TRUE
10,7,condition_manifests_as_symptom,High,Strong,FALSE
10,10,condition_manifests_as_symptom,High,Low,TRUE
10,11,condition_manifests_as_symptom,Medium,Medium,TRUE
10,13,condition_manifests_as_symptom,Medium,Strong,TRUE
10,14,condition_manifests_as_symptom,High,Strong,TRUE
10,15,condition_manifests_as_symptom,Low,Strong,FALSE
10,16,condition_manifests_as_symptom,Low,Strong,FALSE
10,17,condition_manifests_as_symptom,High,Strong,TRUE
10,20,condition_manifests_as_symptom,Medium,Medium,TRUE
10,21,condition_manifests_as_symptom,High,Strong,FALSE
10,22,condition_manifests_as_symptom,Low,Strong,TRUE
10,23,condition_manifests_as_symptom,High,Strong,FALSE
10,24,condition_manifests_as_symptom,Medium,Low,FALSE
10,32,condition_manifests_as_symptom,High,Low,TRUE
10,33,condition_manifests_as_symptom,Low,Low,TRUE
10,34,condition_manifests_as_symptom,Low,Low,TRUE
10,35,condition_manifests_as_symptom,Medium,Strong,TRUE
10,36,condition_manifests_as_symptom,Low,Strong,FALSE
10,39,condition_manifests_as_symptom,Low,Strong,TRUE
10,40,condition_manifests_as_symptom,Medium,Low,FALSE
10,41,condition_manifests_as_symptom,High,Medium,TRUE
10,42,condition_manifests_as_symptom,Medium,Low,FALSE
10,43,condition_manifests_as_symptom,High,Low,TRUE
10,46,condition_manifests_as_symptom,High,Medium,TRUE
10,51,condition_manifests_as_symptom,Medium,Strong,TRUE
10,52,condition_manifests_as_symptom,High,Low,FALSE
10,53,condition_manifests_as_symptom,Low,Low,TRUE
10,55,condition_manifests_as_symptom,Low,Medium,FALSE
10,57,condition_manifests_as_symptom,Low,Strong,FALSE
10,58,condition_manifests_as_symptom,High,Low,TRUE
10,63,condition_manifests_as_symptom,Medium,Strong,FALSE
10,64,condition_manifests_as_symptom,High,Medium,TRUE
10,65,condition_manifests_as_symptom,High,Strong,TRUE
10,66,condition_manifests_as_symptom,Medium,Strong,TRUE
10,67,condition_manifests_as_symptom,Low,Low,FALSE
10,69,condition_manifests_as_symptom,Low,Strong,FALSE
10,71,condition_manifests_as_symptom,High,Medium,FALSE
10,72,condition_manifests_as_symptom,Medium,Low,TRUE
10,75,condition_manifests_as_symptom,Low,Medium,FALSE
10,76,condition_manifests_as_symptom,Low,Low,TRUE
10,79,condition_manifests_as_symptom,High,Strong,FALSE
10,80,condition_manifests_as_symptom,Low,Medium,TRUE
10,82,condition_manifests_as_symptom,Low,Low,TRUE
10,83,condition_manifests_as_symptom,Low,Strong,TRUE
10,84,condition_manifests_as_symptom,High,Medium,FALSE
10,86,condition_manifests_as_symptom,High,Low,TRUE
10,87,condition_manifests_as_symptom,High,Low,TRUE
10,91,condition_manifests_as_symptom,Medium,Strong,FALSE
10,93,condition_manifests_as_symptom,Low,Medium,FALSE
10,94,condition_manifests_as_symptom,Low,Low,TRUE
10,96,condition_manifests_as_symptom,Low,Medium,FALSE
10,98,condition_manifests_as_symptom,High,Low,TRUE
10,100,condition_manifests_as_symptom,Medium,Low,TRUE
10,101,condition_manifests_as_symptom,High,Low,FALSE
10,102,condition_manifests_as_symptom,Low,Low,FALSE
10,105,condition_manifests_as_symptom,Low,Medium,TRUE
10,106,condition_manifests_as_symptom,Low,Medium,TRUE
10,107,condition_manifests_as_symptom,Medium,Strong,TRUE
10,108,condition_manifests_as_symptom,Medium,Strong,TRUE
10,109,condition_manifests_as_symptom,Low,Strong,TRUE
10,110,condition_manifests_as_symptom,High,Medium,TRUE
10,111,condition_manifests_as_symptom,Low,Low,TRUE
10,112,condition_manifests_as_symptom,High,Low,TRUE
10,113,condition_manifests_as_symptom,Medium,Low,TRUE
10,114,condition_manifests_as_symptom,Low,Medium,TRUE
10,115,condition_manifests_as_symptom,High,Strong,TRUE
10,116,condition_manifests_as_symptom,Low,Medium,FALSE
10,117,condition_manifests_as_symptom,Low,Strong,TRUE
10,118,condition_manifests_as_symptom,High,Low,FALSE
10,119,condition_manifests_as_symptom,High,Medium,TRUE
10,120,condition_manifests_as_symptom,High,Low,TRUE
10,121,condition_manifests_as_symptom,Low,Strong,TRUE
10,122,condition_manifests_as_symptom,High,Strong,TRUE
10,123,condition_manifests_as_symptom,Medium,Medium,TRUE
10,124,condition_manifests_as_symptom,Low,Strong,TRUE
10,126,condition_manifests_as_symptom,High,Low,TRUE
10,127,condition_manifests_as_symptom,High,Strong,TRUE
10,128,condition_manifests_as_symptom,High,Medium,TRUE
10,129,condition_manifests_as_symptom,High,Medium,TRUE
10,130,condition_manifests_as_symptom,High,Medium,TRUE
10,132,condition_manifests_as_symptom,High,Strong,TRUE
10,135,condition_manifests_as_symptom,Medium,Low,TRUE
420,347,condition_manifests_as_symptom,Low,Low,TRUE
2419,217,condition_manifests_as_symptom,High,Strong,TRUE
