source_node_id,target_node_id,relationship_type,impact_level
1,10,condition_affects_srotas,High
1,11,condition_affects_srotas,Low
1,5,condition_affects_srotas,High
1,1,condition_affects_srotas,Low
1,3,condition_affects_srotas,High
5,1,condition_affects_srotas,Medium
5,3,condition_affects_srotas,Medium
6,1,condition_affects_srotas,Low
6,3,condition_affects_srotas,Low
7,1,condition_affects_srotas,Medium
7,3,condition_affects_srotas,Low
8,1,condition_affects_srotas,Medium
8,3,condition_affects_srotas,Low
9,1,condition_affects_srotas,High
9,3,condition_affects_srotas,Low
10,1,condition_affects_srotas,High
10,3,condition_affects_srotas,High
11,1,condition_affects_srotas,High
11,3,condition_affects_srotas,High
12,1,condition_affects_srotas,Medium
12,3,condition_affects_srotas,Low
13,1,condition_affects_srotas,Low
13,3,condition_affects_srotas,Medium
14,1,condition_affects_srotas,High
14,3,condition_affects_srotas,High
15,1,condition_affects_srotas,Low
15,3,condition_affects_srotas,Medium
16,1,condition_affects_srotas,High
16,3,condition_affects_srotas,Medium
17,1,condition_affects_srotas,Medium
17,3,condition_affects_srotas,Medium
18,1,condition_affects_srotas,High
18,3,condition_affects_srotas,Medium
19,1,condition_affects_srotas,Medium
19,3,condition_affects_srotas,High
20,1,condition_affects_srotas,Medium
20,3,condition_affects_srotas,Medium
21,1,condition_affects_srotas,Medium
21,3,condition_affects_srotas,Medium
22,1,condition_affects_srotas,Low
22,3,condition_affects_srotas,Low
23,1,condition_affects_srotas,High
23,3,condition_affects_srotas,Low
24,1,condition_affects_srotas,Medium
24,3,condition_affects_srotas,Medium
25,2,condition_affects_srotas,Low
26,2,condition_affects_srotas,High
27,2,condition_affects_srotas,Medium
28,2,condition_affects_srotas,Medium
29,2,condition_affects_srotas,High
30,2,condition_affects_srotas,Low
31,2,condition_affects_srotas,Low
32,2,condition_affects_srotas,Low
33,2,condition_affects_srotas,High
34,2,condition_affects_srotas,Medium
35,2,condition_affects_srotas,Medium
36,2,condition_affects_srotas,Medium
37,2,condition_affects_srotas,Low
38,2,condition_affects_srotas,Low
39,2,condition_affects_srotas,High
40,4,condition_affects_srotas,Low
40,3,condition_affects_srotas,Low
41,4,condition_affects_srotas,Medium
41,3,condition_affects_srotas,High
42,4,condition_affects_srotas,Low
42,3,condition_affects_srotas,High
43,4,condition_affects_srotas,Medium
43,3,condition_affects_srotas,High
44,4,condition_affects_srotas,Medium
44,3,condition_affects_srotas,High
45,4,condition_affects_srotas,High
45,3,condition_affects_srotas,High
46,4,condition_affects_srotas,Medium
46,3,condition_affects_srotas,Medium
47,4,condition_affects_srotas,High
47,3,condition_affects_srotas,Medium
48,4,condition_affects_srotas,High
48,3,condition_affects_srotas,Medium
49,4,condition_affects_srotas,High
49,3,condition_affects_srotas,High
50,4,condition_affects_srotas,Medium
50,3,condition_affects_srotas,Low
51,4,condition_affects_srotas,High
51,3,condition_affects_srotas,Low
52,4,condition_affects_srotas,Low
52,3,condition_affects_srotas,Medium
53,4,condition_affects_srotas,Medium
53,3,condition_affects_srotas,Medium
54,4,condition_affects_srotas,High
54,3,condition_affects_srotas,Medium
55,4,condition_affects_srotas,High
55,3,condition_affects_srotas,Medium
56,4,condition_affects_srotas,Low
56,3,condition_affects_srotas,Medium
57,4,condition_affects_srotas,High
57,3,condition_affects_srotas,Low
58,4,condition_affects_srotas,Low
58,3,condition_affects_srotas,High
59,4,condition_affects_srotas,Low
59,3,condition_affects_srotas,Medium
60,10,condition_affects_srotas,High
60,11,condition_affects_srotas,Medium
61,10,condition_affects_srotas,Medium
61,11,condition_affects_srotas,Medium
62,10,condition_affects_srotas,Low
62,11,condition_affects_srotas,Medium
63,10,condition_affects_srotas,Low
63,11,condition_affects_srotas,High
64,10,condition_affects_srotas,High
64,11,condition_affects_srotas,High
65,10,condition_affects_srotas,High
65,11,condition_affects_srotas,Medium
66,10,condition_affects_srotas,Medium
66,11,condition_affects_srotas,Medium
67,10,condition_affects_srotas,Medium
67,11,condition_affects_srotas,Medium
68,10,condition_affects_srotas,Low
68,11,condition_affects_srotas,Medium
69,10,condition_affects_srotas,Low
69,11,condition_affects_srotas,Medium
70,10,condition_affects_srotas,Low
70,11,condition_affects_srotas,Medium
71,10,condition_affects_srotas,High
71,11,condition_affects_srotas,Low
72,10,condition_affects_srotas,High
72,11,condition_affects_srotas,High
73,10,condition_affects_srotas,Low
73,11,condition_affects_srotas,Medium
74,10,condition_affects_srotas,High
74,11,condition_affects_srotas,Medium
75,10,condition_affects_srotas,High
75,11,condition_affects_srotas,Medium
76,10,condition_affects_srotas,Low
76,11,condition_affects_srotas,High
77,10,condition_affects_srotas,High
77,11,condition_affects_srotas,Low
78,10,condition_affects_srotas,Medium
78,11,condition_affects_srotas,High
79,6,condition_affects_srotas,Medium
79,3,condition_affects_srotas,Medium
80,7,condition_affects_srotas,Low
80,3,condition_affects_srotas,High
81,5,condition_affects_srotas,Medium
81,9,condition_affects_srotas,Low
82,5,condition_affects_srotas,Low
82,3,condition_affects_srotas,High
83,3,condition_affects_srotas,Low
83,8,condition_affects_srotas,High
84,2,condition_affects_srotas,Medium
84,3,condition_affects_srotas,High
85,5,condition_affects_srotas,Low
85,3,condition_affects_srotas,High
86,2,condition_affects_srotas,Medium
86,4,condition_affects_srotas,High
87,3,condition_affects_srotas,Medium
87,9,condition_affects_srotas,Medium
88,1,condition_affects_srotas,Medium
88,3,condition_affects_srotas,Medium
89,1,condition_affects_srotas,Low
89,6,condition_affects_srotas,High
90,3,condition_affects_srotas,Medium
90,9,condition_affects_srotas,High
91,6,condition_affects_srotas,Medium
91,4,condition_affects_srotas,Medium
92,1,condition_affects_srotas,Medium
92,4,condition_affects_srotas,Low
93,6,condition_affects_srotas,Medium
93,2,condition_affects_srotas,Medium
94,9,condition_affects_srotas,Low
95,9,condition_affects_srotas,High
96,9,condition_affects_srotas,High
97,9,condition_affects_srotas,Low
98,9,condition_affects_srotas,Medium
99,9,condition_affects_srotas,High
100,9,condition_affects_srotas,Low
101,9,condition_affects_srotas,High
102,9,condition_affects_srotas,Medium
103,9,condition_affects_srotas,High
104,9,condition_affects_srotas,Low
105,9,condition_affects_srotas,Low
106,9,condition_affects_srotas,Medium
107,9,condition_affects_srotas,High
108,9,condition_affects_srotas,High
109,9,condition_affects_srotas,Low
110,9,condition_affects_srotas,Medium
111,9,condition_affects_srotas,High
112,9,condition_affects_srotas,High
113,9,condition_affects_srotas,Low
114,5,condition_affects_srotas,High
115,5,condition_affects_srotas,Low
116,5,condition_affects_srotas,Medium
117,5,condition_affects_srotas,High
118,5,condition_affects_srotas,Medium
119,5,condition_affects_srotas,Low
120,5,condition_affects_srotas,High
121,5,condition_affects_srotas,Medium
122,5,condition_affects_srotas,Medium
123,5,condition_affects_srotas,Low
124,5,condition_affects_srotas,Low
125,5,condition_affects_srotas,Low
126,5,condition_affects_srotas,Low
127,5,condition_affects_srotas,Medium
128,5,condition_affects_srotas,Medium
129,5,condition_affects_srotas,Medium
130,5,condition_affects_srotas,Medium
131,5,condition_affects_srotas,Medium
132,5,condition_affects_srotas,Low
133,7,condition_affects_srotas,High
133,6,condition_affects_srotas,Medium
134,1,condition_affects_srotas,High
134,6,condition_affects_srotas,Medium
135,3,condition_affects_srotas,Low
135,8,condition_affects_srotas,Medium
136,6,condition_affects_srotas,High
136,3,condition_affects_srotas,Medium
137,3,condition_affects_srotas,Low
137,8,condition_affects_srotas,High
138,6,condition_affects_srotas,Medium
138,3,condition_affects_srotas,Low
139,1,condition_affects_srotas,Low
139,11,condition_affects_srotas,Medium
140,1,condition_affects_srotas,Low
140,6,condition_affects_srotas,High
141,7,condition_affects_srotas,Low
141,3,condition_affects_srotas,High
142,2,condition_affects_srotas,Medium
142,9,condition_affects_srotas,Medium
143,2,condition_affects_srotas,Low
143,4,condition_affects_srotas,Medium
144,1,condition_affects_srotas,Medium
144,7,condition_affects_srotas,Medium
145,5,condition_affects_srotas,Low
145,4,condition_affects_srotas,Low
146,3,condition_affects_srotas,High
147,1,condition_affects_srotas,Medium
147,11,condition_affects_srotas,Medium
148,11,condition_affects_srotas,High
148,9,condition_affects_srotas,Low
149,7,condition_affects_srotas,High
149,3,condition_affects_srotas,Medium
150,4,condition_affects_srotas,Low
150,8,condition_affects_srotas,Medium
151,7,condition_affects_srotas,High
151,3,condition_affects_srotas,Low
152,4,condition_affects_srotas,High
152,3,condition_affects_srotas,Medium
153,6,condition_affects_srotas,Low
154,6,condition_affects_srotas,Low
155,6,condition_affects_srotas,Medium
156,6,condition_affects_srotas,High
157,6,condition_affects_srotas,Low
158,6,condition_affects_srotas,Medium
159,6,condition_affects_srotas,High
160,6,condition_affects_srotas,Low
161,6,condition_affects_srotas,Low
162,6,condition_affects_srotas,Low
163,6,condition_affects_srotas,Low
164,6,condition_affects_srotas,Medium
165,6,condition_affects_srotas,Medium
166,6,condition_affects_srotas,Medium
167,6,condition_affects_srotas,Low
168,6,condition_affects_srotas,Low
169,6,condition_affects_srotas,Medium
170,6,condition_affects_srotas,High
171,6,condition_affects_srotas,Medium
172,6,condition_affects_srotas,Medium
173,7,condition_affects_srotas,Medium
173,8,condition_affects_srotas,Medium
174,7,condition_affects_srotas,High
174,8,condition_affects_srotas,High
175,7,condition_affects_srotas,High
175,8,condition_affects_srotas,Medium
176,7,condition_affects_srotas,Medium
176,8,condition_affects_srotas,Medium
177,7,condition_affects_srotas,High
177,8,condition_affects_srotas,High
178,7,condition_affects_srotas,Medium
178,8,condition_affects_srotas,Medium
179,7,condition_affects_srotas,Low
179,8,condition_affects_srotas,High
180,7,condition_affects_srotas,Medium
180,8,condition_affects_srotas,High
181,7,condition_affects_srotas,High
181,8,condition_affects_srotas,Low
182,7,condition_affects_srotas,Low
182,8,condition_affects_srotas,Medium
183,7,condition_affects_srotas,High
183,8,condition_affects_srotas,Low
184,7,condition_affects_srotas,Medium
184,8,condition_affects_srotas,High
185,7,condition_affects_srotas,Medium
185,8,condition_affects_srotas,High
186,7,condition_affects_srotas,Medium
186,8,condition_affects_srotas,Low
187,7,condition_affects_srotas,Low
187,8,condition_affects_srotas,High
188,7,condition_affects_srotas,Low
188,8,condition_affects_srotas,Low
189,7,condition_affects_srotas,Medium
189,8,condition_affects_srotas,Medium
190,7,condition_affects_srotas,Medium
190,8,condition_affects_srotas,Medium
191,7,condition_affects_srotas,Low
191,8,condition_affects_srotas,High
192,7,condition_affects_srotas,High
192,8,condition_affects_srotas,Low
193,2,condition_affects_srotas,Medium
193,9,condition_affects_srotas,High
194,3,condition_affects_srotas,Medium
194,9,condition_affects_srotas,Medium
195,8,condition_affects_srotas,High
195,9,condition_affects_srotas,High
196,2,condition_affects_srotas,High
196,3,condition_affects_srotas,Low
197,7,condition_affects_srotas,High
197,8,condition_affects_srotas,Low
198,7,condition_affects_srotas,Low
198,5,condition_affects_srotas,High
199,5,condition_affects_srotas,Medium
199,4,condition_affects_srotas,Medium
200,6,condition_affects_srotas,Medium
200,2,condition_affects_srotas,Low
201,2,condition_affects_srotas,Medium
201,3,condition_affects_srotas,Medium
202,7,condition_affects_srotas,Medium
202,9,condition_affects_srotas,Low
203,7,condition_affects_srotas,Low
203,4,condition_affects_srotas,Medium
204,7,condition_affects_srotas,Low
204,10,condition_affects_srotas,Low
205,7,condition_affects_srotas,Low
205,5,condition_affects_srotas,Medium
206,10,condition_affects_srotas,Low
206,3,condition_affects_srotas,Medium
207,1,condition_affects_srotas,Low
207,11,condition_affects_srotas,High
208,3,condition_affects_srotas,Medium
208,9,condition_affects_srotas,Medium
209,3,condition_affects_srotas,High
209,8,condition_affects_srotas,Low
210,1,condition_affects_srotas,Medium
210,9,condition_affects_srotas,High
211,3,condition_affects_srotas,Low
211,8,condition_affects_srotas,High
212,10,condition_affects_srotas,High
212,2,condition_affects_srotas,Medium
213,2,condition_affects_srotas,Medium
214,9,condition_affects_srotas,High
215,5,condition_affects_srotas,Medium
216,1,condition_affects_srotas,High
216,3,condition_affects_srotas,High
217,10,condition_affects_srotas,High
217,11,condition_affects_srotas,Low
218,10,condition_affects_srotas,Medium
218,11,condition_affects_srotas,High
219,10,condition_affects_srotas,Low
219,11,condition_affects_srotas,Low
220,4,condition_affects_srotas,Medium
220,3,condition_affects_srotas,Medium
221,5,condition_affects_srotas,Low
222,2,condition_affects_srotas,High
223,10,condition_affects_srotas,High
223,11,condition_affects_srotas,Medium
224,5,condition_affects_srotas,Low
225,2,condition_affects_srotas,Medium
226,2,condition_affects_srotas,Medium
227,5,condition_affects_srotas,Low
228,1,condition_affects_srotas,Medium
228,3,condition_affects_srotas,High
229,1,condition_affects_srotas,Low
229,3,condition_affects_srotas,Medium
230,5,condition_affects_srotas,Medium
231,6,condition_affects_srotas,High
232,1,condition_affects_srotas,Low
232,3,condition_affects_srotas,Medium
233,4,condition_affects_srotas,Low
233,3,condition_affects_srotas,Medium
234,10,condition_affects_srotas,Medium
234,11,condition_affects_srotas,High
235,5,condition_affects_srotas,Low
236,4,condition_affects_srotas,Low
236,3,condition_affects_srotas,Low
237,1,condition_affects_srotas,Low
237,3,condition_affects_srotas,Medium
238,5,condition_affects_srotas,Medium
239,10,condition_affects_srotas,Medium
239,11,condition_affects_srotas,High
240,1,condition_affects_srotas,Medium
240,3,condition_affects_srotas,Low
241,1,condition_affects_srotas,High
241,3,condition_affects_srotas,High
242,2,condition_affects_srotas,Medium
243,2,condition_affects_srotas,Medium
244,4,condition_affects_srotas,Medium
244,3,condition_affects_srotas,Medium
245,1,condition_affects_srotas,Medium
245,3,condition_affects_srotas,High
246,6,condition_affects_srotas,Medium
247,1,condition_affects_srotas,Medium
247,3,condition_affects_srotas,Medium
248,6,condition_affects_srotas,Low
249,1,condition_affects_srotas,Low
249,3,condition_affects_srotas,High
250,5,condition_affects_srotas,Medium
251,9,condition_affects_srotas,Low
252,10,condition_affects_srotas,Low
252,11,condition_affects_srotas,High
253,4,condition_affects_srotas,Medium
253,3,condition_affects_srotas,Medium
254,2,condition_affects_srotas,High
255,1,condition_affects_srotas,High
255,3,condition_affects_srotas,Low
256,2,condition_affects_srotas,Medium
257,5,condition_affects_srotas,Low
258,5,condition_affects_srotas,Low
259,2,condition_affects_srotas,Medium
260,2,condition_affects_srotas,Low
261,2,condition_affects_srotas,High
262,6,condition_affects_srotas,Low
263,1,condition_affects_srotas,Medium
263,3,condition_affects_srotas,High
264,9,condition_affects_srotas,High
265,5,condition_affects_srotas,High
266,10,condition_affects_srotas,High
266,11,condition_affects_srotas,Medium
267,6,condition_affects_srotas,Medium
268,1,condition_affects_srotas,Low
268,3,condition_affects_srotas,Medium
269,6,condition_affects_srotas,Medium
270,1,condition_affects_srotas,Low
270,3,condition_affects_srotas,Medium
271,4,condition_affects_srotas,Low
271,3,condition_affects_srotas,Low
272,5,condition_affects_srotas,Medium
273,1,condition_affects_srotas,Low
273,3,condition_affects_srotas,High
274,5,condition_affects_srotas,Low
275,5,condition_affects_srotas,Low
276,5,condition_affects_srotas,Low
277,5,condition_affects_srotas,Low
278,5,condition_affects_srotas,Medium
279,6,condition_affects_srotas,Low
280,1,condition_affects_srotas,Medium
280,3,condition_affects_srotas,Low
281,5,condition_affects_srotas,Low
282,4,condition_affects_srotas,Medium
282,3,condition_affects_srotas,Low
283,2,condition_affects_srotas,Medium
284,5,condition_affects_srotas,High
285,5,condition_affects_srotas,High
286,5,condition_affects_srotas,High
287,2,condition_affects_srotas,Low
288,6,condition_affects_srotas,High
289,5,condition_affects_srotas,High
290,1,condition_affects_srotas,High
290,3,condition_affects_srotas,Medium
291,6,condition_affects_srotas,Medium
292,1,condition_affects_srotas,Low
292,3,condition_affects_srotas,Low
293,1,condition_affects_srotas,Low
293,3,condition_affects_srotas,High
294,2,condition_affects_srotas,Low
295,9,condition_affects_srotas,Low
296,9,condition_affects_srotas,High
297,10,condition_affects_srotas,Low
297,11,condition_affects_srotas,Medium
298,5,condition_affects_srotas,Medium
299,2,condition_affects_srotas,Low
300,2,condition_affects_srotas,High
301,1,condition_affects_srotas,Low
301,3,condition_affects_srotas,High
302,6,condition_affects_srotas,High
303,10,condition_affects_srotas,High
303,11,condition_affects_srotas,Medium
304,9,condition_affects_srotas,Low
305,10,condition_affects_srotas,Low
305,11,condition_affects_srotas,Low
306,10,condition_affects_srotas,Medium
306,11,condition_affects_srotas,High
307,9,condition_affects_srotas,High
308,1,condition_affects_srotas,Medium
308,3,condition_affects_srotas,Medium
309,9,condition_affects_srotas,Medium
310,10,condition_affects_srotas,Medium
310,11,condition_affects_srotas,Medium
311,9,condition_affects_srotas,High
312,1,condition_affects_srotas,Low
312,3,condition_affects_srotas,High
313,5,condition_affects_srotas,Low
314,1,condition_affects_srotas,Low
314,3,condition_affects_srotas,Medium
315,5,condition_affects_srotas,High
316,5,condition_affects_srotas,Low
317,5,condition_affects_srotas,High
318,5,condition_affects_srotas,Medium
319,5,condition_affects_srotas,Medium
320,10,condition_affects_srotas,Medium
320,11,condition_affects_srotas,Medium
321,10,condition_affects_srotas,Medium
321,11,condition_affects_srotas,Low
322,2,condition_affects_srotas,High
323,1,condition_affects_srotas,Medium
323,3,condition_affects_srotas,Medium
324,5,condition_affects_srotas,Low
325,10,condition_affects_srotas,Low
325,11,condition_affects_srotas,High
326,5,condition_affects_srotas,High
327,1,condition_affects_srotas,Low
327,3,condition_affects_srotas,Low
328,5,condition_affects_srotas,Low
329,1,condition_affects_srotas,Low
329,3,condition_affects_srotas,High
330,2,condition_affects_srotas,High
331,5,condition_affects_srotas,Low
332,4,condition_affects_srotas,High
332,3,condition_affects_srotas,High
333,1,condition_affects_srotas,High
333,3,condition_affects_srotas,High
334,10,condition_affects_srotas,High
334,11,condition_affects_srotas,High
335,4,condition_affects_srotas,High
335,3,condition_affects_srotas,Medium
336,1,condition_affects_srotas,High
336,3,condition_affects_srotas,High
337,10,condition_affects_srotas,Low
337,11,condition_affects_srotas,High
338,5,condition_affects_srotas,Low
339,10,condition_affects_srotas,Medium
339,11,condition_affects_srotas,High
340,5,condition_affects_srotas,Medium
341,9,condition_affects_srotas,Low
342,2,condition_affects_srotas,Medium
343,6,condition_affects_srotas,High
344,1,condition_affects_srotas,Low
344,3,condition_affects_srotas,Medium
345,10,condition_affects_srotas,Medium
345,11,condition_affects_srotas,Medium
346,2,condition_affects_srotas,Low
347,6,condition_affects_srotas,Low
348,10,condition_affects_srotas,Low
348,11,condition_affects_srotas,High
349,10,condition_affects_srotas,Low
349,11,condition_affects_srotas,Medium
350,9,condition_affects_srotas,Low
351,5,condition_affects_srotas,High
352,2,condition_affects_srotas,High
353,10,condition_affects_srotas,Low
353,11,condition_affects_srotas,High
354,2,condition_affects_srotas,Medium
355,1,condition_affects_srotas,Low
355,3,condition_affects_srotas,High
356,10,condition_affects_srotas,High
356,11,condition_affects_srotas,Medium
357,5,condition_affects_srotas,Medium
358,10,condition_affects_srotas,High
358,11,condition_affects_srotas,Medium
359,5,condition_affects_srotas,Low
360,9,condition_affects_srotas,Medium
361,10,condition_affects_srotas,Low
361,11,condition_affects_srotas,Medium
362,1,condition_affects_srotas,Medium
362,3,condition_affects_srotas,High
363,2,condition_affects_srotas,Medium
364,5,condition_affects_srotas,Medium
365,5,condition_affects_srotas,High
366,2,condition_affects_srotas,Low
367,4,condition_affects_srotas,High
367,3,condition_affects_srotas,Low
368,10,condition_affects_srotas,Low
368,11,condition_affects_srotas,High
369,10,condition_affects_srotas,Low
369,11,condition_affects_srotas,Medium
370,2,condition_affects_srotas,Low
371,5,condition_affects_srotas,High
372,1,condition_affects_srotas,Medium
372,3,condition_affects_srotas,Medium
373,10,condition_affects_srotas,Medium
373,11,condition_affects_srotas,High
374,9,condition_affects_srotas,Low
375,5,condition_affects_srotas,High
376,10,condition_affects_srotas,Low
376,11,condition_affects_srotas,Low
377,5,condition_affects_srotas,Low
378,10,condition_affects_srotas,High
378,11,condition_affects_srotas,Low
379,4,condition_affects_srotas,Low
379,3,condition_affects_srotas,Medium
380,1,condition_affects_srotas,Medium
380,3,condition_affects_srotas,Low
381,10,condition_affects_srotas,High
381,11,condition_affects_srotas,High
382,9,condition_affects_srotas,Medium
383,1,condition_affects_srotas,Low
383,3,condition_affects_srotas,Medium
384,10,condition_affects_srotas,Low
384,11,condition_affects_srotas,Low
385,2,condition_affects_srotas,High
386,5,condition_affects_srotas,High
387,1,condition_affects_srotas,High
387,3,condition_affects_srotas,Medium
388,10,condition_affects_srotas,Low
388,11,condition_affects_srotas,Low
389,10,condition_affects_srotas,High
389,11,condition_affects_srotas,High
390,4,condition_affects_srotas,High
390,3,condition_affects_srotas,Low
391,2,condition_affects_srotas,High
392,5,condition_affects_srotas,Low
393,10,condition_affects_srotas,Low
393,11,condition_affects_srotas,High
394,10,condition_affects_srotas,Low
394,11,condition_affects_srotas,Medium
395,1,condition_affects_srotas,High
395,3,condition_affects_srotas,Medium
396,9,condition_affects_srotas,High
397,10,condition_affects_srotas,Low
397,11,condition_affects_srotas,High
398,10,condition_affects_srotas,High
398,11,condition_affects_srotas,Low
399,5,condition_affects_srotas,Medium
400,1,condition_affects_srotas,High
400,3,condition_affects_srotas,Low
401,10,condition_affects_srotas,High
401,11,condition_affects_srotas,Low
402,5,condition_affects_srotas,High
403,5,condition_affects_srotas,High
404,5,condition_affects_srotas,Low
405,1,condition_affects_srotas,Low
405,3,condition_affects_srotas,Low
406,10,condition_affects_srotas,Medium
406,11,condition_affects_srotas,Medium
407,5,condition_affects_srotas,Low
408,1,condition_affects_srotas,High
408,3,condition_affects_srotas,Medium
409,4,condition_affects_srotas,Medium
409,3,condition_affects_srotas,Medium
410,2,condition_affects_srotas,High
411,5,condition_affects_srotas,Medium
412,4,condition_affects_srotas,High
412,3,condition_affects_srotas,Medium
413,2,condition_affects_srotas,Low
414,6,condition_affects_srotas,High
415,1,condition_affects_srotas,Low
415,3,condition_affects_srotas,High
416,9,condition_affects_srotas,Medium
417,10,condition_affects_srotas,Medium
417,11,condition_affects_srotas,High
418,2,condition_affects_srotas,Medium
419,5,condition_affects_srotas,Medium
420,1,condition_affects_srotas,High
420,3,condition_affects_srotas,High
421,10,condition_affects_srotas,Medium
421,11,condition_affects_srotas,Low
422,5,condition_affects_srotas,High
423,1,condition_affects_srotas,High
423,3,condition_affects_srotas,Medium
424,5,condition_affects_srotas,Medium
425,9,condition_affects_srotas,Medium
426,4,condition_affects_srotas,Medium
426,3,condition_affects_srotas,Low
427,1,condition_affects_srotas,High
427,3,condition_affects_srotas,Low
428,1,condition_affects_srotas,Low
428,3,condition_affects_srotas,Medium
429,10,condition_affects_srotas,High
429,11,condition_affects_srotas,Medium
430,10,condition_affects_srotas,Low
430,11,condition_affects_srotas,Low
431,5,condition_affects_srotas,Medium
432,6,condition_affects_srotas,Medium
433,5,condition_affects_srotas,Low
434,1,condition_affects_srotas,Medium
434,3,condition_affects_srotas,Low
435,6,condition_affects_srotas,Low
436,2,condition_affects_srotas,High
437,5,condition_affects_srotas,Medium
438,10,condition_affects_srotas,High
438,11,condition_affects_srotas,Medium
439,1,condition_affects_srotas,High
439,3,condition_affects_srotas,Medium
440,5,condition_affects_srotas,Low
441,1,condition_affects_srotas,Medium
441,3,condition_affects_srotas,Medium
442,10,condition_affects_srotas,Low
442,11,condition_affects_srotas,Low
443,4,condition_affects_srotas,Low
443,3,condition_affects_srotas,Medium
444,5,condition_affects_srotas,Medium
445,9,condition_affects_srotas,High
446,2,condition_affects_srotas,Low
447,10,condition_affects_srotas,Medium
447,11,condition_affects_srotas,Medium
448,1,condition_affects_srotas,Medium
448,3,condition_affects_srotas,Medium
449,10,condition_affects_srotas,High
449,11,condition_affects_srotas,Medium
450,9,condition_affects_srotas,Low
451,4,condition_affects_srotas,High
451,3,condition_affects_srotas,High
452,5,condition_affects_srotas,Medium
453,5,condition_affects_srotas,Medium
454,6,condition_affects_srotas,Medium
455,5,condition_affects_srotas,Medium
456,1,condition_affects_srotas,Medium
456,3,condition_affects_srotas,Medium
457,10,condition_affects_srotas,Low
457,11,condition_affects_srotas,Low
458,10,condition_affects_srotas,Low
458,11,condition_affects_srotas,Medium
459,5,condition_affects_srotas,Medium
460,1,condition_affects_srotas,High
460,3,condition_affects_srotas,High
461,5,condition_affects_srotas,Medium
462,5,condition_affects_srotas,Low
463,1,condition_affects_srotas,High
463,3,condition_affects_srotas,High
464,1,condition_affects_srotas,Medium
464,3,condition_affects_srotas,Low
465,1,condition_affects_srotas,High
465,3,condition_affects_srotas,High
466,5,condition_affects_srotas,Medium
467,5,condition_affects_srotas,Low
468,1,condition_affects_srotas,Low
468,3,condition_affects_srotas,Low
469,2,condition_affects_srotas,Low
470,5,condition_affects_srotas,Medium
471,5,condition_affects_srotas,Medium
472,10,condition_affects_srotas,Low
472,11,condition_affects_srotas,High
473,4,condition_affects_srotas,Medium
473,3,condition_affects_srotas,Low
474,10,condition_affects_srotas,Medium
474,11,condition_affects_srotas,Medium
475,10,condition_affects_srotas,Medium
475,11,condition_affects_srotas,Low
476,5,condition_affects_srotas,Medium
477,5,condition_affects_srotas,High
478,1,condition_affects_srotas,Medium
478,3,condition_affects_srotas,High
479,1,condition_affects_srotas,High
479,3,condition_affects_srotas,High
480,4,condition_affects_srotas,High
480,3,condition_affects_srotas,Low
481,1,condition_affects_srotas,Medium
481,3,condition_affects_srotas,Low
482,10,condition_affects_srotas,High
482,11,condition_affects_srotas,Medium
483,2,condition_affects_srotas,Medium
484,4,condition_affects_srotas,Low
484,3,condition_affects_srotas,Low
485,5,condition_affects_srotas,Medium
486,6,condition_affects_srotas,High
487,5,condition_affects_srotas,Medium
488,10,condition_affects_srotas,Medium
488,11,condition_affects_srotas,Low
489,9,condition_affects_srotas,Low
490,1,condition_affects_srotas,Medium
490,3,condition_affects_srotas,Low
491,10,condition_affects_srotas,Low
491,11,condition_affects_srotas,Low
492,4,condition_affects_srotas,High
492,3,condition_affects_srotas,Medium
493,5,condition_affects_srotas,High
494,2,condition_affects_srotas,Medium
495,1,condition_affects_srotas,Low
495,3,condition_affects_srotas,Low
496,6,condition_affects_srotas,Medium
497,2,condition_affects_srotas,Low
498,5,condition_affects_srotas,Low
499,1,condition_affects_srotas,Low
499,3,condition_affects_srotas,High
500,5,condition_affects_srotas,Low
501,1,condition_affects_srotas,Low
501,3,condition_affects_srotas,Medium
502,10,condition_affects_srotas,Low
502,11,condition_affects_srotas,Medium
503,5,condition_affects_srotas,High
504,2,condition_affects_srotas,High
505,2,condition_affects_srotas,Medium
506,10,condition_affects_srotas,Medium
506,11,condition_affects_srotas,High
507,5,condition_affects_srotas,High
508,10,condition_affects_srotas,Medium
508,11,condition_affects_srotas,Low
509,5,condition_affects_srotas,Low
510,10,condition_affects_srotas,Medium
510,11,condition_affects_srotas,Low
511,6,condition_affects_srotas,Medium
512,10,condition_affects_srotas,Medium
512,11,condition_affects_srotas,Low
513,10,condition_affects_srotas,Medium
513,11,condition_affects_srotas,Medium
514,10,condition_affects_srotas,High
514,11,condition_affects_srotas,Medium
515,5,condition_affects_srotas,High
516,5,condition_affects_srotas,High
517,10,condition_affects_srotas,Medium
517,11,condition_affects_srotas,Medium
518,1,condition_affects_srotas,Medium
518,3,condition_affects_srotas,Medium
519,9,condition_affects_srotas,Medium
520,2,condition_affects_srotas,Medium
521,10,condition_affects_srotas,High
521,11,condition_affects_srotas,High
522,4,condition_affects_srotas,Medium
522,3,condition_affects_srotas,High
523,2,condition_affects_srotas,Low
524,4,condition_affects_srotas,Medium
524,3,condition_affects_srotas,Medium
525,5,condition_affects_srotas,High
526,10,condition_affects_srotas,Medium
526,11,condition_affects_srotas,Low
527,5,condition_affects_srotas,Medium
528,5,condition_affects_srotas,High
529,4,condition_affects_srotas,High
529,3,condition_affects_srotas,High
530,1,condition_affects_srotas,Low
530,3,condition_affects_srotas,Low
531,10,condition_affects_srotas,Medium
531,11,condition_affects_srotas,High
532,10,condition_affects_srotas,Low
532,11,condition_affects_srotas,Low
533,2,condition_affects_srotas,Low
534,4,condition_affects_srotas,Medium
534,3,condition_affects_srotas,Low
535,6,condition_affects_srotas,High
536,2,condition_affects_srotas,Medium
537,2,condition_affects_srotas,High
538,10,condition_affects_srotas,Low
538,11,condition_affects_srotas,Low
539,5,condition_affects_srotas,Low
540,1,condition_affects_srotas,Medium
540,3,condition_affects_srotas,Low
541,1,condition_affects_srotas,High
541,3,condition_affects_srotas,Low
542,2,condition_affects_srotas,Medium
543,1,condition_affects_srotas,Low
543,3,condition_affects_srotas,Medium
544,2,condition_affects_srotas,High
545,1,condition_affects_srotas,Low
545,3,condition_affects_srotas,High
546,10,condition_affects_srotas,Low
546,11,condition_affects_srotas,Medium
547,2,condition_affects_srotas,Medium
548,10,condition_affects_srotas,High
548,11,condition_affects_srotas,High
549,10,condition_affects_srotas,Medium
549,11,condition_affects_srotas,Low
550,5,condition_affects_srotas,Low
551,5,condition_affects_srotas,High
552,10,condition_affects_srotas,Medium
552,11,condition_affects_srotas,Low
553,5,condition_affects_srotas,Medium
554,5,condition_affects_srotas,High
555,1,condition_affects_srotas,Medium
555,3,condition_affects_srotas,Medium
556,2,condition_affects_srotas,Medium
557,9,condition_affects_srotas,Low
558,4,condition_affects_srotas,Medium
558,3,condition_affects_srotas,Low
559,10,condition_affects_srotas,Low
559,11,condition_affects_srotas,Medium
560,9,condition_affects_srotas,Medium
561,1,condition_affects_srotas,Medium
561,3,condition_affects_srotas,High
562,10,condition_affects_srotas,Low
562,11,condition_affects_srotas,High
563,5,condition_affects_srotas,Medium
564,6,condition_affects_srotas,Medium
565,10,condition_affects_srotas,High
565,11,condition_affects_srotas,Low
566,5,condition_affects_srotas,Low
567,4,condition_affects_srotas,High
567,3,condition_affects_srotas,Low
568,5,condition_affects_srotas,High
569,5,condition_affects_srotas,High
570,10,condition_affects_srotas,Medium
570,11,condition_affects_srotas,Low
571,9,condition_affects_srotas,High
572,5,condition_affects_srotas,High
573,6,condition_affects_srotas,Low
574,1,condition_affects_srotas,High
574,3,condition_affects_srotas,Medium
575,1,condition_affects_srotas,Low
575,3,condition_affects_srotas,Medium
576,6,condition_affects_srotas,Medium
577,2,condition_affects_srotas,Low
578,6,condition_affects_srotas,Medium
579,5,condition_affects_srotas,High
580,9,condition_affects_srotas,High
581,10,condition_affects_srotas,Medium
581,11,condition_affects_srotas,High
582,1,condition_affects_srotas,High
582,3,condition_affects_srotas,Low
583,1,condition_affects_srotas,Low
583,3,condition_affects_srotas,Medium
584,4,condition_affects_srotas,High
584,3,condition_affects_srotas,High
585,6,condition_affects_srotas,High
586,1,condition_affects_srotas,Medium
586,3,condition_affects_srotas,Low
587,4,condition_affects_srotas,Low
587,3,condition_affects_srotas,High
588,4,condition_affects_srotas,High
588,3,condition_affects_srotas,Low
589,5,condition_affects_srotas,Medium
590,1,condition_affects_srotas,High
590,3,condition_affects_srotas,High
591,5,condition_affects_srotas,High
592,1,condition_affects_srotas,High
592,3,condition_affects_srotas,Medium
593,2,condition_affects_srotas,Low
594,10,condition_affects_srotas,Low
594,11,condition_affects_srotas,High
595,10,condition_affects_srotas,High
595,11,condition_affects_srotas,Low
596,1,condition_affects_srotas,Low
596,3,condition_affects_srotas,Medium
597,10,condition_affects_srotas,High
597,11,condition_affects_srotas,Low
598,5,condition_affects_srotas,Medium
599,10,condition_affects_srotas,High
599,11,condition_affects_srotas,High
600,9,condition_affects_srotas,Low
601,1,condition_affects_srotas,High
601,3,condition_affects_srotas,Low
602,4,condition_affects_srotas,High
602,3,condition_affects_srotas,Low
603,5,condition_affects_srotas,Medium
604,10,condition_affects_srotas,Low
604,11,condition_affects_srotas,Low
605,1,condition_affects_srotas,Low
605,3,condition_affects_srotas,High
606,4,condition_affects_srotas,High
606,3,condition_affects_srotas,Low
607,10,condition_affects_srotas,High
607,11,condition_affects_srotas,High
608,5,condition_affects_srotas,Low
609,2,condition_affects_srotas,Medium
610,2,condition_affects_srotas,Low
611,2,condition_affects_srotas,High
612,5,condition_affects_srotas,Low
613,2,condition_affects_srotas,Low
614,9,condition_affects_srotas,Low
615,1,condition_affects_srotas,High
615,3,condition_affects_srotas,Medium
616,2,condition_affects_srotas,Low
617,5,condition_affects_srotas,High
618,10,condition_affects_srotas,Medium
618,11,condition_affects_srotas,High
619,5,condition_affects_srotas,Medium
620,5,condition_affects_srotas,High
621,6,condition_affects_srotas,High
622,10,condition_affects_srotas,Low
622,11,condition_affects_srotas,High
623,10,condition_affects_srotas,Medium
623,11,condition_affects_srotas,Medium
624,5,condition_affects_srotas,High
625,1,condition_affects_srotas,High
625,3,condition_affects_srotas,Medium
626,2,condition_affects_srotas,Medium
627,4,condition_affects_srotas,Low
627,3,condition_affects_srotas,Low
628,5,condition_affects_srotas,High
629,5,condition_affects_srotas,Medium
630,10,condition_affects_srotas,Medium
630,11,condition_affects_srotas,Medium
631,4,condition_affects_srotas,Medium
631,3,condition_affects_srotas,Medium
632,1,condition_affects_srotas,High
632,3,condition_affects_srotas,Medium
633,10,condition_affects_srotas,High
633,11,condition_affects_srotas,High
634,4,condition_affects_srotas,High
634,3,condition_affects_srotas,High
635,1,condition_affects_srotas,High
635,3,condition_affects_srotas,High
636,10,condition_affects_srotas,Medium
636,11,condition_affects_srotas,High
637,5,condition_affects_srotas,Low
638,5,condition_affects_srotas,High
639,10,condition_affects_srotas,High
639,11,condition_affects_srotas,Medium
640,4,condition_affects_srotas,Medium
640,3,condition_affects_srotas,High
641,10,condition_affects_srotas,Low
641,11,condition_affects_srotas,Medium
642,10,condition_affects_srotas,Medium
642,11,condition_affects_srotas,Low
643,10,condition_affects_srotas,Medium
643,11,condition_affects_srotas,Medium
644,1,condition_affects_srotas,Medium
644,3,condition_affects_srotas,Low
645,4,condition_affects_srotas,Medium
645,3,condition_affects_srotas,High
646,10,condition_affects_srotas,Low
646,11,condition_affects_srotas,Medium
647,10,condition_affects_srotas,Medium
647,11,condition_affects_srotas,High
648,9,condition_affects_srotas,Low
649,2,condition_affects_srotas,Medium
650,2,condition_affects_srotas,High
651,5,condition_affects_srotas,High
652,1,condition_affects_srotas,Low
652,3,condition_affects_srotas,Low
653,4,condition_affects_srotas,Low
653,3,condition_affects_srotas,Low
654,10,condition_affects_srotas,High
654,11,condition_affects_srotas,Low
655,5,condition_affects_srotas,High
656,4,condition_affects_srotas,Medium
656,3,condition_affects_srotas,Medium
657,2,condition_affects_srotas,Low
658,6,condition_affects_srotas,Low
659,5,condition_affects_srotas,Medium
660,9,condition_affects_srotas,Low
661,1,condition_affects_srotas,High
661,3,condition_affects_srotas,High
662,6,condition_affects_srotas,High
663,10,condition_affects_srotas,Medium
663,11,condition_affects_srotas,Low
664,10,condition_affects_srotas,High
664,11,condition_affects_srotas,Low
665,5,condition_affects_srotas,Medium
666,5,condition_affects_srotas,Low
667,1,condition_affects_srotas,High
667,3,condition_affects_srotas,Low
668,1,condition_affects_srotas,High
668,3,condition_affects_srotas,Medium
669,5,condition_affects_srotas,High
670,1,condition_affects_srotas,Low
670,3,condition_affects_srotas,Medium
671,2,condition_affects_srotas,High
672,5,condition_affects_srotas,Medium
673,2,condition_affects_srotas,Low
674,5,condition_affects_srotas,Low
675,2,condition_affects_srotas,High
676,5,condition_affects_srotas,Medium
677,4,condition_affects_srotas,High
677,3,condition_affects_srotas,High
678,5,condition_affects_srotas,Medium
679,10,condition_affects_srotas,Low
679,11,condition_affects_srotas,High
680,6,condition_affects_srotas,Low
681,10,condition_affects_srotas,High
681,11,condition_affects_srotas,Medium
682,10,condition_affects_srotas,High
682,11,condition_affects_srotas,Medium
683,2,condition_affects_srotas,Low
684,9,condition_affects_srotas,Medium
685,1,condition_affects_srotas,Low
685,3,condition_affects_srotas,High
686,2,condition_affects_srotas,Low
687,2,condition_affects_srotas,High
688,5,condition_affects_srotas,High
689,2,condition_affects_srotas,Low
690,6,condition_affects_srotas,Low
691,9,condition_affects_srotas,Low
692,9,condition_affects_srotas,Low
693,1,condition_affects_srotas,Low
693,3,condition_affects_srotas,Medium
694,5,condition_affects_srotas,Medium
695,5,condition_affects_srotas,Medium
696,5,condition_affects_srotas,Low
697,2,condition_affects_srotas,High
698,2,condition_affects_srotas,Low
699,9,condition_affects_srotas,Medium
700,10,condition_affects_srotas,High
700,11,condition_affects_srotas,Medium
701,10,condition_affects_srotas,Medium
701,11,condition_affects_srotas,Medium
702,6,condition_affects_srotas,High
703,2,condition_affects_srotas,Low
704,5,condition_affects_srotas,High
705,10,condition_affects_srotas,High
705,11,condition_affects_srotas,Medium
706,9,condition_affects_srotas,Low
707,6,condition_affects_srotas,Low
708,2,condition_affects_srotas,High
709,1,condition_affects_srotas,Medium
709,3,condition_affects_srotas,Low
710,5,condition_affects_srotas,High
711,10,condition_affects_srotas,Medium
711,11,condition_affects_srotas,Medium
712,5,condition_affects_srotas,Low
713,2,condition_affects_srotas,Medium
714,5,condition_affects_srotas,Low
715,4,condition_affects_srotas,Low
715,3,condition_affects_srotas,Medium
716,5,condition_affects_srotas,High
717,10,condition_affects_srotas,Medium
717,11,condition_affects_srotas,High
718,10,condition_affects_srotas,High
718,11,condition_affects_srotas,Low
719,10,condition_affects_srotas,Medium
719,11,condition_affects_srotas,High
720,10,condition_affects_srotas,High
720,11,condition_affects_srotas,High
721,1,condition_affects_srotas,Low
721,3,condition_affects_srotas,Low
722,2,condition_affects_srotas,Medium
723,10,condition_affects_srotas,High
723,11,condition_affects_srotas,Low
724,5,condition_affects_srotas,Low
725,10,condition_affects_srotas,High
725,11,condition_affects_srotas,High
726,1,condition_affects_srotas,Medium
726,3,condition_affects_srotas,Low
727,5,condition_affects_srotas,Medium
728,1,condition_affects_srotas,Medium
728,3,condition_affects_srotas,Low
729,1,condition_affects_srotas,High
729,3,condition_affects_srotas,Low
730,6,condition_affects_srotas,High
731,5,condition_affects_srotas,Medium
732,9,condition_affects_srotas,Low
733,5,condition_affects_srotas,Low
734,2,condition_affects_srotas,High
735,2,condition_affects_srotas,Medium
736,1,condition_affects_srotas,High
736,3,condition_affects_srotas,Low
737,1,condition_affects_srotas,High
737,3,condition_affects_srotas,Low
738,1,condition_affects_srotas,High
738,3,condition_affects_srotas,High
739,10,condition_affects_srotas,Medium
739,11,condition_affects_srotas,Low
740,5,condition_affects_srotas,Low
741,5,condition_affects_srotas,Low
742,9,condition_affects_srotas,High
743,1,condition_affects_srotas,High
743,3,condition_affects_srotas,Low
744,1,condition_affects_srotas,Low
744,3,condition_affects_srotas,High
745,5,condition_affects_srotas,Low
746,10,condition_affects_srotas,High
746,11,condition_affects_srotas,Medium
747,10,condition_affects_srotas,Low
747,11,condition_affects_srotas,High
748,5,condition_affects_srotas,High
749,6,condition_affects_srotas,Medium
750,5,condition_affects_srotas,Medium
751,5,condition_affects_srotas,Low
752,5,condition_affects_srotas,Medium
753,1,condition_affects_srotas,Low
753,3,condition_affects_srotas,High
754,9,condition_affects_srotas,High
755,6,condition_affects_srotas,High
756,4,condition_affects_srotas,High
756,3,condition_affects_srotas,Medium
757,10,condition_affects_srotas,High
757,11,condition_affects_srotas,Medium
758,4,condition_affects_srotas,High
758,3,condition_affects_srotas,High
759,1,condition_affects_srotas,High
759,3,condition_affects_srotas,High
760,10,condition_affects_srotas,Medium
760,11,condition_affects_srotas,Medium
761,1,condition_affects_srotas,High
761,3,condition_affects_srotas,Medium
762,5,condition_affects_srotas,High
763,4,condition_affects_srotas,Low
763,3,condition_affects_srotas,Medium
764,5,condition_affects_srotas,Medium
765,5,condition_affects_srotas,Low
766,2,condition_affects_srotas,High
767,4,condition_affects_srotas,Low
767,3,condition_affects_srotas,Medium
768,5,condition_affects_srotas,High
769,1,condition_affects_srotas,Medium
769,3,condition_affects_srotas,Medium
770,1,condition_affects_srotas,High
770,3,condition_affects_srotas,High
771,9,condition_affects_srotas,Medium
772,1,condition_affects_srotas,High
772,3,condition_affects_srotas,High
773,10,condition_affects_srotas,Medium
773,11,condition_affects_srotas,Low
774,4,condition_affects_srotas,High
774,3,condition_affects_srotas,Low
775,5,condition_affects_srotas,High
776,5,condition_affects_srotas,High
777,5,condition_affects_srotas,Medium
778,10,condition_affects_srotas,High
778,11,condition_affects_srotas,High
779,2,condition_affects_srotas,Low
780,1,condition_affects_srotas,Medium
780,3,condition_affects_srotas,Low
781,5,condition_affects_srotas,High
782,6,condition_affects_srotas,Medium
783,4,condition_affects_srotas,Low
783,3,condition_affects_srotas,Low
784,10,condition_affects_srotas,Medium
784,11,condition_affects_srotas,Medium
785,1,condition_affects_srotas,Low
785,3,condition_affects_srotas,High
786,10,condition_affects_srotas,Medium
786,11,condition_affects_srotas,Low
787,5,condition_affects_srotas,Medium
788,4,condition_affects_srotas,Low
788,3,condition_affects_srotas,Low
789,5,condition_affects_srotas,Low
790,5,condition_affects_srotas,Medium
791,10,condition_affects_srotas,High
791,11,condition_affects_srotas,Medium
792,2,condition_affects_srotas,Medium
793,6,condition_affects_srotas,High
794,5,condition_affects_srotas,Low
795,1,condition_affects_srotas,Low
795,3,condition_affects_srotas,Low
796,4,condition_affects_srotas,Low
796,3,condition_affects_srotas,High
797,10,condition_affects_srotas,High
797,11,condition_affects_srotas,High
798,1,condition_affects_srotas,Low
798,3,condition_affects_srotas,High
799,5,condition_affects_srotas,High
800,6,condition_affects_srotas,Medium
801,1,condition_affects_srotas,Low
801,3,condition_affects_srotas,Low
802,5,condition_affects_srotas,Low
803,10,condition_affects_srotas,Low
803,11,condition_affects_srotas,Medium
804,5,condition_affects_srotas,Medium
805,1,condition_affects_srotas,Medium
805,3,condition_affects_srotas,High
806,4,condition_affects_srotas,Medium
806,3,condition_affects_srotas,Low
807,10,condition_affects_srotas,High
807,11,condition_affects_srotas,Low
808,6,condition_affects_srotas,High
809,9,condition_affects_srotas,Medium
810,10,condition_affects_srotas,Medium
810,11,condition_affects_srotas,Low
811,1,condition_affects_srotas,Medium
811,3,condition_affects_srotas,Low
812,5,condition_affects_srotas,Medium
813,1,condition_affects_srotas,Medium
813,3,condition_affects_srotas,High
814,9,condition_affects_srotas,Low
815,5,condition_affects_srotas,Medium
816,10,condition_affects_srotas,Medium
816,11,condition_affects_srotas,Medium
817,5,condition_affects_srotas,Medium
818,1,condition_affects_srotas,Low
818,3,condition_affects_srotas,Low
819,2,condition_affects_srotas,Low
820,1,condition_affects_srotas,Low
820,3,condition_affects_srotas,Low
821,4,condition_affects_srotas,Medium
821,3,condition_affects_srotas,Low
822,10,condition_affects_srotas,Medium
822,11,condition_affects_srotas,High
823,2,condition_affects_srotas,High
824,6,condition_affects_srotas,Medium
825,5,condition_affects_srotas,High
826,1,condition_affects_srotas,High
826,3,condition_affects_srotas,Low
827,1,condition_affects_srotas,High
827,3,condition_affects_srotas,Medium
828,10,condition_affects_srotas,High
828,11,condition_affects_srotas,High
829,5,condition_affects_srotas,Medium
830,10,condition_affects_srotas,Medium
830,11,condition_affects_srotas,Low
831,5,condition_affects_srotas,Low
832,4,condition_affects_srotas,Medium
832,3,condition_affects_srotas,Medium
833,10,condition_affects_srotas,Medium
833,11,condition_affects_srotas,Low
834,2,condition_affects_srotas,Low
835,1,condition_affects_srotas,Low
835,3,condition_affects_srotas,High
836,5,condition_affects_srotas,High
837,10,condition_affects_srotas,High
837,11,condition_affects_srotas,High
838,1,condition_affects_srotas,Low
838,3,condition_affects_srotas,Low
839,2,condition_affects_srotas,Medium
840,1,condition_affects_srotas,Low
840,3,condition_affects_srotas,Low
841,1,condition_affects_srotas,Medium
841,3,condition_affects_srotas,High
842,5,condition_affects_srotas,Low
843,10,condition_affects_srotas,Low
843,11,condition_affects_srotas,Medium
844,1,condition_affects_srotas,Low
844,3,condition_affects_srotas,Low
845,9,condition_affects_srotas,Medium
846,6,condition_affects_srotas,Medium
847,10,condition_affects_srotas,Low
847,11,condition_affects_srotas,Medium
848,6,condition_affects_srotas,High
849,10,condition_affects_srotas,Medium
849,11,condition_affects_srotas,Medium
850,1,condition_affects_srotas,High
850,3,condition_affects_srotas,Medium
851,9,condition_affects_srotas,Medium
852,1,condition_affects_srotas,High
852,3,condition_affects_srotas,Low
853,2,condition_affects_srotas,High
854,2,condition_affects_srotas,High
855,5,condition_affects_srotas,High
856,1,condition_affects_srotas,Low
856,3,condition_affects_srotas,High
857,2,condition_affects_srotas,Low
858,5,condition_affects_srotas,Low
859,2,condition_affects_srotas,Medium
860,5,condition_affects_srotas,Medium
861,10,condition_affects_srotas,Medium
861,11,condition_affects_srotas,Low
862,6,condition_affects_srotas,Medium
863,10,condition_affects_srotas,High
863,11,condition_affects_srotas,Low
864,1,condition_affects_srotas,High
864,3,condition_affects_srotas,High
865,10,condition_affects_srotas,High
865,11,condition_affects_srotas,Low
866,5,condition_affects_srotas,High
867,5,condition_affects_srotas,Low
868,5,condition_affects_srotas,High
869,1,condition_affects_srotas,Low
869,3,condition_affects_srotas,Medium
870,2,condition_affects_srotas,High
871,6,condition_affects_srotas,Medium
872,10,condition_affects_srotas,Medium
872,11,condition_affects_srotas,High
873,5,condition_affects_srotas,Medium
874,2,condition_affects_srotas,Low
875,10,condition_affects_srotas,Medium
875,11,condition_affects_srotas,Medium
876,5,condition_affects_srotas,High
877,10,condition_affects_srotas,Medium
877,11,condition_affects_srotas,High
878,1,condition_affects_srotas,Low
878,3,condition_affects_srotas,High
879,2,condition_affects_srotas,Low
880,5,condition_affects_srotas,Low
881,1,condition_affects_srotas,Medium
881,3,condition_affects_srotas,Medium
882,6,condition_affects_srotas,Medium
883,10,condition_affects_srotas,Medium
883,11,condition_affects_srotas,Medium
884,10,condition_affects_srotas,Medium
884,11,condition_affects_srotas,Medium
885,10,condition_affects_srotas,Medium
885,11,condition_affects_srotas,Medium
886,5,condition_affects_srotas,Medium
887,5,condition_affects_srotas,Medium
888,5,condition_affects_srotas,Medium
889,2,condition_affects_srotas,Low
890,2,condition_affects_srotas,High
891,10,condition_affects_srotas,Medium
891,11,condition_affects_srotas,Medium
892,5,condition_affects_srotas,Low
893,10,condition_affects_srotas,High
893,11,condition_affects_srotas,Low
894,5,condition_affects_srotas,Low
895,1,condition_affects_srotas,High
895,3,condition_affects_srotas,Medium
896,10,condition_affects_srotas,Low
896,11,condition_affects_srotas,High
897,1,condition_affects_srotas,Low
897,3,condition_affects_srotas,Low
898,10,condition_affects_srotas,Low
898,11,condition_affects_srotas,Low
899,1,condition_affects_srotas,Medium
899,3,condition_affects_srotas,High
900,2,condition_affects_srotas,High
901,2,condition_affects_srotas,Low
902,1,condition_affects_srotas,High
902,3,condition_affects_srotas,High
903,10,condition_affects_srotas,Medium
903,11,condition_affects_srotas,Medium
904,5,condition_affects_srotas,Low
905,5,condition_affects_srotas,Medium
906,1,condition_affects_srotas,Medium
906,3,condition_affects_srotas,High
907,10,condition_affects_srotas,Medium
907,11,condition_affects_srotas,High
908,1,condition_affects_srotas,Medium
908,3,condition_affects_srotas,Low
909,5,condition_affects_srotas,Low
910,2,condition_affects_srotas,Low
911,9,condition_affects_srotas,Medium
912,5,condition_affects_srotas,Low
913,5,condition_affects_srotas,Low
914,10,condition_affects_srotas,High
914,11,condition_affects_srotas,Low
915,10,condition_affects_srotas,Medium
915,11,condition_affects_srotas,Medium
916,4,condition_affects_srotas,Low
916,3,condition_affects_srotas,Low
917,2,condition_affects_srotas,Low
918,5,condition_affects_srotas,High
919,5,condition_affects_srotas,Low
920,9,condition_affects_srotas,Medium
921,6,condition_affects_srotas,Medium
922,10,condition_affects_srotas,Medium
922,11,condition_affects_srotas,Medium
923,10,condition_affects_srotas,Medium
923,11,condition_affects_srotas,Medium
924,2,condition_affects_srotas,Medium
925,2,condition_affects_srotas,High
926,2,condition_affects_srotas,Medium
927,4,condition_affects_srotas,Medium
927,3,condition_affects_srotas,Low
928,10,condition_affects_srotas,High
928,11,condition_affects_srotas,High
929,5,condition_affects_srotas,Low
930,1,condition_affects_srotas,Medium
930,3,condition_affects_srotas,Medium
931,2,condition_affects_srotas,Medium
932,1,condition_affects_srotas,High
932,3,condition_affects_srotas,Low
933,5,condition_affects_srotas,High
934,5,condition_affects_srotas,Low
935,2,condition_affects_srotas,Medium
936,10,condition_affects_srotas,Medium
936,11,condition_affects_srotas,High
937,1,condition_affects_srotas,High
937,3,condition_affects_srotas,High
938,5,condition_affects_srotas,High
939,5,condition_affects_srotas,Low
940,5,condition_affects_srotas,Medium
941,5,condition_affects_srotas,Low
942,1,condition_affects_srotas,Medium
942,3,condition_affects_srotas,Medium
943,1,condition_affects_srotas,Low
943,3,condition_affects_srotas,High
944,2,condition_affects_srotas,Low
945,5,condition_affects_srotas,Low
946,5,condition_affects_srotas,Low
947,6,condition_affects_srotas,Low
948,1,condition_affects_srotas,High
948,3,condition_affects_srotas,Medium
949,6,condition_affects_srotas,High
950,1,condition_affects_srotas,Medium
950,3,condition_affects_srotas,High
951,5,condition_affects_srotas,Medium
952,10,condition_affects_srotas,High
952,11,condition_affects_srotas,Low
953,10,condition_affects_srotas,Low
953,11,condition_affects_srotas,High
954,5,condition_affects_srotas,Low
955,1,condition_affects_srotas,Medium
955,3,condition_affects_srotas,Low
956,5,condition_affects_srotas,Medium
957,1,condition_affects_srotas,High
957,3,condition_affects_srotas,High
958,5,condition_affects_srotas,Low
959,5,condition_affects_srotas,High
960,6,condition_affects_srotas,Medium
961,9,condition_affects_srotas,High
962,5,condition_affects_srotas,Low
963,5,condition_affects_srotas,Low
964,2,condition_affects_srotas,Low
965,2,condition_affects_srotas,Low
966,10,condition_affects_srotas,Low
966,11,condition_affects_srotas,High
967,5,condition_affects_srotas,Medium
968,6,condition_affects_srotas,Medium
969,5,condition_affects_srotas,High
970,1,condition_affects_srotas,High
970,3,condition_affects_srotas,Low
971,10,condition_affects_srotas,Medium
971,11,condition_affects_srotas,High
972,5,condition_affects_srotas,High
973,1,condition_affects_srotas,Medium
973,3,condition_affects_srotas,High
974,1,condition_affects_srotas,High
974,3,condition_affects_srotas,High
975,2,condition_affects_srotas,High
976,6,condition_affects_srotas,High
977,10,condition_affects_srotas,Medium
977,11,condition_affects_srotas,Medium
978,5,condition_affects_srotas,High
979,1,condition_affects_srotas,High
979,3,condition_affects_srotas,High
980,10,condition_affects_srotas,Medium
980,11,condition_affects_srotas,Medium
981,1,condition_affects_srotas,Low
981,3,condition_affects_srotas,High
982,1,condition_affects_srotas,Low
982,3,condition_affects_srotas,Medium
983,5,condition_affects_srotas,High
984,5,condition_affects_srotas,Medium
985,2,condition_affects_srotas,Medium
986,1,condition_affects_srotas,Low
986,3,condition_affects_srotas,Low
987,1,condition_affects_srotas,High
987,3,condition_affects_srotas,Medium
988,4,condition_affects_srotas,Low
988,3,condition_affects_srotas,Medium
989,6,condition_affects_srotas,Medium
990,10,condition_affects_srotas,High
990,11,condition_affects_srotas,Medium
991,10,condition_affects_srotas,Low
991,11,condition_affects_srotas,High
992,5,condition_affects_srotas,High
