source_node_id,target_node_id,relationship_type,effect_type,intensity,primary_action,secondary_action
1,1,herb_balances_dosha,Balancing,High,Grounding,Calming
1,2,herb_balances_dosha,Balancing,Medium,Cooling,Nourishing
2,2,herb_balances_dosha,Balancing,High,Cooling,Anti-inflammatory
2,3,herb_balances_dosha,Balancing,Medium,Drying,Lightening
3,1,herb_balances_dosha,Balancing,Medium,Drying,Lightening
3,2,herb_balances_dosha,Balancing,High,Cooling,Digestive stimulant
3,3,herb_balances_dosha,Balancing,High,Drying,Lightening
4,1,herb_balances_dosha,Balancing,High,Grounding,Nourishing
4,3,herb_balances_dosha,Balancing,Medium,Grounding,Calming
5,2,herb_balances_dosha,Balancing,High,Cooling,Anti-inflammatory
5,3,herb_balances_dosha,Balancing,Medium,Drying,Anti-bacterial
6,1,herb_balances_dosha,Balancing,Medium,Warming,Stimulating
6,3,herb_balances_dosha,Balancing,High,Warming,Drying
7,2,herb_balances_dosha,Balancing,High,Cooling,Rejuvenating
8,2,herb_balances_dosha,Balancing,Medium,Cooling,Nourishing
8,1,herb_balances_dosha,Balancing,High,Grounding,Nourishing
9,1,herb_balances_dosha,Balancing,High,Grounding,Drying
9,3,herb_balances_dosha,Balancing,High,Drying,Lightening
10,1,herb_balances_dosha,Balancing,Medium,Grounding,Warming
10,3,herb_balances_dosha,Balancing,High,Warming,Drying
11,2,herb_balances_dosha,Balancing,High,Cooling,Astringent
11,3,herb_balances_dosha,Balancing,Medium,Drying,Astringent
12,1,herb_balances_dosha,Balancing,High,Drying,Astringent
12,3,herb_balances_dosha,Balancing,Medium,Drying,Astringent
13,2,herb_balances_dosha,Balancing,Medium,Cooling,Astringent
13,3,herb_balances_dosha,Balancing,High,Drying,Astringent
14,2,herb_balances_dosha,Balancing,High,Cooling,Moistening
14,1,herb_balances_dosha,Balancing,Medium,Grounding,Moistening
15,1,herb_balances_dosha,Balancing,Medium,Warming,Stimulating
15,2,herb_balances_dosha,Balancing,High,Warming,Stimulating
16,1,herb_balances_dosha,Balancing,Medium,Drying,Diuretic
16,3,herb_balances_dosha,Balancing,High,Drying,Diuretic
17,1,herb_balances_dosha,Balancing,High,Grounding,Calming
17,2,herb_balances_dosha,Balancing,Medium,Cooling,Nourishing
18,1,herb_balances_dosha,Balancing,High,Grounding,Calming
18,3,herb_balances_dosha,Balancing,Medium,Grounding,Calming
19,2,herb_balances_dosha,Balancing,High,Cooling,Hair nourishing
19,3,herb_balances_dosha,Balancing,Medium,Drying,Hair nourishing
20,2,herb_balances_dosha,Balancing,High,Cooling,Blood purifying
20,3,herb_balances_dosha,Balancing,Medium,Drying,Blood purifying
21,2,herb_balances_dosha,Balancing,High,Cooling,Liver protective
21,3,herb_balances_dosha,Balancing,Medium,Drying,Liver protective
22,1,herb_balances_dosha,Balancing,Medium,Grounding,Immune boosting
22,2,herb_balances_dosha,Balancing,High,Cooling,Immune boosting
22,3,herb_balances_dosha,Balancing,Medium,Drying,Immune boosting
23,2,herb_balances_dosha,Balancing,High,Cooling,Rejuvenating
23,1,herb_balances_dosha,Balancing,Medium,Grounding,Rejuvenating
24,1,herb_balances_dosha,Balancing,Medium,Warming,Digestive stimulant
24,3,herb_balances_dosha,Balancing,High,Warming,Digestive stimulant
25,1,herb_balances_dosha,Balancing,High,Drying,Diuretic
25,3,herb_balances_dosha,Balancing,Medium,Drying,Diuretic
26,1,herb_balances_dosha,Balancing,Medium,Warming,Digestive stimulant
26,3,herb_balances_dosha,Balancing,High,Warming,Digestive stimulant
27,2,herb_balances_dosha,Balancing,High,Cooling,Anti-inflammatory
27,3,herb_balances_dosha,Balancing,Medium,Drying,Lightening
28,2,herb_balances_dosha,Balancing,High,Cooling,Liver protective
28,3,herb_balances_dosha,Balancing,Medium,Drying,Liver protective
29,1,herb_balances_dosha,Balancing,Medium,Warming,Stimulating
29,3,herb_balances_dosha,Balancing,High,Warming,Drying
30,2,herb_balances_dosha,Balancing,High,Cooling,Moistening
30,1,herb_balances_dosha,Balancing,Medium,Grounding,Moistening
31,1,herb_balances_dosha,Balancing,Medium,Warming,Stimulating
31,3,herb_balances_dosha,Balancing,High,Warming,Drying
32,1,herb_balances_dosha,Balancing,High,Grounding,Nourishing
32,3,herb_balances_dosha,Balancing,Medium,Drying,Nourishing
33,1,herb_balances_dosha,Balancing,High,Grounding,Nourishing
33,2,herb_balances_dosha,Balancing,Medium,Cooling,Nourishing
34,1,herb_balances_dosha,Balancing,High,Grounding,Nourishing
34,3,herb_balances_dosha,Balancing,Medium,Drying,Nourishing
35,1,herb_balances_dosha,Balancing,High,Grounding,Nourishing
35,2,herb_balances_dosha,Balancing,Medium,Cooling,Nourishing
36,1,herb_balances_dosha,Balancing,Medium,Warming,Anti-inflammatory
36,3,herb_balances_dosha,Balancing,High,Warming,Drying
37,1,herb_balances_dosha,Balancing,Medium,Warming,Laxative
37,2,herb_balances_dosha,Balancing,High,Warming,Laxative
38,1,herb_balances_dosha,Balancing,Medium,Warming,Analgesic
38,3,herb_balances_dosha,Balancing,High,Warming,Drying
39,1,herb_balances_dosha,Balancing,Medium,Warming,Stimulating
39,2,herb_balances_dosha,Balancing,High,Warming,Stimulating
40,1,herb_balances_dosha,Balancing,High,Grounding,Bone healing
40,3,herb_balances_dosha,Balancing,Medium,Drying,Bone healing
41,2,herb_balances_dosha,Balancing,High,Cooling,Anti-diabetic
41,3,herb_balances_dosha,Balancing,Medium,Drying,Anti-diabetic
42,2,herb_balances_dosha,Balancing,High,Cooling,Moistening
42,1,herb_balances_dosha,Balancing,Medium,Grounding,Moistening
43,1,herb_balances_dosha,Balancing,Medium,Warming,Analgesic
43,3,herb_balances_dosha,Balancing,High,Warming,Drying
44,1,herb_balances_dosha,Balancing,High,Grounding,Strengthening
44,3,herb_balances_dosha,Balancing,Medium,Drying,Strengthening
45,1,herb_balances_dosha,Balancing,High,Grounding,Strengthening
45,3,herb_balances_dosha,Balancing,Medium,Drying,Strengthening
46,1,herb_balances_dosha,Balancing,Medium,Warming,Expectorant
46,3,herb_balances_dosha,Balancing,High,Warming,Drying
47,2,herb_balances_dosha,Balancing,High,Cooling,Rejuvenating
47,1,herb_balances_dosha,Balancing,Medium,Grounding,Rejuvenating
48,2,herb_balances_dosha,Balancing,High,Cooling,Astringent
48,3,herb_balances_dosha,Balancing,Medium,Drying,Astringent
49,2,herb_balances_dosha,Balancing,Medium,Cooling,Astringent
49,3,herb_balances_dosha,Balancing,High,Drying,Astringent
50,2,herb_balances_dosha,Balancing,Medium,Cooling,Astringent
50,3,herb_balances_dosha,Balancing,High,Drying,Astringent
51,2,herb_balances_dosha,Balancing,High,Cooling,Astringent
51,3,herb_balances_dosha,Balancing,Medium,Drying,Astringent
52,1,herb_balances_dosha,Balancing,Medium,Warming,Analgesic
52,3,herb_balances_dosha,Balancing,High,Warming,Drying
53,1,herb_balances_dosha,Balancing,High,Drying,Diuretic
53,2,herb_balances_dosha,Balancing,Medium,Cooling,Diuretic
54,2,herb_balances_dosha,Balancing,High,Cooling,Astringent
54,3,herb_balances_dosha,Balancing,Medium,Drying,Astringent
55,1,herb_balances_dosha,Balancing,High,Grounding,Rejuvenating
55,2,herb_balances_dosha,Balancing,Medium,Cooling,Rejuvenating
56,1,herb_balances_dosha,Balancing,High,Grounding,Nourishing
56,2,herb_balances_dosha,Balancing,Medium,Cooling,Nourishing
57,1,herb_balances_dosha,Balancing,High,Grounding,Nourishing
57,2,herb_balances_dosha,Balancing,Medium,Cooling,Nourishing
58,1,herb_balances_dosha,Balancing,Medium,Warming,Laxative
58,2,herb_balances_dosha,Balancing,High,Warming,Laxative
59,1,herb_balances_dosha,Balancing,High,Grounding,Stimulating
59,3,herb_balances_dosha,Balancing,Medium,Drying,Stimulating
60,1,herb_balances_dosha,Balancing,High,Grounding,Calming
60,3,herb_balances_dosha,Balancing,Medium,Drying,Calming
61,2,herb_balances_dosha,Balancing,High,Cooling,Rejuvenating
61,1,herb_balances_dosha,Balancing,Medium,Grounding,Rejuvenating
62,2,herb_balances_dosha,Balancing,Medium,Cooling,Astringent
62,3,herb_balances_dosha,Balancing,High,Drying,Astringent
63,1,herb_balances_dosha,Balancing,High,Drying,Astringent
63,3,herb_balances_dosha,Balancing,Medium,Drying,Astringent
64,2,herb_balances_dosha,Balancing,High,Cooling,Hair nourishing
64,3,herb_balances_dosha,Balancing,Medium,Drying,Hair nourishing
65,1,herb_balances_dosha,Balancing,Medium,Warming,Digestive stimulant
65,3,herb_balances_dosha,Balancing,High,Warming,Digestive stimulant
66,1,herb_balances_dosha,Balancing,Medium,Warming,Stimulating
66,2,herb_balances_dosha,Balancing,High,Warming,Stimulating
67,1,herb_balances_dosha,Balancing,Medium,Warming,Stimulating
67,3,herb_balances_dosha,Balancing,High,Warming,Drying
68,1,herb_balances_dosha,Balancing,Medium,Warming,Stimulating
68,3,herb_balances_dosha,Balancing,High,Warming,Drying
69,1,herb_balances_dosha,Balancing,Medium,Warming,Stimulating
69,3,herb_balances_dosha,Balancing,High,Warming,Drying
70,1,herb_balances_dosha,Balancing,Medium,Warming,Digestive stimulant
70,3,herb_balances_dosha,Balancing,High,Warming,Digestive stimulant
71,1,herb_balances_dosha,Balancing,Medium,Warming,Digestive stimulant
71,3,herb_balances_dosha,Balancing,High,Warming,Digestive stimulant
72,2,herb_balances_dosha,Balancing,High,Cooling,Calming
72,3,herb_balances_dosha,Balancing,Medium,Drying,Calming
73,2,herb_balances_dosha,Balancing,High,Cooling,Aromatic
73,3,herb_balances_dosha,Balancing,Medium,Drying,Aromatic
74,1,herb_balances_dosha,Balancing,High,Grounding,Calming
74,3,herb_balances_dosha,Balancing,Medium,Drying,Calming
75,2,herb_balances_dosha,Balancing,Medium,Cooling,Anti-inflammatory
75,3,herb_balances_dosha,Balancing,High,Drying,Anti-inflammatory
76,2,herb_balances_dosha,Balancing,High,Cooling,Astringent
76,3,herb_balances_dosha,Balancing,Medium,Drying,Astringent
77,2,herb_balances_dosha,Balancing,High,Cooling,Liver protective
77,3,herb_balances_dosha,Balancing,Medium,Drying,Liver protective
78,2,herb_balances_dosha,Balancing,High,Cooling,Anti-diabetic
78,3,herb_balances_dosha,Balancing,Medium,Drying,Anti-diabetic
79,1,herb_balances_dosha,Balancing,Medium,Warming,Laxative
79,2,herb_balances_dosha,Balancing,High,Warming,Laxative
80,1,herb_balances_dosha,Balancing,Medium,Warming,Stimulating
80,2,herb_balances_dosha,Balancing,High,Warming,Stimulating
81,2,herb_balances_dosha,Balancing,High,Cooling,Astringent
81,3,herb_balances_dosha,Balancing,Medium,Drying,Astringent
82,1,herb_balances_dosha,Balancing,Medium,Warming,Digestive stimulant
82,2,herb_balances_dosha,Balancing,High,Warming,Digestive stimulant
83,1,herb_balances_dosha,Balancing,Medium,Warming,Stimulating
83,3,herb_balances_dosha,Balancing,High,Warming,Drying
84,1,herb_balances_dosha,Balancing,Medium,Warming,Stimulating
84,3,herb_balances_dosha,Balancing,High,Warming,Drying
85,1,herb_balances_dosha,Balancing,Medium,Warming,Digestive stimulant
85,2,herb_balances_dosha,Balancing,High,Warming,Digestive stimulant
86,1,herb_balances_dosha,Balancing,Medium,Warming,Digestive stimulant
86,3,herb_balances_dosha,Balancing,High,Warming,Digestive stimulant
87,1,herb_balances_dosha,Balancing,Medium,Warming,Digestive stimulant
87,3,herb_balances_dosha,Balancing,High,Warming,Digestive stimulant
88,2,herb_balances_dosha,Balancing,High,Cooling,Digestive stimulant
88,3,herb_balances_dosha,Balancing,Medium,Drying,Digestive stimulant
89,1,herb_balances_dosha,Balancing,High,Drying,Diuretic
89,3,herb_balances_dosha,Balancing,Medium,Drying,Diuretic
90,1,herb_balances_dosha,Balancing,High,Drying,Diuretic
90,3,herb_balances_dosha,Balancing,Medium,Drying,Diuretic
91,1,herb_balances_dosha,Balancing,Medium,Drying,Diuretic
91,3,herb_balances_dosha,Balancing,High,Drying,Diuretic
92,1,herb_balances_dosha,Balancing,High,Drying,Diuretic
92,3,herb_balances_dosha,Balancing,Medium,Drying,Diuretic
93,1,herb_balances_dosha,Balancing,Medium,Grounding,Immune boosting
93,2,herb_balances_dosha,Balancing,High,Cooling,Immune boosting
93,3,herb_balances_dosha,Balancing,Medium,Drying,Immune boosting
94,2,herb_balances_dosha,Balancing,High,Cooling,Anti-diabetic
94,3,herb_balances_dosha,Balancing,Medium,Drying,Anti-diabetic
95,2,herb_balances_dosha,Balancing,High,Cooling,Digestive stimulant
95,3,herb_balances_dosha,Balancing,Medium,Drying,Digestive stimulant
96,1,herb_balances_dosha,Balancing,Medium,Warming,Stimulating
96,3,herb_balances_dosha,Balancing,High,Warming,Drying
97,1,herb_balances_dosha,Balancing,Medium,Warming,Digestive stimulant
97,3,herb_balances_dosha,Balancing,High,Warming,Digestive stimulant
98,1,herb_balances_dosha,Balancing,Medium,Warming,Anti-inflammatory
98,2,herb_balances_dosha,Balancing,High,Warming,Anti-inflammatory
99,1,herb_balances_dosha,Balancing,Medium,Warming,Anti-inflammatory
99,2,herb_balances_dosha,Balancing,High,Warming,Anti-inflammatory
100,1,herb_balances_dosha,Balancing,Medium,Warming,Digestive stimulant
100,3,herb_balances_dosha,Balancing,High,Warming,"Digestive stimulant"
"203",3,herb_balances_dosha,Balancing,High,Warming,"Drying"" "
203,1,herb_balances_dosha,Balancing,High,Warming,Drying
204,1,herb_balances_dosha,Balancing,High,Grounding,Nourishing
204,3,herb_balances_dosha,Balancing,High,Grounding,Nourishing
205,1,herb_balances_dosha,Balancing,High,Grounding,Stimulating
205,3,herb_balances_dosha,Balancing,High,Grounding,Stimulating
1,3,herb_balances_dosha,Balancing,High,Cooling,Lightening
2,1,herb_balances_dosha,Balancing,Medium,Astringent,Diuretic
4,2,herb_balances_dosha,Balancing,Medium,Digestive stimulant,Nourishing
5,1,herb_balances_dosha,Balancing,Low,Grounding,Calming
6,2,herb_balances_dosha,Balancing,Low,Diuretic,Immunomodulatory
7,1,herb_balances_dosha,Balancing,Medium,Rejuvenating,Lightening
7,3,herb_balances_dosha,Balancing,High,Grounding,Immunomodulatory
8,3,herb_balances_dosha,Balancing,Medium,Grounding,Diuretic
9,2,herb_balances_dosha,Balancing,Medium,Rejuvenating,Nourishing
10,2,herb_balances_dosha,Balancing,Medium,Rejuvenating,Diuretic
11,1,herb_balances_dosha,Balancing,High,Cooling,Calming
12,2,herb_balances_dosha,Balancing,Medium,Grounding,Immunomodulatory
13,1,herb_balances_dosha,Balancing,Medium,Warming,Nourishing
14,3,herb_balances_dosha,Balancing,Medium,Astringent,Calming
15,3,herb_balances_dosha,Balancing,Low,Cooling,Calming
16,2,herb_balances_dosha,Balancing,High,Grounding,Nourishing
17,3,herb_balances_dosha,Balancing,Medium,Rejuvenating,Immunomodulatory
18,2,herb_balances_dosha,Balancing,High,Grounding,Calming
19,1,herb_balances_dosha,Balancing,High,Cooling,Calming
20,1,herb_balances_dosha,Balancing,Low,Grounding,Nourishing
21,1,herb_balances_dosha,Balancing,Medium,Cooling,Anti-inflammatory
23,3,herb_balances_dosha,Balancing,Low,Warming,Anti-inflammatory
24,2,herb_balances_dosha,Balancing,High,Rejuvenating,Nourishing
25,2,herb_balances_dosha,Balancing,Medium,Cooling,Immunomodulatory
26,2,herb_balances_dosha,Balancing,Medium,Astringent,Lightening
27,1,herb_balances_dosha,Balancing,Low,Rejuvenating,Calming
28,1,herb_balances_dosha,Balancing,Low,Warming,Immunomodulatory
29,2,herb_balances_dosha,Balancing,Low,Astringent,Lightening
30,3,herb_balances_dosha,Balancing,High,Digestive stimulant,Anti-inflammatory
31,2,herb_balances_dosha,Balancing,Low,Astringent,Lightening
32,2,herb_balances_dosha,Balancing,Medium,Warming,Immunomodulatory
33,3,herb_balances_dosha,Balancing,Medium,Digestive stimulant,Lightening
34,2,herb_balances_dosha,Balancing,Low,Diuretic,Anti-inflammatory
35,3,herb_balances_dosha,Balancing,Medium,Rejuvenating,Immunomodulatory
36,2,herb_balances_dosha,Balancing,High,Grounding,Calming
37,3,herb_balances_dosha,Balancing,Medium,Astringent,Lightening
38,2,herb_balances_dosha,Balancing,High,Astringent,Anti-inflammatory
39,3,herb_balances_dosha,Balancing,Low,Cooling,Nourishing
40,2,herb_balances_dosha,Balancing,High,Cooling,Anti-inflammatory
41,1,herb_balances_dosha,Balancing,High,Diuretic,Nourishing
42,3,herb_balances_dosha,Balancing,Low,Warming,Lightening
43,2,herb_balances_dosha,Balancing,Low,Grounding,Nourishing
44,2,herb_balances_dosha,Balancing,High,Astringent,Lightening
45,2,herb_balances_dosha,Balancing,Medium,Grounding,Calming
46,2,herb_balances_dosha,Balancing,Medium,Digestive stimulant,Calming
47,3,herb_balances_dosha,Balancing,Medium,Warming,Immunomodulatory
48,1,herb_balances_dosha,Balancing,Medium,Warming,Calming
49,1,herb_balances_dosha,Balancing,Low,Warming,Immunomodulatory
50,1,herb_balances_dosha,Balancing,Medium,Astringent,Calming
51,1,herb_balances_dosha,Balancing,Medium,Astringent,Diuretic
52,2,herb_balances_dosha,Balancing,Low,Cooling,Nourishing
53,3,herb_balances_dosha,Balancing,Medium,Cooling,Lightening
54,1,herb_balances_dosha,Balancing,Medium,Diuretic,Calming
55,3,herb_balances_dosha,Balancing,High,Warming,Calming
56,3,herb_balances_dosha,Balancing,High,Digestive stimulant,Anti-inflammatory
57,3,herb_balances_dosha,Balancing,Low,Diuretic,Anti-inflammatory
58,3,herb_balances_dosha,Balancing,Medium,Digestive stimulant,Immunomodulatory
59,2,herb_balances_dosha,Balancing,Low,Digestive stimulant,Calming
60,2,herb_balances_dosha,Balancing,Medium,Rejuvenating,Immunomodulatory
61,3,herb_balances_dosha,Balancing,Medium,Digestive stimulant,Diuretic
62,1,herb_balances_dosha,Balancing,High,Rejuvenating,Calming
63,2,herb_balances_dosha,Balancing,Low,Diuretic,Diuretic
64,1,herb_balances_dosha,Balancing,High,Rejuvenating,Anti-inflammatory
65,2,herb_balances_dosha,Balancing,High,Astringent,Diuretic
66,3,herb_balances_dosha,Balancing,High,Rejuvenating,Immunomodulatory
67,2,herb_balances_dosha,Balancing,High,Warming,Nourishing
68,2,herb_balances_dosha,Balancing,Medium,Astringent,Lightening
69,2,herb_balances_dosha,Balancing,Low,Cooling,Calming
70,2,herb_balances_dosha,Balancing,Medium,Digestive stimulant,Lightening
71,2,herb_balances_dosha,Balancing,Medium,Grounding,Nourishing
72,1,herb_balances_dosha,Balancing,High,Warming,Anti-inflammatory
73,1,herb_balances_dosha,Balancing,High,Astringent,Calming
74,2,herb_balances_dosha,Balancing,High,Warming,Anti-inflammatory
75,1,herb_balances_dosha,Balancing,Medium,Rejuvenating,Anti-inflammatory
76,1,herb_balances_dosha,Balancing,High,Digestive stimulant,Immunomodulatory
77,1,herb_balances_dosha,Balancing,Low,Grounding,Anti-inflammatory
78,1,herb_balances_dosha,Balancing,High,Rejuvenating,Anti-inflammatory
79,3,herb_balances_dosha,Balancing,Medium,Digestive stimulant,Nourishing
80,3,herb_balances_dosha,Balancing,Medium,Astringent,Calming
81,1,herb_balances_dosha,Balancing,Medium,Grounding,Diuretic
82,3,herb_balances_dosha,Balancing,Low,Warming,Diuretic
83,2,herb_balances_dosha,Balancing,High,Digestive stimulant,Immunomodulatory
84,2,herb_balances_dosha,Balancing,Low,Astringent,Calming
85,3,herb_balances_dosha,Balancing,High,Grounding,Anti-inflammatory
86,2,herb_balances_dosha,Balancing,High,Diuretic,Anti-inflammatory
87,2,herb_balances_dosha,Balancing,Low,Astringent,Nourishing
88,1,herb_balances_dosha,Balancing,Medium,Digestive stimulant,Anti-inflammatory
89,2,herb_balances_dosha,Balancing,Medium,Digestive stimulant,Diuretic
90,2,herb_balances_dosha,Balancing,Low,Cooling,Lightening
91,2,herb_balances_dosha,Balancing,Low,Cooling,Immunomodulatory
92,2,herb_balances_dosha,Balancing,High,Grounding,Nourishing
94,1,herb_balances_dosha,Balancing,Low,Rejuvenating,Calming
95,1,herb_balances_dosha,Balancing,Low,Rejuvenating,Immunomodulatory
96,2,herb_balances_dosha,Balancing,Medium,Diuretic,Anti-inflammatory
97,2,herb_balances_dosha,Balancing,Low,Diuretic,Lightening
98,3,herb_balances_dosha,Balancing,Low,Grounding,Lightening
99,3,herb_balances_dosha,Balancing,Medium,Warming,Calming
100,2,herb_balances_dosha,Balancing,High,Digestive stimulant,Anti-inflammatory
101,1,herb_balances_dosha,Balancing,High,Rejuvenating,Calming
101,2,herb_balances_dosha,Balancing,High,Cooling,Anti-inflammatory
101,3,herb_balances_dosha,Balancing,Low,Grounding,Immunomodulatory
102,1,herb_balances_dosha,Balancing,Medium,Grounding,Immunomodulatory
102,2,herb_balances_dosha,Balancing,Low,Cooling,Nourishing
102,3,herb_balances_dosha,Balancing,Medium,Diuretic,Anti-inflammatory
103,1,herb_balances_dosha,Balancing,High,Astringent,Calming
103,2,herb_balances_dosha,Balancing,High,Astringent,Anti-inflammatory
103,3,herb_balances_dosha,Balancing,Low,Grounding,Anti-inflammatory
104,1,herb_balances_dosha,Balancing,High,Digestive stimulant,Anti-inflammatory
104,2,herb_balances_dosha,Balancing,Medium,Astringent,Lightening
104,3,herb_balances_dosha,Balancing,Medium,Astringent,Anti-inflammatory
105,1,herb_balances_dosha,Balancing,High,Grounding,Nourishing
105,2,herb_balances_dosha,Balancing,Medium,Grounding,Anti-inflammatory
105,3,herb_balances_dosha,Balancing,Low,Diuretic,Calming
106,1,herb_balances_dosha,Balancing,Low,Diuretic,Nourishing
106,2,herb_balances_dosha,Balancing,Medium,Diuretic,Lightening
106,3,herb_balances_dosha,Balancing,High,Diuretic,Immunomodulatory
107,1,herb_balances_dosha,Balancing,High,Warming,Nourishing
107,2,herb_balances_dosha,Balancing,Medium,Digestive stimulant,Immunomodulatory
107,3,herb_balances_dosha,Balancing,Low,Rejuvenating,Lightening
108,1,herb_balances_dosha,Balancing,Low,Astringent,Lightening
108,2,herb_balances_dosha,Balancing,Low,Grounding,Nourishing
108,3,herb_balances_dosha,Balancing,High,Diuretic,Immunomodulatory
109,1,herb_balances_dosha,Balancing,High,Diuretic,Lightening
109,2,herb_balances_dosha,Balancing,Medium,Diuretic,Lightening
109,3,herb_balances_dosha,Balancing,Low,Digestive stimulant,Immunomodulatory
110,1,herb_balances_dosha,Balancing,Low,Diuretic,Diuretic
110,2,herb_balances_dosha,Balancing,High,Diuretic,Immunomodulatory
110,3,herb_balances_dosha,Balancing,Medium,Warming,Anti-inflammatory
111,1,herb_balances_dosha,Balancing,Low,Digestive stimulant,Immunomodulatory
111,2,herb_balances_dosha,Balancing,Medium,Cooling,Anti-inflammatory
111,3,herb_balances_dosha,Balancing,Low,Digestive stimulant,Anti-inflammatory
112,1,herb_balances_dosha,Balancing,Low,Astringent,Anti-inflammatory
112,2,herb_balances_dosha,Balancing,High,Grounding,Lightening
112,3,herb_balances_dosha,Balancing,Low,Astringent,Lightening
113,1,herb_balances_dosha,Balancing,Medium,Warming,Calming
113,2,herb_balances_dosha,Balancing,Medium,Diuretic,Immunomodulatory
113,3,herb_balances_dosha,Balancing,Low,Warming,Lightening
114,1,herb_balances_dosha,Balancing,Medium,Diuretic,Nourishing
114,2,herb_balances_dosha,Balancing,Medium,Digestive stimulant,Diuretic
114,3,herb_balances_dosha,Balancing,Low,Diuretic,Nourishing
115,1,herb_balances_dosha,Balancing,High,Cooling,Diuretic
115,2,herb_balances_dosha,Balancing,High,Diuretic,Lightening
115,3,herb_balances_dosha,Balancing,Low,Diuretic,Anti-inflammatory
116,1,herb_balances_dosha,Balancing,Medium,Warming,Anti-inflammatory
116,2,herb_balances_dosha,Balancing,Low,Grounding,Diuretic
116,3,herb_balances_dosha,Balancing,Medium,Diuretic,Nourishing
117,1,herb_balances_dosha,Balancing,High,Astringent,Lightening
117,2,herb_balances_dosha,Balancing,Low,Cooling,Diuretic
117,3,herb_balances_dosha,Balancing,Low,Cooling,Calming
118,1,herb_balances_dosha,Balancing,Medium,Warming,Immunomodulatory
118,2,herb_balances_dosha,Balancing,High,Astringent,Lightening
118,3,herb_balances_dosha,Balancing,Low,Cooling,Calming
119,1,herb_balances_dosha,Balancing,Medium,Grounding,Lightening
119,2,herb_balances_dosha,Balancing,Low,Grounding,Nourishing
119,3,herb_balances_dosha,Balancing,High,Digestive stimulant,Immunomodulatory
120,1,herb_balances_dosha,Balancing,Medium,Astringent,Anti-inflammatory
120,2,herb_balances_dosha,Balancing,Low,Astringent,Lightening
120,3,herb_balances_dosha,Balancing,High,Cooling,Lightening
121,1,herb_balances_dosha,Balancing,Medium,Grounding,Anti-inflammatory
121,2,herb_balances_dosha,Balancing,Medium,Diuretic,Immunomodulatory
121,3,herb_balances_dosha,Balancing,High,Grounding,Lightening
122,1,herb_balances_dosha,Balancing,Low,Grounding,Lightening
122,2,herb_balances_dosha,Balancing,Medium,Astringent,Diuretic
122,3,herb_balances_dosha,Balancing,High,Astringent,Lightening
123,1,herb_balances_dosha,Balancing,Medium,Warming,Diuretic
123,2,herb_balances_dosha,Balancing,High,Cooling,Lightening
123,3,herb_balances_dosha,Balancing,Low,Rejuvenating,Immunomodulatory
124,1,herb_balances_dosha,Balancing,High,Grounding,Nourishing
124,2,herb_balances_dosha,Balancing,Low,Diuretic,Immunomodulatory
124,3,herb_balances_dosha,Balancing,Medium,Rejuvenating,Lightening
125,1,herb_balances_dosha,Balancing,Medium,Astringent,Anti-inflammatory
125,2,herb_balances_dosha,Balancing,Medium,Cooling,Immunomodulatory
125,3,herb_balances_dosha,Balancing,High,Diuretic,Anti-inflammatory
126,1,herb_balances_dosha,Balancing,Low,Cooling,Anti-inflammatory
126,2,herb_balances_dosha,Balancing,Medium,Warming,Calming
126,3,herb_balances_dosha,Balancing,High,Diuretic,Immunomodulatory
127,1,herb_balances_dosha,Balancing,High,Diuretic,Diuretic
127,2,herb_balances_dosha,Balancing,Medium,Warming,Diuretic
127,3,herb_balances_dosha,Balancing,Medium,Digestive stimulant,Nourishing
128,1,herb_balances_dosha,Balancing,Low,Grounding,Lightening
128,2,herb_balances_dosha,Balancing,High,Cooling,Diuretic
128,3,herb_balances_dosha,Balancing,High,Warming,Immunomodulatory
129,1,herb_balances_dosha,Balancing,High,Warming,Calming
129,2,herb_balances_dosha,Balancing,Medium,Warming,Nourishing
129,3,herb_balances_dosha,Balancing,Low,Warming,Anti-inflammatory
130,1,herb_balances_dosha,Balancing,Medium,Astringent,Nourishing
130,2,herb_balances_dosha,Balancing,Low,Warming,Anti-inflammatory
130,3,herb_balances_dosha,Balancing,High,Digestive stimulant,Calming
131,1,herb_balances_dosha,Balancing,Low,Rejuvenating,Anti-inflammatory
131,2,herb_balances_dosha,Balancing,Low,Grounding,Nourishing
131,3,herb_balances_dosha,Balancing,High,Digestive stimulant,Immunomodulatory
132,1,herb_balances_dosha,Balancing,Low,Grounding,Immunomodulatory
132,2,herb_balances_dosha,Balancing,Low,Diuretic,Immunomodulatory
132,3,herb_balances_dosha,Balancing,Low,Grounding,Diuretic
133,1,herb_balances_dosha,Balancing,Low,Warming,Nourishing
133,2,herb_balances_dosha,Balancing,Medium,Diuretic,Diuretic
133,3,herb_balances_dosha,Balancing,High,Astringent,Immunomodulatory
134,1,herb_balances_dosha,Balancing,Low,Digestive stimulant,Diuretic
134,2,herb_balances_dosha,Balancing,Medium,Grounding,Lightening
134,3,herb_balances_dosha,Balancing,High,Digestive stimulant,Calming
135,1,herb_balances_dosha,Balancing,Medium,Astringent,Diuretic
135,2,herb_balances_dosha,Balancing,Medium,Grounding,Nourishing
135,3,herb_balances_dosha,Balancing,Medium,Rejuvenating,Lightening
136,1,herb_balances_dosha,Balancing,Low,Warming,Calming
136,2,herb_balances_dosha,Balancing,High,Digestive stimulant,Nourishing
136,3,herb_balances_dosha,Balancing,High,Grounding,Anti-inflammatory
137,1,herb_balances_dosha,Balancing,Low,Diuretic,Anti-inflammatory
137,2,herb_balances_dosha,Balancing,Medium,Astringent,Lightening
137,3,herb_balances_dosha,Balancing,High,Diuretic,Lightening
138,1,herb_balances_dosha,Balancing,Low,Rejuvenating,Lightening
138,2,herb_balances_dosha,Balancing,Medium,Grounding,Diuretic
138,3,herb_balances_dosha,Balancing,Low,Rejuvenating,Immunomodulatory
139,1,herb_balances_dosha,Balancing,Medium,Cooling,Immunomodulatory
139,2,herb_balances_dosha,Balancing,High,Digestive stimulant,Lightening
139,3,herb_balances_dosha,Balancing,Low,Rejuvenating,Lightening
140,1,herb_balances_dosha,Balancing,Low,Cooling,Nourishing
140,2,herb_balances_dosha,Balancing,High,Astringent,Nourishing
140,3,herb_balances_dosha,Balancing,High,Cooling,Anti-inflammatory
141,1,herb_balances_dosha,Balancing,Medium,Cooling,Diuretic
141,2,herb_balances_dosha,Balancing,Low,Rejuvenating,Diuretic
141,3,herb_balances_dosha,Balancing,Medium,Cooling,Nourishing
142,1,herb_balances_dosha,Balancing,High,Grounding,Immunomodulatory
142,2,herb_balances_dosha,Balancing,High,Rejuvenating,Nourishing
142,3,herb_balances_dosha,Balancing,Low,Astringent,Calming
143,1,herb_balances_dosha,Balancing,Medium,Diuretic,Immunomodulatory
143,2,herb_balances_dosha,Balancing,Low,Rejuvenating,Nourishing
143,3,herb_balances_dosha,Balancing,Low,Astringent,Lightening
144,1,herb_balances_dosha,Balancing,Medium,Diuretic,Diuretic
144,2,herb_balances_dosha,Balancing,High,Diuretic,Nourishing
144,3,herb_balances_dosha,Balancing,High,Warming,Diuretic
145,1,herb_balances_dosha,Balancing,High,Rejuvenating,Nourishing
145,2,herb_balances_dosha,Balancing,Medium,Digestive stimulant,Nourishing
145,3,herb_balances_dosha,Balancing,Medium,Rejuvenating,Diuretic
146,1,herb_balances_dosha,Balancing,Medium,Digestive stimulant,Lightening
146,2,herb_balances_dosha,Balancing,Medium,Diuretic,Anti-inflammatory
146,3,herb_balances_dosha,Balancing,High,Astringent,Anti-inflammatory
147,1,herb_balances_dosha,Balancing,Low,Cooling,Calming
147,2,herb_balances_dosha,Balancing,Medium,Astringent,Diuretic
147,3,herb_balances_dosha,Balancing,Medium,Cooling,Lightening
148,1,herb_balances_dosha,Balancing,Medium,Grounding,Nourishing
148,2,herb_balances_dosha,Balancing,Medium,Warming,Lightening
148,3,herb_balances_dosha,Balancing,Low,Warming,Lightening
149,1,herb_balances_dosha,Balancing,Medium,Rejuvenating,Nourishing
149,2,herb_balances_dosha,Balancing,Medium,Digestive stimulant,Diuretic
149,3,herb_balances_dosha,Balancing,High,Astringent,Lightening
150,1,herb_balances_dosha,Balancing,Low,Grounding,Anti-inflammatory
150,2,herb_balances_dosha,Balancing,Medium,Diuretic,Nourishing
150,3,herb_balances_dosha,Balancing,Medium,Grounding,Immunomodulatory
151,1,herb_balances_dosha,Balancing,Medium,Warming,Lightening
151,2,herb_balances_dosha,Balancing,Medium,Astringent,Diuretic
151,3,herb_balances_dosha,Balancing,Medium,Astringent,Diuretic
152,1,herb_balances_dosha,Balancing,Medium,Grounding,Anti-inflammatory
152,2,herb_balances_dosha,Balancing,Medium,Rejuvenating,Nourishing
152,3,herb_balances_dosha,Balancing,Medium,Rejuvenating,Calming
153,1,herb_balances_dosha,Balancing,Medium,Astringent,Diuretic
153,2,herb_balances_dosha,Balancing,Low,Diuretic,Nourishing
153,3,herb_balances_dosha,Balancing,High,Cooling,Lightening
154,1,herb_balances_dosha,Balancing,Low,Diuretic,Immunomodulatory
154,2,herb_balances_dosha,Balancing,Medium,Cooling,Immunomodulatory
154,3,herb_balances_dosha,Balancing,High,Grounding,Lightening
155,1,herb_balances_dosha,Balancing,Low,Digestive stimulant,Diuretic
155,2,herb_balances_dosha,Balancing,Low,Digestive stimulant,Lightening
155,3,herb_balances_dosha,Balancing,Medium,Warming,Immunomodulatory
156,1,herb_balances_dosha,Balancing,Low,Rejuvenating,Calming
156,2,herb_balances_dosha,Balancing,High,Cooling,Anti-inflammatory
156,3,herb_balances_dosha,Balancing,High,Cooling,Nourishing
157,1,herb_balances_dosha,Balancing,High,Astringent,Lightening
157,2,herb_balances_dosha,Balancing,Low,Warming,Nourishing
157,3,herb_balances_dosha,Balancing,Medium,Warming,Diuretic
158,1,herb_balances_dosha,Balancing,Low,Diuretic,Lightening
158,2,herb_balances_dosha,Balancing,Low,Grounding,Calming
158,3,herb_balances_dosha,Balancing,Low,Digestive stimulant,Immunomodulatory
159,1,herb_balances_dosha,Balancing,Low,Diuretic,Diuretic
159,2,herb_balances_dosha,Balancing,Medium,Grounding,Nourishing
159,3,herb_balances_dosha,Balancing,Medium,Warming,Calming
160,1,herb_balances_dosha,Balancing,Low,Rejuvenating,Lightening
160,2,herb_balances_dosha,Balancing,Low,Grounding,Anti-inflammatory
160,3,herb_balances_dosha,Balancing,High,Grounding,Diuretic
161,1,herb_balances_dosha,Balancing,High,Astringent,Nourishing
161,2,herb_balances_dosha,Balancing,High,Warming,Calming
161,3,herb_balances_dosha,Balancing,Low,Grounding,Immunomodulatory
162,1,herb_balances_dosha,Balancing,High,Rejuvenating,Lightening
162,2,herb_balances_dosha,Balancing,Medium,Grounding,Calming
162,3,herb_balances_dosha,Balancing,High,Digestive stimulant,Immunomodulatory
163,1,herb_balances_dosha,Balancing,High,Cooling,Calming
163,2,herb_balances_dosha,Balancing,High,Diuretic,Diuretic
163,3,herb_balances_dosha,Balancing,Low,Digestive stimulant,Immunomodulatory
164,1,herb_balances_dosha,Balancing,Medium,Digestive stimulant,Anti-inflammatory
164,2,herb_balances_dosha,Balancing,Medium,Diuretic,Lightening
164,3,herb_balances_dosha,Balancing,Low,Warming,Anti-inflammatory
165,1,herb_balances_dosha,Balancing,Medium,Cooling,Calming
165,2,herb_balances_dosha,Balancing,Medium,Rejuvenating,Immunomodulatory
165,3,herb_balances_dosha,Balancing,Medium,Astringent,Anti-inflammatory
166,1,herb_balances_dosha,Balancing,Medium,Grounding,Nourishing
166,2,herb_balances_dosha,Balancing,Medium,Diuretic,Anti-inflammatory
166,3,herb_balances_dosha,Balancing,Medium,Warming,Lightening
167,1,herb_balances_dosha,Balancing,High,Diuretic,Nourishing
167,2,herb_balances_dosha,Balancing,Medium,Grounding,Diuretic
167,3,herb_balances_dosha,Balancing,High,Astringent,Anti-inflammatory
168,1,herb_balances_dosha,Balancing,High,Rejuvenating,Calming
168,2,herb_balances_dosha,Balancing,Medium,Cooling,Immunomodulatory
168,3,herb_balances_dosha,Balancing,Low,Astringent,Nourishing
169,1,herb_balances_dosha,Balancing,Medium,Warming,Diuretic
169,2,herb_balances_dosha,Balancing,High,Grounding,Lightening
169,3,herb_balances_dosha,Balancing,Medium,Warming,Nourishing
170,1,herb_balances_dosha,Balancing,High,Grounding,Calming
170,2,herb_balances_dosha,Balancing,High,Cooling,Nourishing
170,3,herb_balances_dosha,Balancing,Medium,Diuretic,Nourishing
171,1,herb_balances_dosha,Balancing,Low,Cooling,Diuretic
171,2,herb_balances_dosha,Balancing,High,Digestive stimulant,Diuretic
171,3,herb_balances_dosha,Balancing,High,Rejuvenating,Immunomodulatory
172,1,herb_balances_dosha,Balancing,Low,Grounding,Diuretic
172,2,herb_balances_dosha,Balancing,Medium,Astringent,Anti-inflammatory
172,3,herb_balances_dosha,Balancing,High,Warming,Nourishing
173,1,herb_balances_dosha,Balancing,Low,Warming,Lightening
173,2,herb_balances_dosha,Balancing,High,Diuretic,Diuretic
173,3,herb_balances_dosha,Balancing,Low,Warming,Lightening
174,1,herb_balances_dosha,Balancing,Low,Digestive stimulant,Immunomodulatory
174,2,herb_balances_dosha,Balancing,Medium,Diuretic,Diuretic
174,3,herb_balances_dosha,Balancing,Medium,Rejuvenating,Nourishing
175,1,herb_balances_dosha,Balancing,Medium,Astringent,Lightening
175,2,herb_balances_dosha,Balancing,Medium,Diuretic,Immunomodulatory
175,3,herb_balances_dosha,Balancing,High,Rejuvenating,Calming
176,1,herb_balances_dosha,Balancing,Low,Astringent,Lightening
176,2,herb_balances_dosha,Balancing,Low,Astringent,Nourishing
176,3,herb_balances_dosha,Balancing,Low,Cooling,Immunomodulatory
177,1,herb_balances_dosha,Balancing,High,Grounding,Nourishing
177,2,herb_balances_dosha,Balancing,Low,Astringent,Calming
177,3,herb_balances_dosha,Balancing,Low,Astringent,Diuretic
178,1,herb_balances_dosha,Balancing,Low,Rejuvenating,Immunomodulatory
178,2,herb_balances_dosha,Balancing,Medium,Cooling,Lightening
178,3,herb_balances_dosha,Balancing,High,Astringent,Diuretic
179,1,herb_balances_dosha,Balancing,Low,Warming,Calming
179,2,herb_balances_dosha,Balancing,Medium,Warming,Lightening
179,3,herb_balances_dosha,Balancing,High,Warming,Immunomodulatory
180,1,herb_balances_dosha,Balancing,Medium,Diuretic,Anti-inflammatory
180,2,herb_balances_dosha,Balancing,High,Rejuvenating,Nourishing
180,3,herb_balances_dosha,Balancing,Low,Warming,Immunomodulatory
181,1,herb_balances_dosha,Balancing,High,Cooling,Immunomodulatory
181,2,herb_balances_dosha,Balancing,High,Warming,Immunomodulatory
181,3,herb_balances_dosha,Balancing,High,Warming,Diuretic
182,1,herb_balances_dosha,Balancing,Medium,Cooling,Anti-inflammatory
182,2,herb_balances_dosha,Balancing,High,Rejuvenating,Nourishing
182,3,herb_balances_dosha,Balancing,Low,Diuretic,Lightening
183,1,herb_balances_dosha,Balancing,Medium,Grounding,Anti-inflammatory
183,2,herb_balances_dosha,Balancing,Medium,Cooling,Nourishing
183,3,herb_balances_dosha,Balancing,Medium,Grounding,Calming
184,1,herb_balances_dosha,Balancing,Medium,Rejuvenating,Nourishing
184,2,herb_balances_dosha,Balancing,Low,Rejuvenating,Calming
184,3,herb_balances_dosha,Balancing,High,Astringent,Anti-inflammatory
185,1,herb_balances_dosha,Balancing,Low,Grounding,Immunomodulatory
185,2,herb_balances_dosha,Balancing,Medium,Diuretic,Nourishing
185,3,herb_balances_dosha,Balancing,Low,Warming,Lightening
186,1,herb_balances_dosha,Balancing,High,Cooling,Anti-inflammatory
186,2,herb_balances_dosha,Balancing,High,Grounding,Nourishing
186,3,herb_balances_dosha,Balancing,Medium,Warming,Diuretic
187,1,herb_balances_dosha,Balancing,High,Rejuvenating,Anti-inflammatory
187,2,herb_balances_dosha,Balancing,Medium,Diuretic,Diuretic
187,3,herb_balances_dosha,Balancing,Medium,Diuretic,Immunomodulatory
188,1,herb_balances_dosha,Balancing,High,Rejuvenating,Nourishing
188,2,herb_balances_dosha,Balancing,Low,Diuretic,Nourishing
188,3,herb_balances_dosha,Balancing,Low,Rejuvenating,Nourishing
189,1,herb_balances_dosha,Balancing,Medium,Cooling,Anti-inflammatory
189,2,herb_balances_dosha,Balancing,High,Grounding,Nourishing
189,3,herb_balances_dosha,Balancing,High,Diuretic,Lightening
190,1,herb_balances_dosha,Balancing,Medium,Warming,Immunomodulatory
190,2,herb_balances_dosha,Balancing,High,Diuretic,Anti-inflammatory
190,3,herb_balances_dosha,Balancing,High,Digestive stimulant,Immunomodulatory
191,1,herb_balances_dosha,Balancing,High,Astringent,Nourishing
191,2,herb_balances_dosha,Balancing,Low,Grounding,Nourishing
191,3,herb_balances_dosha,Balancing,Low,Grounding,Immunomodulatory
192,1,herb_balances_dosha,Balancing,Low,Cooling,Nourishing
192,2,herb_balances_dosha,Balancing,Medium,Digestive stimulant,Calming
192,3,herb_balances_dosha,Balancing,Medium,Grounding,Calming
193,1,herb_balances_dosha,Balancing,Low,Diuretic,Diuretic
193,2,herb_balances_dosha,Balancing,Medium,Rejuvenating,Diuretic
193,3,herb_balances_dosha,Balancing,Medium,Warming,Immunomodulatory
194,1,herb_balances_dosha,Balancing,Low,Cooling,Immunomodulatory
194,2,herb_balances_dosha,Balancing,Medium,Astringent,Diuretic
194,3,herb_balances_dosha,Balancing,High,Astringent,Anti-inflammatory
195,1,herb_balances_dosha,Balancing,Medium,Digestive stimulant,Immunomodulatory
195,2,herb_balances_dosha,Balancing,Medium,Diuretic,Calming
195,3,herb_balances_dosha,Balancing,High,Digestive stimulant,Nourishing
196,1,herb_balances_dosha,Balancing,Low,Rejuvenating,Anti-inflammatory
196,2,herb_balances_dosha,Balancing,High,Cooling,Diuretic
196,3,herb_balances_dosha,Balancing,High,Astringent,Diuretic
197,1,herb_balances_dosha,Balancing,High,Digestive stimulant,Anti-inflammatory
197,2,herb_balances_dosha,Balancing,High,Grounding,Immunomodulatory
197,3,herb_balances_dosha,Balancing,Medium,Rejuvenating,Anti-inflammatory
198,1,herb_balances_dosha,Balancing,Low,Grounding,Anti-inflammatory
198,2,herb_balances_dosha,Balancing,Medium,Digestive stimulant,Lightening
198,3,herb_balances_dosha,Balancing,Medium,Rejuvenating,Diuretic
199,1,herb_balances_dosha,Balancing,Low,Diuretic,Immunomodulatory
199,2,herb_balances_dosha,Balancing,Low,Astringent,Anti-inflammatory
199,3,herb_balances_dosha,Balancing,Low,Rejuvenating,Calming
200,1,herb_balances_dosha,Balancing,Low,Astringent,Anti-inflammatory
200,2,herb_balances_dosha,Balancing,High,Cooling,Calming
200,3,herb_balances_dosha,Balancing,High,Warming,Anti-inflammatory
201,1,herb_balances_dosha,Balancing,Low,Warming,Anti-inflammatory
201,2,herb_balances_dosha,Balancing,High,Grounding,Immunomodulatory
201,3,herb_balances_dosha,Balancing,Medium,Grounding,Lightening
202,1,herb_balances_dosha,Balancing,Medium,Rejuvenating,Diuretic
202,2,herb_balances_dosha,Balancing,Medium,Grounding,Lightening
202,3,herb_balances_dosha,Balancing,High,Warming,Anti-inflammatory
203,2,herb_balances_dosha,Balancing,High,Grounding,Immunomodulatory
203,3,herb_balances_dosha,Balancing,Low,Digestive stimulant,Lightening
204,2,herb_balances_dosha,Balancing,Medium,Diuretic,Lightening
205,2,herb_balances_dosha,Balancing,Medium,Astringent,Nourishing
1762,1,herb_balances_dosha,Balancing,High,Warming,Nourishing
1329,1,herb_balances_dosha,Balancing,High,Astringent,Diuretic
313,1,herb_balances_dosha,Balancing,High,Digestive stimulant,Nourishing
598,1,herb_balances_dosha,Balancing,Low,Cooling,Immunomodulatory
1366,1,herb_balances_dosha,Balancing,Low,Rejuvenating,Diuretic
251,1,herb_balances_dosha,Balancing,Low,Digestive stimulant,Immunomodulatory
304,2,herb_balances_dosha,Balancing,Low,Digestive stimulant,Nourishing
1715,1,herb_balances_dosha,Balancing,High,Grounding,Lightening
1591,2,herb_balances_dosha,Balancing,High,Astringent,Diuretic
1386,1,herb_balances_dosha,Balancing,Low,Warming,Diuretic
292,1,herb_balances_dosha,Balancing,Low,Astringent,Diuretic
920,1,herb_balances_dosha,Balancing,Medium,Astringent,Anti-inflammatory
1663,2,herb_balances_dosha,Balancing,Medium,Rejuvenating,Immunomodulatory
1316,3,herb_balances_dosha,Balancing,Medium,Rejuvenating,Nourishing
423,2,herb_balances_dosha,Balancing,Low,Cooling,Calming
222,3,herb_balances_dosha,Balancing,High,Astringent,Diuretic
428,3,herb_balances_dosha,Balancing,Low,Grounding,Lightening
615,2,herb_balances_dosha,Balancing,Medium,Warming,Anti-inflammatory
1246,1,herb_balances_dosha,Balancing,Low,Digestive stimulant,Lightening
878,1,herb_balances_dosha,Balancing,High,Warming,Diuretic
314,1,herb_balances_dosha,Balancing,Low,Diuretic,Anti-inflammatory
416,3,herb_balances_dosha,Balancing,Medium,Astringent,Diuretic
1627,1,herb_balances_dosha,Balancing,Medium,Diuretic,Anti-inflammatory
680,2,herb_balances_dosha,Balancing,Low,Grounding,Calming
1651,1,herb_balances_dosha,Balancing,Medium,Astringent,Anti-inflammatory
487,2,herb_balances_dosha,Balancing,Low,Warming,Lightening
566,2,herb_balances_dosha,Balancing,Medium,Digestive stimulant,Lightening
1480,3,herb_balances_dosha,Balancing,Medium,Astringent,Lightening
1782,2,herb_balances_dosha,Balancing,Low,Warming,Anti-inflammatory
1036,1,herb_balances_dosha,Balancing,Low,Digestive stimulant,Nourishing
1553,2,herb_balances_dosha,Balancing,Low,Cooling,Immunomodulatory
1299,1,herb_balances_dosha,Balancing,Medium,Astringent,Nourishing
383,1,herb_balances_dosha,Balancing,High,Cooling,Nourishing
547,1,herb_balances_dosha,Balancing,Medium,Astringent,Diuretic
402,2,herb_balances_dosha,Balancing,High,Astringent,Diuretic
1643,1,herb_balances_dosha,Balancing,High,Warming,Diuretic
690,3,herb_balances_dosha,Balancing,Medium,Warming,Anti-inflammatory
281,3,herb_balances_dosha,Balancing,High,Grounding,Anti-inflammatory
1004,1,herb_balances_dosha,Balancing,Low,Astringent,Lightening
1217,1,herb_balances_dosha,Balancing,Medium,Warming,Calming
1354,3,herb_balances_dosha,Balancing,Medium,Rejuvenating,Lightening
273,3,herb_balances_dosha,Balancing,High,Diuretic,Anti-inflammatory
358,1,herb_balances_dosha,Balancing,High,Diuretic,Anti-inflammatory
432,3,herb_balances_dosha,Balancing,Low,Cooling,Anti-inflammatory
1040,3,herb_balances_dosha,Balancing,High,Diuretic,Calming
734,2,herb_balances_dosha,Balancing,Low,Diuretic,Anti-inflammatory
277,2,herb_balances_dosha,Balancing,Medium,Diuretic,Diuretic
1215,2,herb_balances_dosha,Balancing,Medium,Warming,Nourishing
635,1,herb_balances_dosha,Balancing,Low,Rejuvenating,Diuretic
911,2,herb_balances_dosha,Balancing,High,Astringent,Anti-inflammatory
930,1,herb_balances_dosha,Balancing,Medium,Astringent,Diuretic
304,1,herb_balances_dosha,Balancing,Low,Cooling,Lightening
1111,1,herb_balances_dosha,Balancing,High,Grounding,Nourishing
969,2,herb_balances_dosha,Balancing,Medium,Warming,Nourishing
1434,1,herb_balances_dosha,Balancing,Medium,Cooling,Anti-inflammatory
1043,3,herb_balances_dosha,Balancing,High,Rejuvenating,Calming
773,1,herb_balances_dosha,Balancing,Low,Grounding,Calming
236,3,herb_balances_dosha,Balancing,Low,Grounding,Nourishing
1513,3,herb_balances_dosha,Balancing,Medium,Rejuvenating,Immunomodulatory
1200,3,herb_balances_dosha,Balancing,Low,Digestive stimulant,Calming
381,3,herb_balances_dosha,Balancing,High,Digestive stimulant,Immunomodulatory
455,1,herb_balances_dosha,Balancing,Medium,Astringent,Lightening
849,3,herb_balances_dosha,Balancing,Medium,Cooling,Lightening
1173,1,herb_balances_dosha,Balancing,Low,Diuretic,Anti-inflammatory
1377,2,herb_balances_dosha,Balancing,Low,Rejuvenating,Diuretic
434,3,herb_balances_dosha,Balancing,Low,Grounding,Immunomodulatory
676,3,herb_balances_dosha,Balancing,High,Grounding,Anti-inflammatory
1562,3,herb_balances_dosha,Balancing,High,Astringent,Lightening
1408,2,herb_balances_dosha,Balancing,High,Cooling,Lightening
1676,3,herb_balances_dosha,Balancing,High,Cooling,Diuretic
1547,3,herb_balances_dosha,Balancing,Medium,Diuretic,Diuretic
845,3,herb_balances_dosha,Balancing,High,Digestive stimulant,Diuretic
1443,3,herb_balances_dosha,Balancing,High,Digestive stimulant,Calming
1243,1,herb_balances_dosha,Balancing,Medium,Diuretic,Immunomodulatory
1050,2,herb_balances_dosha,Balancing,High,Digestive stimulant,Diuretic
1260,2,herb_balances_dosha,Balancing,Medium,Cooling,Calming
870,1,herb_balances_dosha,Balancing,Low,Astringent,Immunomodulatory
1769,1,herb_balances_dosha,Balancing,High,Grounding,Anti-inflammatory
864,2,herb_balances_dosha,Balancing,Low,Warming,Anti-inflammatory
1728,3,herb_balances_dosha,Balancing,Low,Grounding,Immunomodulatory
811,3,herb_balances_dosha,Balancing,Medium,Astringent,Immunomodulatory
1574,1,herb_balances_dosha,Balancing,Medium,Diuretic,Calming
438,1,herb_balances_dosha,Balancing,High,Astringent,Nourishing
1332,1,herb_balances_dosha,Balancing,High,Digestive stimulant,Diuretic
1287,2,herb_balances_dosha,Balancing,Low,Cooling,Anti-inflammatory
688,2,herb_balances_dosha,Balancing,Medium,Digestive stimulant,Diuretic
1242,2,herb_balances_dosha,Balancing,High,Cooling,Calming
1302,1,herb_balances_dosha,Balancing,Low,Grounding,Diuretic
821,3,herb_balances_dosha,Balancing,Low,Warming,Anti-inflammatory
1634,2,herb_balances_dosha,Balancing,High,Astringent,Immunomodulatory
604,2,herb_balances_dosha,Balancing,Medium,Grounding,Calming
1286,2,herb_balances_dosha,Balancing,High,Warming,Lightening
942,2,herb_balances_dosha,Balancing,Low,Astringent,Immunomodulatory
1403,2,herb_balances_dosha,Balancing,Low,Grounding,Immunomodulatory
373,1,herb_balances_dosha,Balancing,Low,Rejuvenating,Lightening
1787,1,herb_balances_dosha,Balancing,High,Cooling,Immunomodulatory
773,3,herb_balances_dosha,Balancing,High,Diuretic,Calming
696,3,herb_balances_dosha,Balancing,Low,Digestive stimulant,Nourishing
244,2,herb_balances_dosha,Balancing,Low,Grounding,Anti-inflammatory
1112,1,herb_balances_dosha,Balancing,Low,Digestive stimulant,Lightening
1184,2,herb_balances_dosha,Balancing,Low,Cooling,Calming
1103,2,herb_balances_dosha,Balancing,High,Warming,Anti-inflammatory
477,1,herb_balances_dosha,Balancing,Low,Rejuvenating,Immunomodulatory
473,3,herb_balances_dosha,Balancing,Medium,Digestive stimulant,Immunomodulatory
745,2,herb_balances_dosha,Balancing,Low,Rejuvenating,Diuretic
1108,1,herb_balances_dosha,Balancing,Low,Rejuvenating,Immunomodulatory
902,3,herb_balances_dosha,Balancing,High,Grounding,Immunomodulatory
1625,3,herb_balances_dosha,Balancing,Medium,Grounding,Diuretic
613,3,herb_balances_dosha,Balancing,Low,Astringent,Lightening
989,2,herb_balances_dosha,Balancing,Medium,Digestive stimulant,Immunomodulatory
1571,3,herb_balances_dosha,Balancing,Low,Cooling,Lightening
1195,1,herb_balances_dosha,Balancing,High,Cooling,Lightening
1401,2,herb_balances_dosha,Balancing,Low,Astringent,Immunomodulatory
1603,2,herb_balances_dosha,Balancing,Medium,Digestive stimulant,Immunomodulatory
1150,3,herb_balances_dosha,Balancing,High,Cooling,Diuretic
1484,1,herb_balances_dosha,Balancing,High,Diuretic,Immunomodulatory
878,2,herb_balances_dosha,Balancing,Low,Warming,Anti-inflammatory
456,3,herb_balances_dosha,Balancing,Low,Digestive stimulant,Nourishing
471,3,herb_balances_dosha,Balancing,High,Grounding,Nourishing
1167,3,herb_balances_dosha,Balancing,Medium,Warming,Diuretic
829,1,herb_balances_dosha,Balancing,Medium,Grounding,Calming
1698,3,herb_balances_dosha,Balancing,Low,Cooling,Anti-inflammatory
1665,3,herb_balances_dosha,Balancing,Low,Cooling,Calming
1795,2,herb_balances_dosha,Balancing,Low,Astringent,Diuretic
1090,2,herb_balances_dosha,Balancing,Medium,Diuretic,Diuretic
1688,2,herb_balances_dosha,Balancing,Medium,Rejuvenating,Diuretic
844,3,herb_balances_dosha,Balancing,Low,Digestive stimulant,Diuretic
1001,2,herb_balances_dosha,Balancing,High,Grounding,Calming
1012,3,herb_balances_dosha,Balancing,Medium,Astringent,Anti-inflammatory
1231,2,herb_balances_dosha,Balancing,High,Warming,Immunomodulatory
1355,2,herb_balances_dosha,Balancing,High,Warming,Immunomodulatory
479,3,herb_balances_dosha,Balancing,Medium,Grounding,Diuretic
303,1,herb_balances_dosha,Balancing,Medium,Diuretic,Diuretic
1490,2,herb_balances_dosha,Balancing,High,Cooling,Lightening
897,3,herb_balances_dosha,Balancing,Medium,Diuretic,Diuretic
903,3,herb_balances_dosha,Balancing,Medium,Digestive stimulant,Immunomodulatory
296,1,herb_balances_dosha,Balancing,Low,Grounding,Nourishing
736,1,herb_balances_dosha,Balancing,Medium,Grounding,Calming
369,3,herb_balances_dosha,Balancing,High,Diuretic,Nourishing
1791,1,herb_balances_dosha,Balancing,Low,Rejuvenating,Lightening
767,1,herb_balances_dosha,Balancing,Medium,Digestive stimulant,Anti-inflammatory
759,3,herb_balances_dosha,Balancing,Low,Astringent,Calming
931,2,herb_balances_dosha,Balancing,Low,Diuretic,Calming
1240,3,herb_balances_dosha,Balancing,High,Diuretic,Anti-inflammatory
815,3,herb_balances_dosha,Balancing,Medium,Rejuvenating,Lightening
522,3,herb_balances_dosha,Balancing,Medium,Grounding,Calming
1045,3,herb_balances_dosha,Balancing,Medium,Warming,Calming
232,1,herb_balances_dosha,Balancing,High,Diuretic,Diuretic
1423,3,herb_balances_dosha,Balancing,Medium,Astringent,Immunomodulatory
1350,2,herb_balances_dosha,Balancing,Low,Grounding,Immunomodulatory
1003,3,herb_balances_dosha,Balancing,Low,Astringent,Immunomodulatory
1015,1,herb_balances_dosha,Balancing,Medium,Rejuvenating,Calming
1298,3,herb_balances_dosha,Balancing,Medium,Cooling,Calming
1476,1,herb_balances_dosha,Balancing,High,Digestive stimulant,Nourishing
418,2,herb_balances_dosha,Balancing,Medium,Astringent,Lightening
534,3,herb_balances_dosha,Balancing,High,Cooling,Nourishing
1561,3,herb_balances_dosha,Balancing,Medium,Cooling,Diuretic
1208,1,herb_balances_dosha,Balancing,Medium,Diuretic,Diuretic
1372,2,herb_balances_dosha,Balancing,Medium,Warming,Lightening
1680,3,herb_balances_dosha,Balancing,High,Grounding,Nourishing
834,2,herb_balances_dosha,Balancing,High,Cooling,Nourishing
1167,2,herb_balances_dosha,Balancing,Medium,Grounding,Immunomodulatory
1768,2,herb_balances_dosha,Balancing,Low,Warming,Lightening
1507,2,herb_balances_dosha,Balancing,Medium,Cooling,Anti-inflammatory
1769,2,herb_balances_dosha,Balancing,Medium,Astringent,Diuretic
997,3,herb_balances_dosha,Balancing,Low,Grounding,Lightening
1542,3,herb_balances_dosha,Balancing,Low,Grounding,Lightening
1670,2,herb_balances_dosha,Balancing,High,Warming,Lightening
1248,1,herb_balances_dosha,Balancing,High,Digestive stimulant,Immunomodulatory
718,2,herb_balances_dosha,Balancing,High,Diuretic,Immunomodulatory
537,1,herb_balances_dosha,Balancing,Medium,Warming,Lightening
715,3,herb_balances_dosha,Balancing,Medium,Digestive stimulant,Diuretic
256,2,herb_balances_dosha,Balancing,High,Diuretic,Diuretic
1164,2,herb_balances_dosha,Balancing,Low,Grounding,Anti-inflammatory
560,1,herb_balances_dosha,Balancing,Low,Warming,Diuretic
1568,1,herb_balances_dosha,Balancing,High,Grounding,Calming
1084,1,herb_balances_dosha,Balancing,High,Rejuvenating,Immunomodulatory
408,2,herb_balances_dosha,Balancing,Low,Astringent,Diuretic
1342,3,herb_balances_dosha,Balancing,Low,Rejuvenating,Diuretic
934,3,herb_balances_dosha,Balancing,Medium,Digestive stimulant,Diuretic
909,2,herb_balances_dosha,Balancing,Low,Digestive stimulant,Anti-inflammatory
1396,2,herb_balances_dosha,Balancing,Low,Cooling,Immunomodulatory
1046,3,herb_balances_dosha,Balancing,Medium,Diuretic,Diuretic
241,2,herb_balances_dosha,Balancing,High,Cooling,Diuretic
852,3,herb_balances_dosha,Balancing,Medium,Grounding,Anti-inflammatory
1390,1,herb_balances_dosha,Balancing,High,Grounding,Nourishing
1720,1,herb_balances_dosha,Balancing,Medium,Warming,Anti-inflammatory
1104,2,herb_balances_dosha,Balancing,Medium,Diuretic,Diuretic
273,2,herb_balances_dosha,Balancing,Medium,Astringent,Diuretic
1200,1,herb_balances_dosha,Balancing,High,Warming,Immunomodulatory
1153,1,herb_balances_dosha,Balancing,Low,Warming,Anti-inflammatory
531,1,herb_balances_dosha,Balancing,Low,Rejuvenating,Calming
1343,1,herb_balances_dosha,Balancing,High,Cooling,Calming
1092,3,herb_balances_dosha,Balancing,Low,Astringent,Lightening
881,1,herb_balances_dosha,Balancing,Low,Warming,Calming
1156,3,herb_balances_dosha,Balancing,Low,Digestive stimulant,Diuretic
1778,1,herb_balances_dosha,Balancing,Medium,Digestive stimulant,Nourishing
833,3,herb_balances_dosha,Balancing,Medium,Cooling,Nourishing
826,1,herb_balances_dosha,Balancing,Low,Diuretic,Immunomodulatory
1008,2,herb_balances_dosha,Balancing,Low,Grounding,Nourishing
607,2,herb_balances_dosha,Balancing,Low,Rejuvenating,Anti-inflammatory
1435,3,herb_balances_dosha,Balancing,Low,Diuretic,Diuretic
420,1,herb_balances_dosha,Balancing,Low,Grounding,Calming
1149,3,herb_balances_dosha,Balancing,High,Warming,Diuretic
556,2,herb_balances_dosha,Balancing,Low,Astringent,Lightening
653,3,herb_balances_dosha,Balancing,Medium,Astringent,Lightening
739,1,herb_balances_dosha,Balancing,High,Digestive stimulant,Calming
1049,2,herb_balances_dosha,Balancing,Medium,Digestive stimulant,Immunomodulatory
1091,3,herb_balances_dosha,Balancing,High,Astringent,Calming
1234,3,herb_balances_dosha,Balancing,Medium,Digestive stimulant,Calming
1449,1,herb_balances_dosha,Balancing,High,Rejuvenating,Calming
539,2,herb_balances_dosha,Balancing,Low,Warming,Calming
1139,3,herb_balances_dosha,Balancing,Medium,Astringent,Calming
1662,2,herb_balances_dosha,Balancing,Medium,Warming,Anti-inflammatory
1787,2,herb_balances_dosha,Balancing,High,Rejuvenating,Calming
1143,3,herb_balances_dosha,Balancing,Low,Warming,Nourishing
790,1,herb_balances_dosha,Balancing,Medium,Astringent,Anti-inflammatory
1031,1,herb_balances_dosha,Balancing,Medium,Diuretic,Diuretic
1428,3,herb_balances_dosha,Balancing,Low,Digestive stimulant,Immunomodulatory
401,1,herb_balances_dosha,Balancing,Medium,Grounding,Calming
1113,1,herb_balances_dosha,Balancing,Low,Diuretic,Immunomodulatory
384,1,herb_balances_dosha,Balancing,Low,Astringent,Nourishing
297,1,herb_balances_dosha,Balancing,High,Rejuvenating,Nourishing
397,3,herb_balances_dosha,Balancing,Low,Warming,Calming
832,3,herb_balances_dosha,Balancing,High,Cooling,Anti-inflammatory
1751,1,herb_balances_dosha,Balancing,High,Digestive stimulant,Anti-inflammatory
210,3,herb_balances_dosha,Balancing,Low,Cooling,Diuretic
939,1,herb_balances_dosha,Balancing,Low,Rejuvenating,Diuretic
878,3,herb_balances_dosha,Balancing,Medium,Grounding,Anti-inflammatory
716,3,herb_balances_dosha,Balancing,Low,Cooling,Anti-inflammatory
1245,1,herb_balances_dosha,Balancing,Medium,Diuretic,Diuretic
998,3,herb_balances_dosha,Balancing,High,Diuretic,Immunomodulatory
1143,2,herb_balances_dosha,Balancing,Medium,Warming,Immunomodulatory
518,1,herb_balances_dosha,Balancing,Medium,Astringent,Lightening
1006,2,herb_balances_dosha,Balancing,Medium,Astringent,Immunomodulatory
330,1,herb_balances_dosha,Balancing,Medium,Diuretic,Lightening
392,1,herb_balances_dosha,Balancing,Medium,Diuretic,Diuretic
737,3,herb_balances_dosha,Balancing,Low,Cooling,Immunomodulatory
978,3,herb_balances_dosha,Balancing,Low,Digestive stimulant,Lightening
832,1,herb_balances_dosha,Balancing,High,Grounding,Lightening
1000,1,herb_balances_dosha,Balancing,Medium,Grounding,Immunomodulatory
936,2,herb_balances_dosha,Balancing,Medium,Diuretic,Calming
388,2,herb_balances_dosha,Balancing,Medium,Cooling,Immunomodulatory
870,2,herb_balances_dosha,Balancing,Medium,Diuretic,Anti-inflammatory
949,1,herb_balances_dosha,Balancing,Medium,Diuretic,Lightening
1735,2,herb_balances_dosha,Balancing,Low,Rejuvenating,Calming
457,3,herb_balances_dosha,Balancing,Medium,Digestive stimulant,Anti-inflammatory
534,2,herb_balances_dosha,Balancing,Low,Digestive stimulant,Anti-inflammatory
1253,2,herb_balances_dosha,Balancing,High,Astringent,Diuretic
1346,2,herb_balances_dosha,Balancing,Low,Rejuvenating,Anti-inflammatory
1322,3,herb_balances_dosha,Balancing,Low,Astringent,Calming
957,3,herb_balances_dosha,Balancing,Medium,Warming,Nourishing
1007,1,herb_balances_dosha,Balancing,Low,Warming,Immunomodulatory
1557,3,herb_balances_dosha,Balancing,Medium,Warming,Immunomodulatory
1440,2,herb_balances_dosha,Balancing,Medium,Digestive stimulant,Nourishing
435,3,herb_balances_dosha,Balancing,Low,Digestive stimulant,Immunomodulatory
1462,3,herb_balances_dosha,Balancing,Low,Digestive stimulant,Calming
1194,1,herb_balances_dosha,Balancing,High,Astringent,Immunomodulatory
665,2,herb_balances_dosha,Balancing,Medium,Warming,Immunomodulatory
419,2,herb_balances_dosha,Balancing,High,Grounding,Immunomodulatory
553,3,herb_balances_dosha,Balancing,Medium,Diuretic,Nourishing
1228,1,herb_balances_dosha,Balancing,High,Cooling,Anti-inflammatory
500,2,herb_balances_dosha,Balancing,Low,Warming,Calming
746,2,herb_balances_dosha,Balancing,Medium,Grounding,Diuretic
1214,1,herb_balances_dosha,Balancing,Low,Warming,Immunomodulatory
1103,1,herb_balances_dosha,Balancing,Medium,Rejuvenating,Immunomodulatory
958,2,herb_balances_dosha,Balancing,Medium,Digestive stimulant,Anti-inflammatory
263,3,herb_balances_dosha,Balancing,High,Diuretic,Calming
955,1,herb_balances_dosha,Balancing,Low,Cooling,Immunomodulatory
880,3,herb_balances_dosha,Balancing,Low,Digestive stimulant,Lightening
607,3,herb_balances_dosha,Balancing,Low,Diuretic,Immunomodulatory
328,1,herb_balances_dosha,Balancing,Medium,Rejuvenating,Diuretic
1611,3,herb_balances_dosha,Balancing,High,Warming,Diuretic
1382,2,herb_balances_dosha,Balancing,Medium,Cooling,Immunomodulatory
1154,1,herb_balances_dosha,Balancing,Medium,Digestive stimulant,Immunomodulatory
1679,2,herb_balances_dosha,Balancing,Medium,Warming,Immunomodulatory
1086,3,herb_balances_dosha,Balancing,Low,Rejuvenating,Diuretic
654,2,herb_balances_dosha,Balancing,Low,Astringent,Diuretic
251,3,herb_balances_dosha,Balancing,Low,Cooling,Diuretic
302,1,herb_balances_dosha,Balancing,High,Warming,Lightening
1706,3,herb_balances_dosha,Balancing,Low,Diuretic,Anti-inflammatory
283,3,herb_balances_dosha,Balancing,High,Grounding,Immunomodulatory
262,2,herb_balances_dosha,Balancing,High,Digestive stimulant,Anti-inflammatory
1233,2,herb_balances_dosha,Balancing,Medium,Diuretic,Calming
539,3,herb_balances_dosha,Balancing,Low,Cooling,Calming
234,3,herb_balances_dosha,Balancing,High,Warming,Lightening
691,2,herb_balances_dosha,Balancing,High,Cooling,Calming
1641,2,herb_balances_dosha,Balancing,High,Cooling,Anti-inflammatory
1461,3,herb_balances_dosha,Balancing,Medium,Astringent,Diuretic
311,2,herb_balances_dosha,Balancing,Low,Warming,Diuretic
462,2,herb_balances_dosha,Balancing,High,Cooling,Diuretic
980,3,herb_balances_dosha,Balancing,Low,Warming,Calming
243,3,herb_balances_dosha,Balancing,Medium,Diuretic,Immunomodulatory
1383,2,herb_balances_dosha,Balancing,High,Diuretic,Calming
1690,1,herb_balances_dosha,Balancing,Low,Diuretic,Immunomodulatory
1067,2,herb_balances_dosha,Balancing,Low,Warming,Lightening
291,1,herb_balances_dosha,Balancing,Low,Rejuvenating,Lightening
1375,2,herb_balances_dosha,Balancing,High,Digestive stimulant,Anti-inflammatory
476,1,herb_balances_dosha,Balancing,Medium,Astringent,Diuretic
1634,3,herb_balances_dosha,Balancing,Low,Diuretic,Anti-inflammatory
1697,2,herb_balances_dosha,Balancing,High,Warming,Anti-inflammatory
492,3,herb_balances_dosha,Balancing,High,Digestive stimulant,Calming
1460,3,herb_balances_dosha,Balancing,Low,Warming,Calming
1560,3,herb_balances_dosha,Balancing,High,Astringent,Lightening
1237,2,herb_balances_dosha,Balancing,Medium,Warming,Calming
1776,1,herb_balances_dosha,Balancing,Medium,Astringent,Lightening
1541,1,herb_balances_dosha,Balancing,Low,Rejuvenating,Anti-inflammatory
463,2,herb_balances_dosha,Balancing,High,Diuretic,Nourishing
1543,1,herb_balances_dosha,Balancing,High,Warming,Immunomodulatory
1593,2,herb_balances_dosha,Balancing,Low,Astringent,Anti-inflammatory
567,3,herb_balances_dosha,Balancing,Medium,Rejuvenating,Anti-inflammatory
373,2,herb_balances_dosha,Balancing,Medium,Rejuvenating,Immunomodulatory
1462,2,herb_balances_dosha,Balancing,Low,Astringent,Diuretic
220,2,herb_balances_dosha,Balancing,Medium,Rejuvenating,Calming
890,1,herb_balances_dosha,Balancing,Low,Grounding,Calming
707,1,herb_balances_dosha,Balancing,Low,Astringent,Lightening
868,1,herb_balances_dosha,Balancing,Low,Diuretic,Calming
1646,2,herb_balances_dosha,Balancing,High,Grounding,Calming
294,3,herb_balances_dosha,Balancing,Medium,Astringent,Immunomodulatory
446,1,herb_balances_dosha,Balancing,High,Grounding,Diuretic
919,1,herb_balances_dosha,Balancing,High,Cooling,Diuretic
562,3,herb_balances_dosha,Balancing,Low,Digestive stimulant,Lightening
964,3,herb_balances_dosha,Balancing,Low,Astringent,Calming
349,1,herb_balances_dosha,Balancing,Low,Grounding,Diuretic
1059,3,herb_balances_dosha,Balancing,Medium,Cooling,Diuretic
260,3,herb_balances_dosha,Balancing,Low,Cooling,Immunomodulatory
1152,2,herb_balances_dosha,Balancing,Low,Rejuvenating,Anti-inflammatory
1027,3,herb_balances_dosha,Balancing,Low,Digestive stimulant,Calming
328,2,herb_balances_dosha,Balancing,High,Grounding,Immunomodulatory
709,1,herb_balances_dosha,Balancing,High,Astringent,Lightening
371,1,herb_balances_dosha,Balancing,Low,Astringent,Anti-inflammatory
1032,2,herb_balances_dosha,Balancing,Medium,Digestive stimulant,Lightening
1580,2,herb_balances_dosha,Balancing,Medium,Rejuvenating,Lightening
1615,1,herb_balances_dosha,Balancing,Low,Grounding,Immunomodulatory
735,1,herb_balances_dosha,Balancing,Low,Astringent,Anti-inflammatory
936,3,herb_balances_dosha,Balancing,Low,Diuretic,Calming
1384,2,herb_balances_dosha,Balancing,Medium,Grounding,Immunomodulatory
1517,2,herb_balances_dosha,Balancing,Medium,Diuretic,Nourishing
1201,1,herb_balances_dosha,Balancing,High,Grounding,Anti-inflammatory
1421,3,herb_balances_dosha,Balancing,Medium,Cooling,Diuretic
1142,3,herb_balances_dosha,Balancing,Medium,Cooling,Immunomodulatory
403,1,herb_balances_dosha,Balancing,High,Warming,Diuretic
1095,1,herb_balances_dosha,Balancing,Medium,Grounding,Calming
831,2,herb_balances_dosha,Balancing,High,Cooling,Calming
438,2,herb_balances_dosha,Balancing,Medium,Diuretic,Anti-inflammatory
657,3,herb_balances_dosha,Balancing,High,Rejuvenating,Anti-inflammatory
1235,3,herb_balances_dosha,Balancing,High,Astringent,Lightening
1481,2,herb_balances_dosha,Balancing,Medium,Cooling,Immunomodulatory
1464,3,herb_balances_dosha,Balancing,High,Astringent,Anti-inflammatory
1110,2,herb_balances_dosha,Balancing,Medium,Grounding,Diuretic
1222,2,herb_balances_dosha,Balancing,Medium,Rejuvenating,Lightening
774,2,herb_balances_dosha,Balancing,High,Cooling,Diuretic
787,2,herb_balances_dosha,Balancing,High,Rejuvenating,Diuretic
1522,3,herb_balances_dosha,Balancing,High,Grounding,Lightening
269,2,herb_balances_dosha,Balancing,High,Astringent,Calming
1077,3,herb_balances_dosha,Balancing,High,Grounding,Diuretic
495,3,herb_balances_dosha,Balancing,Low,Grounding,Lightening
1573,3,herb_balances_dosha,Balancing,High,Grounding,Nourishing
1197,1,herb_balances_dosha,Balancing,Low,Digestive stimulant,Diuretic
269,3,herb_balances_dosha,Balancing,High,Warming,Nourishing
1177,3,herb_balances_dosha,Balancing,Low,Digestive stimulant,Diuretic
326,1,herb_balances_dosha,Balancing,Low,Digestive stimulant,Anti-inflammatory
1577,2,herb_balances_dosha,Balancing,High,Cooling,Nourishing
244,3,herb_balances_dosha,Balancing,Low,Digestive stimulant,Lightening
1362,3,herb_balances_dosha,Balancing,Low,Cooling,Calming
1377,1,herb_balances_dosha,Balancing,High,Digestive stimulant,Immunomodulatory
519,1,herb_balances_dosha,Balancing,Medium,Diuretic,Calming
1312,1,herb_balances_dosha,Balancing,Medium,Diuretic,Nourishing
1046,2,herb_balances_dosha,Balancing,High,Diuretic,Lightening
768,2,herb_balances_dosha,Balancing,High,Rejuvenating,Immunomodulatory
535,2,herb_balances_dosha,Balancing,Medium,Diuretic,Diuretic
1034,3,herb_balances_dosha,Balancing,Low,Cooling,Nourishing
943,3,herb_balances_dosha,Balancing,Low,Warming,Calming
746,3,herb_balances_dosha,Balancing,Low,Digestive stimulant,Lightening
333,1,herb_balances_dosha,Balancing,Low,Grounding,Nourishing
676,1,herb_balances_dosha,Balancing,Low,Diuretic,Immunomodulatory
1156,1,herb_balances_dosha,Balancing,High,Grounding,Anti-inflammatory
857,3,herb_balances_dosha,Balancing,High,Astringent,Nourishing
700,1,herb_balances_dosha,Balancing,Medium,Cooling,Calming
501,3,herb_balances_dosha,Balancing,High,Diuretic,Lightening
1484,2,herb_balances_dosha,Balancing,Low,Grounding,Nourishing
443,2,herb_balances_dosha,Balancing,High,Grounding,Lightening
1437,1,herb_balances_dosha,Balancing,Medium,Astringent,Nourishing
1751,2,herb_balances_dosha,Balancing,Medium,Astringent,Lightening
1604,3,herb_balances_dosha,Balancing,Low,Rejuvenating,Calming
328,3,herb_balances_dosha,Balancing,High,Astringent,Calming
1598,3,herb_balances_dosha,Balancing,Low,Astringent,Anti-inflammatory
1180,2,herb_balances_dosha,Balancing,High,Digestive stimulant,Diuretic
1012,2,herb_balances_dosha,Balancing,High,Rejuvenating,Diuretic
1652,3,herb_balances_dosha,Balancing,High,Cooling,Calming
388,3,herb_balances_dosha,Balancing,Medium,Diuretic,Lightening
612,1,herb_balances_dosha,Balancing,Low,Rejuvenating,Lightening
1281,2,herb_balances_dosha,Balancing,High,Astringent,Nourishing
1575,1,herb_balances_dosha,Balancing,Low,Rejuvenating,Immunomodulatory
896,3,herb_balances_dosha,Balancing,Medium,Diuretic,Anti-inflammatory
1303,1,herb_balances_dosha,Balancing,Low,Rejuvenating,Nourishing
1791,2,herb_balances_dosha,Balancing,High,Warming,Diuretic
399,1,herb_balances_dosha,Balancing,High,Diuretic,Lightening
1011,2,herb_balances_dosha,Balancing,High,Rejuvenating,Calming
976,2,herb_balances_dosha,Balancing,High,Grounding,Diuretic
1387,2,herb_balances_dosha,Balancing,Low,Astringent,Diuretic
1551,1,herb_balances_dosha,Balancing,High,Rejuvenating,Diuretic
532,1,herb_balances_dosha,Balancing,Medium,Diuretic,Diuretic
382,3,herb_balances_dosha,Balancing,High,Digestive stimulant,Calming
343,1,herb_balances_dosha,Balancing,Low,Digestive stimulant,Calming
523,1,herb_balances_dosha,Balancing,Low,Rejuvenating,Diuretic
381,1,herb_balances_dosha,Balancing,High,Astringent,Anti-inflammatory
1097,2,herb_balances_dosha,Balancing,High,Rejuvenating,Immunomodulatory
1071,1,herb_balances_dosha,Balancing,High,Grounding,Anti-inflammatory
1273,3,herb_balances_dosha,Balancing,High,Warming,Immunomodulatory
1212,2,herb_balances_dosha,Balancing,Low,Grounding,Nourishing
745,1,herb_balances_dosha,Balancing,Medium,Astringent,Anti-inflammatory
1511,1,herb_balances_dosha,Balancing,High,Digestive stimulant,Anti-inflammatory
1773,3,herb_balances_dosha,Balancing,Low,Warming,Anti-inflammatory
460,3,herb_balances_dosha,Balancing,Low,Digestive stimulant,Immunomodulatory
623,1,herb_balances_dosha,Balancing,Medium,Rejuvenating,Nourishing
1466,1,herb_balances_dosha,Balancing,Medium,Digestive stimulant,Calming
612,3,herb_balances_dosha,Balancing,Low,Warming,Immunomodulatory
1526,2,herb_balances_dosha,Balancing,Medium,Warming,Anti-inflammatory
907,2,herb_balances_dosha,Balancing,Medium,Cooling,Immunomodulatory
588,1,herb_balances_dosha,Balancing,High,Warming,Nourishing
665,3,herb_balances_dosha,Balancing,Medium,Warming,Immunomodulatory
1074,2,herb_balances_dosha,Balancing,High,Rejuvenating,Immunomodulatory
321,1,herb_balances_dosha,Balancing,High,Warming,Diuretic
532,3,herb_balances_dosha,Balancing,Low,Grounding,Nourishing
776,3,herb_balances_dosha,Balancing,High,Digestive stimulant,Calming
1702,2,herb_balances_dosha,Balancing,High,Rejuvenating,Diuretic
974,3,herb_balances_dosha,Balancing,Low,Rejuvenating,Anti-inflammatory
1321,2,herb_balances_dosha,Balancing,High,Rejuvenating,Anti-inflammatory
626,1,herb_balances_dosha,Balancing,High,Digestive stimulant,Diuretic
521,2,herb_balances_dosha,Balancing,Medium,Digestive stimulant,Diuretic
1081,3,herb_balances_dosha,Balancing,Medium,Warming,Calming
316,1,herb_balances_dosha,Balancing,Low,Rejuvenating,Anti-inflammatory
1550,3,herb_balances_dosha,Balancing,High,Grounding,Immunomodulatory
1720,3,herb_balances_dosha,Balancing,High,Cooling,Calming
816,1,herb_balances_dosha,Balancing,Low,Warming,Calming
671,2,herb_balances_dosha,Balancing,High,Grounding,Anti-inflammatory
1046,1,herb_balances_dosha,Balancing,High,Astringent,Immunomodulatory
482,1,herb_balances_dosha,Balancing,Medium,Grounding,Calming
332,1,herb_balances_dosha,Balancing,High,Grounding,Immunomodulatory
534,1,herb_balances_dosha,Balancing,High,Cooling,Calming
768,3,herb_balances_dosha,Balancing,Medium,Grounding,Nourishing
467,2,herb_balances_dosha,Balancing,High,Digestive stimulant,Diuretic
1149,1,herb_balances_dosha,Balancing,Medium,Cooling,Nourishing
631,1,herb_balances_dosha,Balancing,High,Cooling,Diuretic
1677,3,herb_balances_dosha,Balancing,High,Digestive stimulant,Diuretic
1082,1,herb_balances_dosha,Balancing,High,Diuretic,Diuretic
1595,2,herb_balances_dosha,Balancing,Medium,Grounding,Diuretic
633,1,herb_balances_dosha,Balancing,Low,Warming,Lightening
370,3,herb_balances_dosha,Balancing,Medium,Rejuvenating,Immunomodulatory
1254,1,herb_balances_dosha,Balancing,High,Grounding,Lightening
442,1,herb_balances_dosha,Balancing,Low,Astringent,Lightening
293,2,herb_balances_dosha,Balancing,High,Cooling,Anti-inflammatory
987,3,herb_balances_dosha,Balancing,High,Cooling,Nourishing
536,3,herb_balances_dosha,Balancing,Low,Digestive stimulant,Calming
1771,1,herb_balances_dosha,Balancing,Medium,Diuretic,Calming
1347,1,herb_balances_dosha,Balancing,High,Astringent,Diuretic
1713,2,herb_balances_dosha,Balancing,Low,Rejuvenating,Calming
512,1,herb_balances_dosha,Balancing,High,Cooling,Immunomodulatory
211,3,herb_balances_dosha,Balancing,Low,Rejuvenating,Lightening
1444,2,herb_balances_dosha,Balancing,High,Astringent,Immunomodulatory
518,3,herb_balances_dosha,Balancing,High,Rejuvenating,Immunomodulatory
396,1,herb_balances_dosha,Balancing,Low,Digestive stimulant,Immunomodulatory
554,3,herb_balances_dosha,Balancing,Medium,Cooling,Lightening
1269,1,herb_balances_dosha,Balancing,Low,Diuretic,Diuretic
970,3,herb_balances_dosha,Balancing,High,Rejuvenating,Calming
1443,1,herb_balances_dosha,Balancing,Medium,Digestive stimulant,Anti-inflammatory
1463,1,herb_balances_dosha,Balancing,Medium,Warming,Diuretic
1204,1,herb_balances_dosha,Balancing,Low,Digestive stimulant,Lightening
546,3,herb_balances_dosha,Balancing,High,Cooling,Diuretic
1723,3,herb_balances_dosha,Balancing,Medium,Cooling,Nourishing
551,3,herb_balances_dosha,Balancing,High,Diuretic,Diuretic
440,2,herb_balances_dosha,Balancing,Medium,Rejuvenating,Anti-inflammatory
841,1,herb_balances_dosha,Balancing,High,Astringent,Diuretic
1431,2,herb_balances_dosha,Balancing,High,Cooling,Diuretic
955,2,herb_balances_dosha,Balancing,High,Grounding,Calming
674,2,herb_balances_dosha,Balancing,High,Cooling,Lightening
879,2,herb_balances_dosha,Balancing,High,Warming,Nourishing
245,2,herb_balances_dosha,Balancing,Medium,Rejuvenating,Calming
766,2,herb_balances_dosha,Balancing,High,Grounding,Immunomodulatory
1767,1,herb_balances_dosha,Balancing,Low,Diuretic,Anti-inflammatory
1139,2,herb_balances_dosha,Balancing,Low,Warming,Diuretic
576,3,herb_balances_dosha,Balancing,Low,Diuretic,Diuretic
209,3,herb_balances_dosha,Balancing,High,Grounding,Lightening
224,1,herb_balances_dosha,Balancing,Low,Rejuvenating,Immunomodulatory
486,1,herb_balances_dosha,Balancing,Low,Cooling,Anti-inflammatory
1734,3,herb_balances_dosha,Balancing,High,Digestive stimulant,Anti-inflammatory
483,1,herb_balances_dosha,Balancing,Medium,Digestive stimulant,Diuretic
554,1,herb_balances_dosha,Balancing,Low,Diuretic,Anti-inflammatory
274,2,herb_balances_dosha,Balancing,High,Rejuvenating,Diuretic
255,3,herb_balances_dosha,Balancing,Medium,Astringent,Immunomodulatory
426,3,herb_balances_dosha,Balancing,High,Grounding,Lightening
859,1,herb_balances_dosha,Balancing,Low,Diuretic,Nourishing
714,1,herb_balances_dosha,Balancing,High,Warming,Diuretic
737,2,herb_balances_dosha,Balancing,Medium,Digestive stimulant,Lightening
322,2,herb_balances_dosha,Balancing,Medium,Rejuvenating,Immunomodulatory
782,2,herb_balances_dosha,Balancing,Medium,Digestive stimulant,Nourishing
1006,1,herb_balances_dosha,Balancing,High,Rejuvenating,Calming
1131,2,herb_balances_dosha,Balancing,Low,Warming,Nourishing
312,2,herb_balances_dosha,Balancing,High,Grounding,Calming
1621,3,herb_balances_dosha,Balancing,Medium,Rejuvenating,Calming
1102,1,herb_balances_dosha,Balancing,High,Diuretic,Anti-inflammatory
1421,2,herb_balances_dosha,Balancing,High,Rejuvenating,Immunomodulatory
1251,2,herb_balances_dosha,Balancing,Medium,Cooling,Lightening
1723,1,herb_balances_dosha,Balancing,High,Digestive stimulant,Lightening
1532,2,herb_balances_dosha,Balancing,Medium,Cooling,Anti-inflammatory
1097,3,herb_balances_dosha,Balancing,Low,Diuretic,Anti-inflammatory
857,1,herb_balances_dosha,Balancing,Medium,Grounding,Nourishing
285,2,herb_balances_dosha,Balancing,Medium,Diuretic,Diuretic
721,2,herb_balances_dosha,Balancing,Medium,Digestive stimulant,Diuretic
1774,3,herb_balances_dosha,Balancing,High,Cooling,Anti-inflammatory
1434,3,herb_balances_dosha,Balancing,Low,Diuretic,Lightening
1257,3,herb_balances_dosha,Balancing,Medium,Astringent,Anti-inflammatory
1044,3,herb_balances_dosha,Balancing,High,Cooling,Nourishing
1757,3,herb_balances_dosha,Balancing,Medium,Warming,Lightening
1459,3,herb_balances_dosha,Balancing,Medium,Cooling,Calming
998,1,herb_balances_dosha,Balancing,High,Cooling,Calming
1213,1,herb_balances_dosha,Balancing,Medium,Digestive stimulant,Diuretic
496,1,herb_balances_dosha,Balancing,Medium,Astringent,Lightening
459,1,herb_balances_dosha,Balancing,High,Warming,Diuretic
500,3,herb_balances_dosha,Balancing,Low,Digestive stimulant,Calming
1477,2,herb_balances_dosha,Balancing,Low,Warming,Anti-inflammatory
992,2,herb_balances_dosha,Balancing,Low,Diuretic,Anti-inflammatory
1235,2,herb_balances_dosha,Balancing,Low,Grounding,Anti-inflammatory
365,2,herb_balances_dosha,Balancing,High,Digestive stimulant,Diuretic
929,2,herb_balances_dosha,Balancing,Low,Digestive stimulant,Anti-inflammatory
1105,2,herb_balances_dosha,Balancing,Low,Astringent,Lightening
418,3,herb_balances_dosha,Balancing,Medium,Diuretic,Diuretic
529,3,herb_balances_dosha,Balancing,High,Diuretic,Immunomodulatory
1296,1,herb_balances_dosha,Balancing,High,Digestive stimulant,Nourishing
543,1,herb_balances_dosha,Balancing,Low,Grounding,Anti-inflammatory
1333,3,herb_balances_dosha,Balancing,High,Cooling,Immunomodulatory
217,2,herb_balances_dosha,Balancing,High,Cooling,Immunomodulatory
544,3,herb_balances_dosha,Balancing,High,Rejuvenating,Diuretic
845,2,herb_balances_dosha,Balancing,Medium,Astringent,Diuretic
649,3,herb_balances_dosha,Balancing,High,Digestive stimulant,Lightening
1555,2,herb_balances_dosha,Balancing,Low,Astringent,Nourishing
1588,1,herb_balances_dosha,Balancing,Medium,Diuretic,Diuretic
764,2,herb_balances_dosha,Balancing,Medium,Cooling,Lightening
1643,2,herb_balances_dosha,Balancing,Medium,Astringent,Lightening
1556,1,herb_balances_dosha,Balancing,Low,Digestive stimulant,Lightening
539,1,herb_balances_dosha,Balancing,High,Digestive stimulant,Calming
1354,1,herb_balances_dosha,Balancing,Medium,Warming,Anti-inflammatory
1654,2,herb_balances_dosha,Balancing,Medium,Diuretic,Anti-inflammatory
683,1,herb_balances_dosha,Balancing,Medium,Rejuvenating,Anti-inflammatory
825,1,herb_balances_dosha,Balancing,Low,Warming,Immunomodulatory
1500,3,herb_balances_dosha,Balancing,Low,Astringent,Calming
449,3,herb_balances_dosha,Balancing,Medium,Digestive stimulant,Nourishing
995,2,herb_balances_dosha,Balancing,Medium,Rejuvenating,Nourishing
1231,3,herb_balances_dosha,Balancing,Low,Diuretic,Lightening
589,3,herb_balances_dosha,Balancing,High,Grounding,Diuretic
1301,3,herb_balances_dosha,Balancing,Medium,Diuretic,Lightening
1191,2,herb_balances_dosha,Balancing,High,Astringent,Nourishing
819,1,herb_balances_dosha,Balancing,Medium,Cooling,Lightening
921,1,herb_balances_dosha,Balancing,Low,Warming,Immunomodulatory
528,2,herb_balances_dosha,Balancing,Low,Astringent,Diuretic
1509,3,herb_balances_dosha,Balancing,Medium,Cooling,Nourishing
1398,1,herb_balances_dosha,Balancing,Low,Astringent,Calming
267,1,herb_balances_dosha,Balancing,Medium,Grounding,Calming
624,2,herb_balances_dosha,Balancing,Medium,Astringent,Calming
1068,1,herb_balances_dosha,Balancing,Low,Digestive stimulant,Nourishing
1527,1,herb_balances_dosha,Balancing,Medium,Diuretic,Diuretic
1723,2,herb_balances_dosha,Balancing,Low,Astringent,Lightening
341,3,herb_balances_dosha,Balancing,Low,Digestive stimulant,Anti-inflammatory
1513,2,herb_balances_dosha,Balancing,Medium,Cooling,Anti-inflammatory
1161,1,herb_balances_dosha,Balancing,Low,Cooling,Immunomodulatory
1426,1,herb_balances_dosha,Balancing,Low,Digestive stimulant,Calming
1390,3,herb_balances_dosha,Balancing,Medium,Rejuvenating,Calming
1544,2,herb_balances_dosha,Balancing,High,Diuretic,Calming
618,1,herb_balances_dosha,Balancing,High,Grounding,Immunomodulatory
713,3,herb_balances_dosha,Balancing,Low,Grounding,Anti-inflammatory
744,1,herb_balances_dosha,Balancing,Medium,Cooling,Lightening
252,2,herb_balances_dosha,Balancing,High,Rejuvenating,Anti-inflammatory
1539,2,herb_balances_dosha,Balancing,High,Cooling,Diuretic
455,2,herb_balances_dosha,Balancing,High,Cooling,Immunomodulatory
299,3,herb_balances_dosha,Balancing,High,Cooling,Immunomodulatory
1627,3,herb_balances_dosha,Balancing,Low,Rejuvenating,Lightening
1333,1,herb_balances_dosha,Balancing,Medium,Warming,Lightening
229,1,herb_balances_dosha,Balancing,Medium,Digestive stimulant,Lightening
366,3,herb_balances_dosha,Balancing,Medium,Rejuvenating,Diuretic
1250,1,herb_balances_dosha,Balancing,Medium,Rejuvenating,Diuretic
1145,2,herb_balances_dosha,Balancing,High,Warming,Diuretic
460,2,herb_balances_dosha,Balancing,Low,Astringent,Nourishing
970,2,herb_balances_dosha,Balancing,Low,Diuretic,Diuretic
730,1,herb_balances_dosha,Balancing,Medium,Rejuvenating,Nourishing
1639,1,herb_balances_dosha,Balancing,Low,Astringent,Diuretic
451,1,herb_balances_dosha,Balancing,High,Cooling,Lightening
1535,1,herb_balances_dosha,Balancing,Low,Cooling,Calming
285,3,herb_balances_dosha,Balancing,High,Astringent,Anti-inflammatory
877,1,herb_balances_dosha,Balancing,High,Grounding,Nourishing
284,1,herb_balances_dosha,Balancing,High,Digestive stimulant,Immunomodulatory
1273,1,herb_balances_dosha,Balancing,Low,Grounding,Lightening
1521,2,herb_balances_dosha,Balancing,Low,Astringent,Lightening
1725,3,herb_balances_dosha,Balancing,Low,Astringent,Calming
241,3,herb_balances_dosha,Balancing,Medium,Grounding,Diuretic
396,2,herb_balances_dosha,Balancing,High,Diuretic,Lightening
1327,2,herb_balances_dosha,Balancing,Medium,Rejuvenating,Diuretic
771,2,herb_balances_dosha,Balancing,Low,Warming,Anti-inflammatory
1073,3,herb_balances_dosha,Balancing,Medium,Digestive stimulant,Anti-inflammatory
1169,1,herb_balances_dosha,Balancing,Low,Diuretic,Calming
795,2,herb_balances_dosha,Balancing,High,Rejuvenating,Anti-inflammatory
331,2,herb_balances_dosha,Balancing,High,Cooling,Anti-inflammatory
414,2,herb_balances_dosha,Balancing,Medium,Digestive stimulant,Diuretic
883,3,herb_balances_dosha,Balancing,Medium,Rejuvenating,Diuretic
395,1,herb_balances_dosha,Balancing,High,Astringent,Calming
1162,2,herb_balances_dosha,Balancing,Medium,Grounding,Nourishing
343,3,herb_balances_dosha,Balancing,Medium,Grounding,Nourishing
981,3,herb_balances_dosha,Balancing,Medium,Warming,Lightening
504,3,herb_balances_dosha,Balancing,Medium,Diuretic,Nourishing
1240,2,herb_balances_dosha,Balancing,Medium,Diuretic,Lightening
466,1,herb_balances_dosha,Balancing,Medium,Diuretic,Diuretic
949,3,herb_balances_dosha,Balancing,High,Cooling,Anti-inflammatory
1409,1,herb_balances_dosha,Balancing,Low,Diuretic,Calming
754,3,herb_balances_dosha,Balancing,Medium,Warming,Lightening
1250,3,herb_balances_dosha,Balancing,Medium,Diuretic,Lightening
251,2,herb_balances_dosha,Balancing,High,Warming,Diuretic
1052,2,herb_balances_dosha,Balancing,High,Warming,Diuretic
821,2,herb_balances_dosha,Balancing,Low,Digestive stimulant,Immunomodulatory
556,1,herb_balances_dosha,Balancing,Low,Diuretic,Diuretic
388,1,herb_balances_dosha,Balancing,Low,Rejuvenating,Immunomodulatory
1091,1,herb_balances_dosha,Balancing,High,Astringent,Nourishing
1457,2,herb_balances_dosha,Balancing,Medium,Diuretic,Diuretic
1579,1,herb_balances_dosha,Balancing,High,Cooling,Nourishing
887,2,herb_balances_dosha,Balancing,Medium,Digestive stimulant,Calming
1373,1,herb_balances_dosha,Balancing,High,Astringent,Nourishing
397,1,herb_balances_dosha,Balancing,Medium,Cooling,Immunomodulatory
378,3,herb_balances_dosha,Balancing,Low,Digestive stimulant,Nourishing
1040,1,herb_balances_dosha,Balancing,High,Rejuvenating,Lightening
789,2,herb_balances_dosha,Balancing,High,Grounding,Immunomodulatory
443,3,herb_balances_dosha,Balancing,Low,Diuretic,Nourishing
229,3,herb_balances_dosha,Balancing,Low,Grounding,Diuretic
905,3,herb_balances_dosha,Balancing,Low,Diuretic,Nourishing
751,3,herb_balances_dosha,Balancing,Low,Diuretic,Lightening
1255,3,herb_balances_dosha,Balancing,High,Grounding,Anti-inflammatory
1423,2,herb_balances_dosha,Balancing,Low,Grounding,Lightening
1305,3,herb_balances_dosha,Balancing,High,Grounding,Anti-inflammatory
320,3,herb_balances_dosha,Balancing,Low,Digestive stimulant,Calming
1534,3,herb_balances_dosha,Balancing,Low,Rejuvenating,Diuretic
1230,2,herb_balances_dosha,Balancing,Medium,Warming,Nourishing
1673,3,herb_balances_dosha,Balancing,High,Cooling,Immunomodulatory
284,3,herb_balances_dosha,Balancing,Medium,Digestive stimulant,Lightening
970,1,herb_balances_dosha,Balancing,High,Cooling,Anti-inflammatory
609,1,herb_balances_dosha,Balancing,Low,Warming,Anti-inflammatory
1569,3,herb_balances_dosha,Balancing,Low,Diuretic,Calming
1315,2,herb_balances_dosha,Balancing,High,Warming,Immunomodulatory
212,1,herb_balances_dosha,Balancing,High,Astringent,Calming
787,3,herb_balances_dosha,Balancing,Medium,Warming,Diuretic
1521,1,herb_balances_dosha,Balancing,High,Grounding,Immunomodulatory
1496,3,herb_balances_dosha,Balancing,High,Digestive stimulant,Diuretic
837,1,herb_balances_dosha,Balancing,High,Diuretic,Diuretic
1309,3,herb_balances_dosha,Balancing,High,Rejuvenating,Immunomodulatory
1745,2,herb_balances_dosha,Balancing,High,Digestive stimulant,Calming
892,3,herb_balances_dosha,Balancing,Medium,Grounding,Immunomodulatory
1199,2,herb_balances_dosha,Balancing,Medium,Rejuvenating,Anti-inflammatory
1716,2,herb_balances_dosha,Balancing,Low,Diuretic,Immunomodulatory
644,1,herb_balances_dosha,Balancing,High,Cooling,Lightening
1709,2,herb_balances_dosha,Balancing,Low,Diuretic,Nourishing
547,3,herb_balances_dosha,Balancing,Medium,Rejuvenating,Nourishing
606,1,herb_balances_dosha,Balancing,Low,Cooling,Immunomodulatory
1402,1,herb_balances_dosha,Balancing,Low,Rejuvenating,Calming
579,3,herb_balances_dosha,Balancing,Low,Astringent,Nourishing
1387,1,herb_balances_dosha,Balancing,High,Diuretic,Nourishing
367,1,herb_balances_dosha,Balancing,High,Digestive stimulant,Immunomodulatory
1298,2,herb_balances_dosha,Balancing,High,Diuretic,Nourishing
559,3,herb_balances_dosha,Balancing,Low,Rejuvenating,Calming
253,1,herb_balances_dosha,Balancing,High,Astringent,Anti-inflammatory
969,1,herb_balances_dosha,Balancing,Low,Digestive stimulant,Anti-inflammatory
1572,1,herb_balances_dosha,Balancing,Low,Rejuvenating,Diuretic
258,1,herb_balances_dosha,Balancing,Medium,Cooling,Anti-inflammatory
876,2,herb_balances_dosha,Balancing,Low,Grounding,Anti-inflammatory
1637,2,herb_balances_dosha,Balancing,Low,Grounding,Nourishing
560,2,herb_balances_dosha,Balancing,Medium,Rejuvenating,Anti-inflammatory
639,2,herb_balances_dosha,Balancing,High,Warming,Calming
1476,2,herb_balances_dosha,Balancing,Low,Warming,Diuretic
1106,1,herb_balances_dosha,Balancing,Medium,Warming,Anti-inflammatory
1744,1,herb_balances_dosha,Balancing,Medium,Rejuvenating,Immunomodulatory
725,3,herb_balances_dosha,Balancing,Medium,Digestive stimulant,Nourishing
808,2,herb_balances_dosha,Balancing,High,Cooling,Anti-inflammatory
914,3,herb_balances_dosha,Balancing,High,Grounding,Lightening
239,3,herb_balances_dosha,Balancing,Low,Rejuvenating,Diuretic
1606,1,herb_balances_dosha,Balancing,Medium,Astringent,Calming
1071,3,herb_balances_dosha,Balancing,High,Warming,Diuretic
1628,1,herb_balances_dosha,Balancing,Medium,Cooling,Nourishing
1186,2,herb_balances_dosha,Balancing,Medium,Warming,Lightening
551,1,herb_balances_dosha,Balancing,High,Cooling,Immunomodulatory
362,3,herb_balances_dosha,Balancing,Medium,Digestive stimulant,Immunomodulatory
419,3,herb_balances_dosha,Balancing,Medium,Rejuvenating,Anti-inflammatory
724,3,herb_balances_dosha,Balancing,Low,Rejuvenating,Anti-inflammatory
1739,2,herb_balances_dosha,Balancing,Low,Grounding,Calming
448,1,herb_balances_dosha,Balancing,High,Diuretic,Immunomodulatory
1309,2,herb_balances_dosha,Balancing,Medium,Warming,Calming
1741,2,herb_balances_dosha,Balancing,Medium,Grounding,Nourishing
1262,2,herb_balances_dosha,Balancing,High,Cooling,Nourishing
422,3,herb_balances_dosha,Balancing,High,Cooling,Diuretic
855,2,herb_balances_dosha,Balancing,High,Digestive stimulant,Immunomodulatory
1233,3,herb_balances_dosha,Balancing,Low,Grounding,Immunomodulatory
1132,3,herb_balances_dosha,Balancing,Low,Rejuvenating,Diuretic
315,2,herb_balances_dosha,Balancing,Low,Grounding,Lightening
1569,2,herb_balances_dosha,Balancing,Medium,Cooling,Calming
679,2,herb_balances_dosha,Balancing,Medium,Rejuvenating,Lightening
903,1,herb_balances_dosha,Balancing,Medium,Rejuvenating,Anti-inflammatory
1133,3,herb_balances_dosha,Balancing,Low,Warming,Immunomodulatory
1013,3,herb_balances_dosha,Balancing,High,Grounding,Lightening
1308,1,herb_balances_dosha,Balancing,Medium,Diuretic,Immunomodulatory
1558,1,herb_balances_dosha,Balancing,High,Digestive stimulant,Diuretic
671,1,herb_balances_dosha,Balancing,Medium,Diuretic,Diuretic
595,3,herb_balances_dosha,Balancing,High,Digestive stimulant,Immunomodulatory
971,2,herb_balances_dosha,Balancing,Medium,Cooling,Anti-inflammatory
244,1,herb_balances_dosha,Balancing,Medium,Digestive stimulant,Anti-inflammatory
1328,1,herb_balances_dosha,Balancing,Low,Grounding,Diuretic
1620,1,herb_balances_dosha,Balancing,Medium,Astringent,Nourishing
267,2,herb_balances_dosha,Balancing,High,Astringent,Diuretic
786,1,herb_balances_dosha,Balancing,Medium,Digestive stimulant,Diuretic
589,1,herb_balances_dosha,Balancing,Medium,Warming,Immunomodulatory
1462,1,herb_balances_dosha,Balancing,Low,Digestive stimulant,Lightening
1721,3,herb_balances_dosha,Balancing,Low,Astringent,Calming
473,1,herb_balances_dosha,Balancing,Low,Grounding,Anti-inflammatory
703,1,herb_balances_dosha,Balancing,Medium,Warming,Calming
377,1,herb_balances_dosha,Balancing,Medium,Astringent,Immunomodulatory
1356,3,herb_balances_dosha,Balancing,High,Warming,Anti-inflammatory
572,3,herb_balances_dosha,Balancing,Medium,Astringent,Lightening
616,3,herb_balances_dosha,Balancing,Medium,Warming,Nourishing
1540,1,herb_balances_dosha,Balancing,Low,Astringent,Calming
1416,2,herb_balances_dosha,Balancing,High,Digestive stimulant,Diuretic
1746,2,herb_balances_dosha,Balancing,Low,Diuretic,Nourishing
743,1,herb_balances_dosha,Balancing,Low,Rejuvenating,Lightening
1395,1,herb_balances_dosha,Balancing,Medium,Diuretic,Lightening
476,3,herb_balances_dosha,Balancing,Low,Astringent,Diuretic
891,1,herb_balances_dosha,Balancing,High,Astringent,Calming
276,3,herb_balances_dosha,Balancing,Medium,Rejuvenating,Anti-inflammatory
565,1,herb_balances_dosha,Balancing,Medium,Diuretic,Diuretic
1440,1,herb_balances_dosha,Balancing,High,Grounding,Lightening
1778,3,herb_balances_dosha,Balancing,Medium,Astringent,Lightening
1106,2,herb_balances_dosha,Balancing,Medium,Digestive stimulant,Anti-inflammatory
235,3,herb_balances_dosha,Balancing,High,Grounding,Diuretic
1630,1,herb_balances_dosha,Balancing,High,Diuretic,Immunomodulatory
663,1,herb_balances_dosha,Balancing,Medium,Astringent,Anti-inflammatory
1126,3,herb_balances_dosha,Balancing,High,Cooling,Lightening
1587,3,herb_balances_dosha,Balancing,High,Cooling,Immunomodulatory
1283,2,herb_balances_dosha,Balancing,Medium,Warming,Anti-inflammatory
494,3,herb_balances_dosha,Balancing,High,Digestive stimulant,Immunomodulatory
572,2,herb_balances_dosha,Balancing,Medium,Cooling,Lightening
583,3,herb_balances_dosha,Balancing,Low,Rejuvenating,Anti-inflammatory
222,1,herb_balances_dosha,Balancing,Low,Digestive stimulant,Calming
1050,1,herb_balances_dosha,Balancing,Low,Warming,Diuretic
1351,1,herb_balances_dosha,Balancing,Low,Rejuvenating,Diuretic
1660,1,herb_balances_dosha,Balancing,Medium,Digestive stimulant,Nourishing
772,1,herb_balances_dosha,Balancing,High,Warming,Anti-inflammatory
590,1,herb_balances_dosha,Balancing,Medium,Grounding,Calming
433,1,herb_balances_dosha,Balancing,High,Rejuvenating,Diuretic
1181,1,herb_balances_dosha,Balancing,High,Astringent,Calming
1145,3,herb_balances_dosha,Balancing,Medium,Cooling,Immunomodulatory
931,3,herb_balances_dosha,Balancing,High,Diuretic,Anti-inflammatory
326,3,herb_balances_dosha,Balancing,Medium,Warming,Immunomodulatory
886,2,herb_balances_dosha,Balancing,High,Grounding,Nourishing
1710,1,herb_balances_dosha,Balancing,Medium,Warming,Diuretic
838,1,herb_balances_dosha,Balancing,Medium,Rejuvenating,Anti-inflammatory
1584,2,herb_balances_dosha,Balancing,High,Digestive stimulant,Diuretic
600,2,herb_balances_dosha,Balancing,High,Astringent,Diuretic
1430,2,herb_balances_dosha,Balancing,High,Grounding,Nourishing
336,2,herb_balances_dosha,Balancing,High,Diuretic,Calming
1075,3,herb_balances_dosha,Balancing,Low,Cooling,Nourishing
1247,1,herb_balances_dosha,Balancing,High,Astringent,Immunomodulatory
943,2,herb_balances_dosha,Balancing,Medium,Grounding,Anti-inflammatory
612,2,herb_balances_dosha,Balancing,Medium,Grounding,Nourishing
684,1,herb_balances_dosha,Balancing,Medium,Cooling,Lightening
1122,3,herb_balances_dosha,Balancing,High,Diuretic,Anti-inflammatory
1691,3,herb_balances_dosha,Balancing,Medium,Rejuvenating,Lightening
702,1,herb_balances_dosha,Balancing,Medium,Digestive stimulant,Nourishing
640,3,herb_balances_dosha,Balancing,Medium,Grounding,Immunomodulatory
1787,3,herb_balances_dosha,Balancing,High,Cooling,Immunomodulatory
1009,2,herb_balances_dosha,Balancing,Medium,Grounding,Diuretic
1546,3,herb_balances_dosha,Balancing,Low,Warming,Nourishing
942,3,herb_balances_dosha,Balancing,Medium,Rejuvenating,Lightening
1101,1,herb_balances_dosha,Balancing,Medium,Digestive stimulant,Lightening
249,1,herb_balances_dosha,Balancing,High,Warming,Calming
962,1,herb_balances_dosha,Balancing,Low,Warming,Anti-inflammatory
515,1,herb_balances_dosha,Balancing,Medium,Cooling,Lightening
439,1,herb_balances_dosha,Balancing,High,Warming,Diuretic
1449,3,herb_balances_dosha,Balancing,Medium,Digestive stimulant,Anti-inflammatory
1325,1,herb_balances_dosha,Balancing,High,Diuretic,Lightening
1674,2,herb_balances_dosha,Balancing,Low,Astringent,Calming
628,3,herb_balances_dosha,Balancing,Medium,Warming,Anti-inflammatory
1733,2,herb_balances_dosha,Balancing,High,Warming,Calming
1749,2,herb_balances_dosha,Balancing,Medium,Cooling,Anti-inflammatory
763,2,herb_balances_dosha,Balancing,Low,Rejuvenating,Anti-inflammatory
1640,3,herb_balances_dosha,Balancing,High,Rejuvenating,Immunomodulatory
483,2,herb_balances_dosha,Balancing,Low,Digestive stimulant,Immunomodulatory
1299,2,herb_balances_dosha,Balancing,High,Rejuvenating,Immunomodulatory
613,1,herb_balances_dosha,Balancing,Low,Cooling,Anti-inflammatory
632,3,herb_balances_dosha,Balancing,Low,Diuretic,Anti-inflammatory
466,2,herb_balances_dosha,Balancing,Medium,Grounding,Anti-inflammatory
1740,3,herb_balances_dosha,Balancing,High,Grounding,Calming
430,3,herb_balances_dosha,Balancing,High,Warming,Nourishing
1446,3,herb_balances_dosha,Balancing,Low,Rejuvenating,Lightening
254,3,herb_balances_dosha,Balancing,High,Grounding,Nourishing
315,1,herb_balances_dosha,Balancing,High,Warming,Calming
689,3,herb_balances_dosha,Balancing,High,Diuretic,Anti-inflammatory
561,3,herb_balances_dosha,Balancing,High,Diuretic,Calming
505,3,herb_balances_dosha,Balancing,High,Astringent,Calming
975,3,herb_balances_dosha,Balancing,Medium,Astringent,Nourishing
1225,3,herb_balances_dosha,Balancing,Low,Rejuvenating,Lightening
1172,2,herb_balances_dosha,Balancing,Medium,Rejuvenating,Calming
565,2,herb_balances_dosha,Balancing,Low,Grounding,Calming
312,1,herb_balances_dosha,Balancing,Medium,Grounding,Nourishing
241,1,herb_balances_dosha,Balancing,High,Digestive stimulant,Diuretic
430,1,herb_balances_dosha,Balancing,Low,Astringent,Lightening
285,1,herb_balances_dosha,Balancing,Medium,Grounding,Immunomodulatory
1693,1,herb_balances_dosha,Balancing,High,Digestive stimulant,Nourishing
1487,1,herb_balances_dosha,Balancing,Low,Grounding,Anti-inflammatory
928,3,herb_balances_dosha,Balancing,Low,Digestive stimulant,Lightening
811,1,herb_balances_dosha,Balancing,High,Rejuvenating,Anti-inflammatory
472,2,herb_balances_dosha,Balancing,High,Grounding,Nourishing
723,3,herb_balances_dosha,Balancing,Low,Cooling,Diuretic
799,3,herb_balances_dosha,Balancing,High,Grounding,Diuretic
661,3,herb_balances_dosha,Balancing,Low,Grounding,Immunomodulatory
1404,1,herb_balances_dosha,Balancing,Low,Digestive stimulant,Nourishing
1360,1,herb_balances_dosha,Balancing,Low,Astringent,Nourishing
1266,2,herb_balances_dosha,Balancing,Low,Digestive stimulant,Nourishing
615,1,herb_balances_dosha,Balancing,Low,Digestive stimulant,Nourishing
625,1,herb_balances_dosha,Balancing,Medium,Rejuvenating,Lightening
1166,2,herb_balances_dosha,Balancing,Medium,Astringent,Diuretic
1614,2,herb_balances_dosha,Balancing,High,Warming,Diuretic
1597,2,herb_balances_dosha,Balancing,Medium,Diuretic,Immunomodulatory
1258,2,herb_balances_dosha,Balancing,Low,Diuretic,Nourishing
1798,3,herb_balances_dosha,Balancing,High,Warming,Calming
682,3,herb_balances_dosha,Balancing,Low,Grounding,Immunomodulatory
1028,1,herb_balances_dosha,Balancing,Medium,Rejuvenating,Anti-inflammatory
706,1,herb_balances_dosha,Balancing,Low,Cooling,Immunomodulatory
255,2,herb_balances_dosha,Balancing,High,Diuretic,Nourishing
236,1,herb_balances_dosha,Balancing,Low,Rejuvenating,Diuretic
1800,2,herb_balances_dosha,Balancing,Medium,Diuretic,Lightening
392,2,herb_balances_dosha,Balancing,Medium,Diuretic,Calming
511,2,herb_balances_dosha,Balancing,Low,Warming,Calming
491,1,herb_balances_dosha,Balancing,Low,Diuretic,Diuretic
1314,2,herb_balances_dosha,Balancing,Low,Rejuvenating,Immunomodulatory
1042,1,herb_balances_dosha,Balancing,High,Rejuvenating,Lightening
436,3,herb_balances_dosha,Balancing,High,Grounding,Diuretic
248,1,herb_balances_dosha,Balancing,Low,Warming,Immunomodulatory
1463,2,herb_balances_dosha,Balancing,Low,Cooling,Lightening
1086,2,herb_balances_dosha,Balancing,Medium,Cooling,Anti-inflammatory
516,3,herb_balances_dosha,Balancing,Low,Grounding,Lightening
895,3,herb_balances_dosha,Balancing,High,Rejuvenating,Anti-inflammatory
628,1,herb_balances_dosha,Balancing,Low,Warming,Anti-inflammatory
856,3,herb_balances_dosha,Balancing,High,Rejuvenating,Immunomodulatory
721,1,herb_balances_dosha,Balancing,Medium,Astringent,Immunomodulatory
282,3,herb_balances_dosha,Balancing,Medium,Grounding,Nourishing
896,2,herb_balances_dosha,Balancing,Low,Digestive stimulant,Lightening
1701,1,herb_balances_dosha,Balancing,Low,Cooling,Diuretic
802,2,herb_balances_dosha,Balancing,High,Diuretic,Immunomodulatory
1454,3,herb_balances_dosha,Balancing,Medium,Warming,Calming
1626,1,herb_balances_dosha,Balancing,High,Digestive stimulant,Immunomodulatory
365,1,herb_balances_dosha,Balancing,Medium,Digestive stimulant,Calming
625,2,herb_balances_dosha,Balancing,High,Rejuvenating,Immunomodulatory
873,1,herb_balances_dosha,Balancing,High,Warming,Immunomodulatory
1277,2,herb_balances_dosha,Balancing,Medium,Diuretic,Diuretic
1469,3,herb_balances_dosha,Balancing,Medium,Grounding,Lightening
1780,2,herb_balances_dosha,Balancing,Low,Diuretic,Nourishing
1736,1,herb_balances_dosha,Balancing,Low,Warming,Calming
287,1,herb_balances_dosha,Balancing,Low,Rejuvenating,Diuretic
1262,3,herb_balances_dosha,Balancing,High,Astringent,Immunomodulatory
1185,1,herb_balances_dosha,Balancing,High,Diuretic,Diuretic
1037,3,herb_balances_dosha,Balancing,Medium,Rejuvenating,Diuretic
835,3,herb_balances_dosha,Balancing,Low,Grounding,Nourishing
1485,1,herb_balances_dosha,Balancing,High,Digestive stimulant,Diuretic
694,1,herb_balances_dosha,Balancing,Medium,Diuretic,Nourishing
1265,2,herb_balances_dosha,Balancing,Medium,Astringent,Diuretic
667,1,herb_balances_dosha,Balancing,High,Cooling,Lightening
409,3,herb_balances_dosha,Balancing,Medium,Digestive stimulant,Lightening
1313,2,herb_balances_dosha,Balancing,Low,Cooling,Nourishing
702,2,herb_balances_dosha,Balancing,High,Rejuvenating,Nourishing
1208,3,herb_balances_dosha,Balancing,Low,Grounding,Nourishing
275,1,herb_balances_dosha,Balancing,Medium,Grounding,Nourishing
477,2,herb_balances_dosha,Balancing,High,Digestive stimulant,Calming
1407,3,herb_balances_dosha,Balancing,High,Grounding,Diuretic
1401,3,herb_balances_dosha,Balancing,Low,Digestive stimulant,Anti-inflammatory
621,3,herb_balances_dosha,Balancing,Medium,Cooling,Lightening
429,1,herb_balances_dosha,Balancing,Medium,Cooling,Anti-inflammatory
1499,3,herb_balances_dosha,Balancing,Low,Cooling,Immunomodulatory
750,1,herb_balances_dosha,Balancing,Low,Cooling,Immunomodulatory
542,3,herb_balances_dosha,Balancing,Low,Warming,Immunomodulatory
1737,2,herb_balances_dosha,Balancing,Low,Diuretic,Calming
810,2,herb_balances_dosha,Balancing,Medium,Rejuvenating,Lightening
1145,1,herb_balances_dosha,Balancing,Medium,Cooling,Calming
259,3,herb_balances_dosha,Balancing,High,Diuretic,Diuretic
