source_node_id,target_node_id,relationship_type,target_specificity,affinity_strength,mechanism_of_action
1,1,herb_targets_body_part,High,Strong,Adaptogenic modulation
1,10,herb_targets_body_part,High,Strong,Neuroprotective action
2,3,herb_targets_body_part,High,Strong,Hepatoprotective action
2,7,herb_targets_body_part,High,Strong,Anti-inflammatory action
3,5,herb_targets_body_part,High,Strong,Digestive stimulation
3,6,herb_targets_body_part,High,Strong,Antioxidant action
4,1,herb_targets_body_part,High,Strong,Nootropic action
4,10,herb_targets_body_part,High,Strong,Neuroprotective action
5,7,herb_targets_body_part,High,Strong,Antimicrobial action
5,3,herb_targets_body_part,Medium,Strong,Detoxification
6,5,herb_targets_body_part,High,Strong,Carminative action
6,4,herb_targets_body_part,Medium,Strong,Expectorant action
7,3,herb_targets_body_part,High,Strong,Hepatoprotective action
7,9,herb_targets_body_part,High,Strong,Immunomodulatory action
8,12,herb_targets_body_part,High,Strong,Hormonal modulation
8,5,herb_targets_body_part,Medium,Strong,Gastroprotective action
9,8,herb_targets_body_part,High,Strong,Anti-inflammatory action
9,11,herb_targets_body_part,High,Strong,Lipid-lowering action
10,4,herb_targets_body_part,High,Strong,Respiratory support
10,9,herb_targets_body_part,Medium,Strong,Immunomodulatory action
11,2,herb_targets_body_part,High,Strong,Cardiotonic action
11,8,herb_targets_body_part,Medium,Strong,Astringent action
12,6,herb_targets_body_part,High,Strong,Laxative action
12,5,herb_targets_body_part,Medium,Strong,Digestive action
13,6,herb_targets_body_part,High,Strong,Astringent action
13,5,herb_targets_body_part,Medium,Strong,Digestive action
14,5,herb_targets_body_part,High,Strong,Demulcent action
14,4,herb_targets_body_part,Medium,Strong,Respiratory support
15,5,herb_targets_body_part,High,Strong,Carminative action
15,6,herb_targets_body_part,Medium,Strong,Digestive stimulation
16,8,herb_targets_body_part,High,Strong,Diuretic action
16,11,herb_targets_body_part,Medium,Strong,Aphrodisiac action
17,1,herb_targets_body_part,High,Strong,Nootropic action
17,10,herb_targets_body_part,Medium,Strong,Anxiolytic action
18,1,herb_targets_body_part,High,Strong,Sedative action
18,10,herb_targets_body_part,Medium,Strong,Anxiolytic action
19,7,herb_targets_body_part,High,Strong,Hair tonic action
19,3,herb_targets_body_part,Medium,Strong,Hepatoprotective action
20,7,herb_targets_body_part,High,Strong,Blood purifying action
20,9,herb_targets_body_part,Medium,Strong,Anti-inflammatory action
21,3,herb_targets_body_part,High,Strong,Hepatoprotective action
21,6,herb_targets_body_part,Medium,Strong,Bitter tonic action
22,9,herb_targets_body_part,High,Strong,Immunomodulatory action
22,10,herb_targets_body_part,Medium,Strong,Anti-inflammatory action
23,3,herb_targets_body_part,High,Strong,Hepatoprotective action
23,9,herb_targets_body_part,Medium,Strong,Immunomodulatory action
24,5,herb_targets_body_part,High,Strong,Digestive stimulant action
24,6,herb_targets_body_part,Medium,Strong,Anthelmintic action
25,8,herb_targets_body_part,High,Strong,Diuretic action
25,11,herb_targets_body_part,Medium,Strong,Cardiotonic action
26,5,herb_targets_body_part,High,Strong,Carminative action
26,6,herb_targets_body_part,Medium,Strong,Anti-spasmodic action
27,3,herb_targets_body_part,High,Strong,Hepatoprotective action
27,7,herb_targets_body_part,Medium,Strong,Anti-inflammatory action
28,3,herb_targets_body_part,High,Strong,Hepatoprotective action
28,6,herb_targets_body_part,Medium,Strong,Antimicrobial action
29,5,herb_targets_body_part,High,Strong,Carminative action
29,4,herb_targets_body_part,Medium,Strong,Circulatory stimulant action
30,5,herb_targets_body_part,High,Strong,Demulcent action
30,4,herb_targets_body_part,Medium,Strong,Respiratory support
31,5,herb_targets_body_part,High,Strong,Carminative action
31,6,herb_targets_body_part,Medium,Strong,Anthelmintic action
32,12,herb_targets_body_part,High,Strong,Aphrodisiac action
32,1,herb_targets_body_part,Medium,Strong,Rejuvenative action
33,1,herb_targets_body_part,High,Strong,Rejuvenative action
33,8,herb_targets_body_part,Medium,Strong,Anti-inflammatory action
34,1,herb_targets_body_part,High,Strong,Rejuvenative action
34,12,herb_targets_body_part,Medium,Strong,Nourishing action
35,1,herb_targets_body_part,High,Strong,Nootropic action
35,10,herb_targets_body_part,Medium,Strong,Cognitive enhancement
36,8,herb_targets_body_part,High,Strong,Anti-inflammatory action
36,10,herb_targets_body_part,Medium,Strong,Analgesic action
37,6,herb_targets_body_part,High,Strong,Laxative action
37,5,herb_targets_body_part,Medium,Strong,Anti-inflammatory action
38,8,herb_targets_body_part,High,Strong,Anti-inflammatory action
38,10,herb_targets_body_part,Medium,Strong,Analgesic action
39,8,herb_targets_body_part,High,Strong,Anti-inflammatory action
39,5,herb_targets_body_part,Medium,Strong,Digestive stimulant action
40,8,herb_targets_body_part,High,Strong,Bone healing action
40,1,herb_targets_body_part,Medium,Strong,Rejuvenative action
41,3,herb_targets_body_part,High,Strong,Anti-diabetic action
41,6,herb_targets_body_part,Medium,Strong,Hepatoprotective action
42,5,herb_targets_body_part,High,Strong,Demulcent action
42,4,herb_targets_body_part,Medium,Strong,Respiratory support
43,8,herb_targets_body_part,High,Strong,Anti-inflammatory action
43,10,herb_targets_body_part,Medium,Strong,Analgesic action
44,10,herb_targets_body_part,High,Strong,Muscle strengthener action
44,8,herb_targets_body_part,Medium,Strong,Anti-inflammatory action
45,10,herb_targets_body_part,High,Strong,Muscle strengthener action
45,8,herb_targets_body_part,Medium,Strong,Anti-inflammatory action
46,4,herb_targets_body_part,High,Strong,Expectorant action
46,10,herb_targets_body_part,Medium,Strong,Anti-inflammatory action
47,3,herb_targets_body_part,High,Strong,Hepatoprotective action
47,1,herb_targets_body_part,Medium,Strong,Rejuvenative action
48,2,herb_targets_body_part,High,Strong,Astringent action
48,8,herb_targets_body_part,Medium,Strong,Hemostatic action
49,8,herb_targets_body_part,High,Strong,Astringent action
49,7,herb_targets_body_part,Medium,Strong,Hemostatic action
50,8,herb_targets_body_part,High,Strong,Astringent action
50,7,herb_targets_body_part,Medium,Strong,Hemostatic action
51,8,herb_targets_body_part,High,Strong,Astringent action
51,7,herb_targets_body_part,Medium,Strong,Hemostatic action
52,8,herb_targets_body_part,High,Strong,Anti-inflammatory action
52,10,herb_targets_body_part,Medium,Strong,Analgesic action
53,8,herb_targets_body_part,High,Strong,Diuretic action
53,11,herb_targets_body_part,Medium,Strong,Anti-lithic action
54,6,herb_targets_body_part,High,Strong,Astringent action
54,5,herb_targets_body_part,Medium,Strong,Anti-diabetic action
55,1,herb_targets_body_part,High,Strong,Rejuvenative action
55,2,herb_targets_body_part,Medium,Strong,Cardiotonic action
56,1,herb_targets_body_part,High,Strong,Rejuvenative action
56,10,herb_targets_body_part,Medium,Strong,Nourishing action
57,1,herb_targets_body_part,High,Strong,Rejuvenative action
57,12,herb_targets_body_part,Medium,Strong,Lactogogue action
58,6,herb_targets_body_part,High,Strong,Laxative action
58,5,herb_targets_body_part,Medium,Strong,Digestive stimulant action
59,1,herb_targets_body_part,High,Strong,Nootropic action
59,10,herb_targets_body_part,Medium,Strong,Stimulating action
60,1,herb_targets_body_part,High,Strong,Sedative action
60,10,herb_targets_body_part,Medium,Strong,Anxiolytic action
61,3,herb_targets_body_part,High,Strong,Hepatoprotective action
61,9,herb_targets_body_part,Medium,Strong,Immunomodulatory action
62,6,herb_targets_body_part,High,Strong,Astringent action
62,5,herb_targets_body_part,Medium,Strong,Digestive action
63,6,herb_targets_body_part,High,Strong,Laxative action
63,5,herb_targets_body_part,Medium,Strong,Digestive action
64,7,herb_targets_body_part,High,Strong,Hair tonic action
64,3,herb_targets_body_part,Medium,Strong,Hepatoprotective action
65,5,herb_targets_body_part,High,Strong,Carminative action
65,10,herb_targets_body_part,Medium,Strong,Anti-spasmodic action
66,1,herb_targets_body_part,High,Strong,Stimulating action
66,10,herb_targets_body_part,Medium,Strong,Respiratory support
67,1,herb_targets_body_part,High,Strong,Stimulating action
67,12,herb_targets_body_part,Medium,Strong,Aphrodisiac action
68,1,herb_targets_body_part,High,Strong,Stimulating action
68,12,herb_targets_body_part,Medium,Strong,Aphrodisiac action
69,1,herb_targets_body_part,High,Strong,Stimulating action
69,12,herb_targets_body_part,Medium,Strong,Aphrodisiac action
70,5,herb_targets_body_part,High,Strong,Carminative action
70,6,herb_targets_body_part,Medium,Strong,Digestive stimulation
71,5,herb_targets_body_part,High,Strong,Carminative action
71,6,herb_targets_body_part,Medium,Strong,Anti-spasmodic action
72,3,herb_targets_body_part,High,Strong,Cooling action
72,8,herb_targets_body_part,Medium,Strong,Diuretic action
73,7,herb_targets_body_part,High,Strong,Cooling action
73,3,herb_targets_body_part,Medium,Strong,Antimicrobial action
74,1,herb_targets_body_part,High,Strong,Sedative action
74,10,herb_targets_body_part,Medium,Strong,Cardiotonic action
75,6,herb_targets_body_part,High,Strong,Anti-inflammatory action
75,3,herb_targets_body_part,Medium,Strong,Hepatoprotective action
76,7,herb_targets_body_part,High,Strong,Astringent action
76,3,herb_targets_body_part,Medium,Strong,Antimicrobial action
77,3,herb_targets_body_part,High,Strong,Hepatoprotective action
77,6,herb_targets_body_part,Medium,Strong,Antimicrobial action
78,3,herb_targets_body_part,High,Strong,Hepatoprotective action
78,11,herb_targets_body_part,Medium,Strong,Anti-diabetic action
79,6,herb_targets_body_part,High,Strong,Laxative action
79,5,herb_targets_body_part,Medium,Strong,Digestive stimulant action
80,7,herb_targets_body_part,High,Strong,Anti-inflammatory action
80,5,herb_targets_body_part,Medium,Strong,Digestive stimulant action
81,8,herb_targets_body_part,High,Strong,Astringent action
81,7,herb_targets_body_part,Medium,Strong,Hemostatic action
82,5,herb_targets_body_part,High,Strong,Digestive stimulant action
82,6,herb_targets_body_part,Medium,Strong,Laxative action
83,5,herb_targets_body_part,High,Strong,Stimulating action
83,3,herb_targets_body_part,Medium,Strong,Electrolyte balancer
84,5,herb_targets_body_part,High,Strong,Stimulating action
84,3,herb_targets_body_part,Medium,Strong,Electrolyte balancer
85,5,herb_targets_body_part,High,Strong,Digestive stimulant action
85,6,herb_targets_body_part,Medium,Strong,Laxative action
86,5,herb_targets_body_part,High,Strong,Digestive stimulant action
86,6,herb_targets_body_part,Medium,Strong,Anthelmintic action
87,5,herb_targets_body_part,High,Strong,Carminative action
87,6,herb_targets_body_part,Medium,Strong,Anthelmintic action
88,3,herb_targets_body_part,High,Strong,Cooling action
88,8,herb_targets_body_part,Medium,Strong,Diuretic action
89,8,herb_targets_body_part,High,Strong,Diuretic action
89,11,herb_targets_body_part,Medium,Strong,Anti-lithic action
90,8,herb_targets_body_part,High,Strong,Diuretic action
90,11,herb_targets_body_part,Medium,Strong,Anti-lithic action
91,8,herb_targets_body_part,High,Strong,Diuretic action
91,11,herb_targets_body_part,Medium,Strong,Anti-lithic action
92,8,herb_targets_body_part,High,Strong,Diuretic action
92,11,herb_targets_body_part,Medium,Strong,Cardiotonic action
93,9,herb_targets_body_part,High,Strong,Immunomodulatory action
93,10,herb_targets_body_part,Medium,Strong,Anti-inflammatory action
94,3,herb_targets_body_part,High,Strong,Anti-diabetic action
94,11,herb_targets_body_part,Medium,Strong,Hepatoprotective action
95,5,herb_targets_body_part,High,Strong,Anti-diabetic action
95,12,herb_targets_body_part,Medium,Strong,Galactagogue action
96,4,herb_targets_body_part,High,Strong,Carminative action
96,12,herb_targets_body_part,Medium,Strong,Immunomodulatory action
97,5,herb_targets_body_part,High,Strong,Carminative action
97,10,herb_targets_body_part,Medium,Strong,Anti-inflammatory action
98,4,herb_targets_body_part,High,Strong,Anti-inflammatory action
98,9,herb_targets_body_part,Medium,Strong,Antimicrobial action
99,4,herb_targets_body_part,High,Strong,Anti-inflammatory action
99,9,herb_targets_body_part,Medium,Strong,Antimicrobial action
100,5,herb_targets_body_part,High,Strong,Carminative action
100,4,herb_targets_body_part,Medium,Strong,Anti-emetic action"
203,4,herb_targets_body_part,High,Strong,Expectorant action"
203,10,herb_targets_body_part,High,Strong,Respiratory support
204,12,herb_targets_body_part,High,Strong,Aphrodisiac action
204,1,herb_targets_body_part,High,Strong,Nootropic action
205,1,herb_targets_body_part,High,Strong,Adaptogenic modulation
205,10,herb_targets_body_part,High,Strong,Neuroprotective action
1,2,herb_targets_body_part,Medium,Moderate,Anti-inflammatory action
1,3,herb_targets_body_part,Low,Moderate,Neuroprotective action
1,4,herb_targets_body_part,Low,Weak,Hepatoprotective action
1,5,herb_targets_body_part,Low,Strong,Diuretic action
1,6,herb_targets_body_part,Medium,Strong,Hepatoprotective action
1,7,herb_targets_body_part,Low,Weak,Hepatoprotective action
1,8,herb_targets_body_part,Low,Strong,Hepatoprotective action
1,9,herb_targets_body_part,High,Weak,Hepatoprotective action
1,11,herb_targets_body_part,High,Moderate,Neuroprotective action
1,12,herb_targets_body_part,Low,Moderate,Diuretic action
2,1,herb_targets_body_part,Low,Moderate,Hepatoprotective action
2,2,herb_targets_body_part,High,Weak,Respiratory support
2,4,herb_targets_body_part,Medium,Strong,Hepatoprotective action
2,5,herb_targets_body_part,High,Moderate,Cardiotonic action
2,6,herb_targets_body_part,High,Strong,Diuretic action
2,8,herb_targets_body_part,Medium,Moderate,Neuroprotective action
2,9,herb_targets_body_part,High,Moderate,Respiratory support
2,10,herb_targets_body_part,Low,Moderate,Respiratory support
2,11,herb_targets_body_part,Low,Weak,Digestive stimulant
2,12,herb_targets_body_part,High,Weak,Cardiotonic action
3,1,herb_targets_body_part,High,Strong,Cardiotonic action
3,2,herb_targets_body_part,Medium,Moderate,Diuretic action
3,3,herb_targets_body_part,Low,Weak,Respiratory support
3,4,herb_targets_body_part,High,Moderate,Neuroprotective action
3,7,herb_targets_body_part,High,Weak,Hepatoprotective action
3,8,herb_targets_body_part,High,Moderate,Respiratory support
3,9,herb_targets_body_part,Medium,Strong,Cardiotonic action
3,10,herb_targets_body_part,High,Moderate,Anti-inflammatory action
3,11,herb_targets_body_part,Low,Weak,Neuroprotective action
3,12,herb_targets_body_part,Low,Strong,Immunomodulatory action
4,2,herb_targets_body_part,Medium,Moderate,Immunomodulatory action
4,3,herb_targets_body_part,Low,Weak,Respiratory support
4,4,herb_targets_body_part,Medium,Strong,Immunomodulatory action
4,5,herb_targets_body_part,Low,Weak,Neuroprotective action
4,6,herb_targets_body_part,Low,Moderate,Diuretic action
4,7,herb_targets_body_part,Low,Strong,Diuretic action
4,8,herb_targets_body_part,Low,Moderate,Cardiotonic action
4,9,herb_targets_body_part,High,Moderate,Hepatoprotective action
4,11,herb_targets_body_part,High,Weak,Respiratory support
4,12,herb_targets_body_part,Medium,Weak,Neuroprotective action
5,1,herb_targets_body_part,Low,Weak,Immunomodulatory action
5,2,herb_targets_body_part,High,Strong,Immunomodulatory action
5,4,herb_targets_body_part,Low,Moderate,Neuroprotective action
5,5,herb_targets_body_part,High,Strong,Immunomodulatory action
5,6,herb_targets_body_part,High,Moderate,Cardiotonic action
5,8,herb_targets_body_part,Low,Strong,Anti-inflammatory action
5,9,herb_targets_body_part,Medium,Moderate,Respiratory support
5,10,herb_targets_body_part,High,Strong,Hepatoprotective action
5,11,herb_targets_body_part,Medium,Moderate,Anti-inflammatory action
5,12,herb_targets_body_part,Medium,Moderate,Digestive stimulant
6,1,herb_targets_body_part,Low,Weak,Digestive stimulant
6,2,herb_targets_body_part,Medium,Moderate,Immunomodulatory action
6,3,herb_targets_body_part,Low,Weak,Neuroprotective action
6,6,herb_targets_body_part,Low,Moderate,Digestive stimulant
6,7,herb_targets_body_part,High,Moderate,Digestive stimulant
6,8,herb_targets_body_part,Medium,Moderate,Hepatoprotective action
6,9,herb_targets_body_part,High,Weak,Cardiotonic action
6,10,herb_targets_body_part,Medium,Strong,Hepatoprotective action
6,11,herb_targets_body_part,High,Moderate,Neuroprotective action
6,12,herb_targets_body_part,Medium,Strong,Diuretic action
7,1,herb_targets_body_part,High,Moderate,Cardiotonic action
7,2,herb_targets_body_part,Low,Weak,Cardiotonic action
7,4,herb_targets_body_part,Medium,Weak,Diuretic action
7,5,herb_targets_body_part,Low,Moderate,Diuretic action
7,6,herb_targets_body_part,Low,Moderate,Cardiotonic action
7,7,herb_targets_body_part,High,Strong,Neuroprotective action
7,8,herb_targets_body_part,Medium,Weak,Diuretic action
7,10,herb_targets_body_part,High,Weak,Hepatoprotective action
7,11,herb_targets_body_part,Low,Strong,Diuretic action
7,12,herb_targets_body_part,Medium,Strong,Neuroprotective action
8,1,herb_targets_body_part,Low,Moderate,Hepatoprotective action
8,2,herb_targets_body_part,Low,Moderate,Hepatoprotective action
8,3,herb_targets_body_part,High,Moderate,Immunomodulatory action
8,4,herb_targets_body_part,High,Weak,Neuroprotective action
8,6,herb_targets_body_part,High,Moderate,Immunomodulatory action
8,7,herb_targets_body_part,Medium,Moderate,Immunomodulatory action
8,8,herb_targets_body_part,Medium,Strong,Neuroprotective action
8,9,herb_targets_body_part,High,Weak,Cardiotonic action
8,10,herb_targets_body_part,High,Moderate,Immunomodulatory action
8,11,herb_targets_body_part,High,Strong,Diuretic action
9,1,herb_targets_body_part,High,Strong,Respiratory support
9,2,herb_targets_body_part,High,Strong,Cardiotonic action
9,3,herb_targets_body_part,Medium,Weak,Immunomodulatory action
9,4,herb_targets_body_part,Low,Moderate,Respiratory support
9,5,herb_targets_body_part,Medium,Moderate,Neuroprotective action
9,6,herb_targets_body_part,High,Weak,Diuretic action
9,7,herb_targets_body_part,Medium,Weak,Diuretic action
9,9,herb_targets_body_part,High,Weak,Respiratory support
9,10,herb_targets_body_part,High,Weak,Cardiotonic action
9,12,herb_targets_body_part,Medium,Strong,Cardiotonic action
10,1,herb_targets_body_part,Medium,Weak,Anti-inflammatory action
10,2,herb_targets_body_part,Low,Moderate,Immunomodulatory action
10,3,herb_targets_body_part,Low,Strong,Neuroprotective action
10,5,herb_targets_body_part,Low,Strong,Immunomodulatory action
10,6,herb_targets_body_part,Low,Weak,Hepatoprotective action
10,7,herb_targets_body_part,Low,Weak,Hepatoprotective action
10,8,herb_targets_body_part,High,Weak,Anti-inflammatory action
10,10,herb_targets_body_part,Low,Weak,Digestive stimulant
10,11,herb_targets_body_part,Medium,Weak,Anti-inflammatory action
10,12,herb_targets_body_part,High,Weak,Neuroprotective action
11,1,herb_targets_body_part,High,Moderate,Digestive stimulant
11,3,herb_targets_body_part,High,Weak,Diuretic action
11,4,herb_targets_body_part,High,Weak,Respiratory support
11,5,herb_targets_body_part,Medium,Weak,Anti-inflammatory action
11,6,herb_targets_body_part,Medium,Strong,Respiratory support
11,7,herb_targets_body_part,Medium,Strong,Cardiotonic action
11,9,herb_targets_body_part,High,Weak,Respiratory support
11,10,herb_targets_body_part,Medium,Moderate,Hepatoprotective action
11,11,herb_targets_body_part,High,Strong,Neuroprotective action
11,12,herb_targets_body_part,Medium,Strong,Neuroprotective action
12,1,herb_targets_body_part,Medium,Strong,Neuroprotective action
12,2,herb_targets_body_part,Medium,Moderate,Neuroprotective action
12,3,herb_targets_body_part,High,Weak,Respiratory support
12,4,herb_targets_body_part,High,Strong,Anti-inflammatory action
12,7,herb_targets_body_part,Medium,Moderate,Hepatoprotective action
12,8,herb_targets_body_part,Medium,Strong,Cardiotonic action
12,9,herb_targets_body_part,Medium,Moderate,Cardiotonic action
12,10,herb_targets_body_part,High,Strong,Digestive stimulant
12,11,herb_targets_body_part,High,Weak,Digestive stimulant
12,12,herb_targets_body_part,Medium,Weak,Cardiotonic action
13,1,herb_targets_body_part,High,Moderate,Anti-inflammatory action
13,2,herb_targets_body_part,Medium,Moderate,Cardiotonic action
13,3,herb_targets_body_part,High,Moderate,Anti-inflammatory action
13,4,herb_targets_body_part,Medium,Weak,Digestive stimulant
13,7,herb_targets_body_part,High,Moderate,Hepatoprotective action
13,8,herb_targets_body_part,High,Weak,Neuroprotective action
13,9,herb_targets_body_part,Medium,Weak,Cardiotonic action
13,10,herb_targets_body_part,Medium,Strong,Digestive stimulant
13,11,herb_targets_body_part,High,Moderate,Neuroprotective action
13,12,herb_targets_body_part,High,Weak,Cardiotonic action
14,1,herb_targets_body_part,Low,Moderate,Anti-inflammatory action
14,2,herb_targets_body_part,High,Moderate,Immunomodulatory action
14,3,herb_targets_body_part,Low,Strong,Anti-inflammatory action
14,6,herb_targets_body_part,High,Moderate,Immunomodulatory action
14,7,herb_targets_body_part,Low,Moderate,Cardiotonic action
14,8,herb_targets_body_part,Medium,Weak,Digestive stimulant
14,9,herb_targets_body_part,Low,Weak,Immunomodulatory action
14,10,herb_targets_body_part,High,Strong,Hepatoprotective action
14,11,herb_targets_body_part,Medium,Strong,Cardiotonic action
14,12,herb_targets_body_part,Low,Strong,Neuroprotective action
15,1,herb_targets_body_part,Low,Weak,Immunomodulatory action
15,2,herb_targets_body_part,Medium,Strong,Respiratory support
15,3,herb_targets_body_part,Low,Moderate,Immunomodulatory action
15,4,herb_targets_body_part,Low,Moderate,Immunomodulatory action
15,7,herb_targets_body_part,High,Weak,Respiratory support
15,8,herb_targets_body_part,Medium,Strong,Diuretic action
15,9,herb_targets_body_part,Low,Moderate,Anti-inflammatory action
15,10,herb_targets_body_part,Low,Strong,Anti-inflammatory action
15,11,herb_targets_body_part,Low,Moderate,Anti-inflammatory action
15,12,herb_targets_body_part,High,Weak,Neuroprotective action
16,1,herb_targets_body_part,Medium,Weak,Diuretic action
16,2,herb_targets_body_part,Medium,Weak,Hepatoprotective action
16,3,herb_targets_body_part,Low,Weak,Hepatoprotective action
16,4,herb_targets_body_part,Low,Strong,Diuretic action
16,5,herb_targets_body_part,Low,Strong,Respiratory support
16,6,herb_targets_body_part,Medium,Weak,Respiratory support
16,7,herb_targets_body_part,Medium,Strong,Anti-inflammatory action
16,9,herb_targets_body_part,High,Moderate,Respiratory support
16,10,herb_targets_body_part,High,Moderate,Anti-inflammatory action
16,12,herb_targets_body_part,High,Weak,Anti-inflammatory action
17,2,herb_targets_body_part,Medium,Weak,Respiratory support
17,3,herb_targets_body_part,High,Strong,Immunomodulatory action
17,4,herb_targets_body_part,Low,Strong,Digestive stimulant
17,5,herb_targets_body_part,Medium,Moderate,Anti-inflammatory action
17,6,herb_targets_body_part,Medium,Moderate,Digestive stimulant
17,7,herb_targets_body_part,High,Strong,Cardiotonic action
17,8,herb_targets_body_part,High,Moderate,Diuretic action
17,9,herb_targets_body_part,High,Weak,Digestive stimulant
17,11,herb_targets_body_part,Low,Weak,Neuroprotective action
17,12,herb_targets_body_part,High,Weak,Neuroprotective action
18,2,herb_targets_body_part,Low,Strong,Neuroprotective action
18,3,herb_targets_body_part,Medium,Weak,Digestive stimulant
18,4,herb_targets_body_part,Low,Weak,Immunomodulatory action
18,5,herb_targets_body_part,High,Weak,Anti-inflammatory action
18,6,herb_targets_body_part,Low,Weak,Immunomodulatory action
18,7,herb_targets_body_part,Low,Weak,Diuretic action
18,8,herb_targets_body_part,High,Moderate,Anti-inflammatory action
18,9,herb_targets_body_part,Medium,Moderate,Cardiotonic action
18,11,herb_targets_body_part,Medium,Strong,Diuretic action
18,12,herb_targets_body_part,Medium,Moderate,Anti-inflammatory action
19,1,herb_targets_body_part,Low,Strong,Anti-inflammatory action
19,2,herb_targets_body_part,Medium,Moderate,Diuretic action
19,4,herb_targets_body_part,Medium,Strong,Cardiotonic action
19,5,herb_targets_body_part,High,Moderate,Hepatoprotective action
19,6,herb_targets_body_part,Low,Strong,Digestive stimulant
19,8,herb_targets_body_part,Low,Moderate,Hepatoprotective action
19,9,herb_targets_body_part,High,Strong,Neuroprotective action
19,10,herb_targets_body_part,Medium,Moderate,Hepatoprotective action
19,11,herb_targets_body_part,Low,Weak,Hepatoprotective action
19,12,herb_targets_body_part,High,Moderate,Cardiotonic action
20,1,herb_targets_body_part,High,Weak,Respiratory support
20,2,herb_targets_body_part,Medium,Strong,Hepatoprotective action
20,3,herb_targets_body_part,Medium,Strong,Respiratory support
20,4,herb_targets_body_part,High,Moderate,Digestive stimulant
20,5,herb_targets_body_part,High,Weak,Diuretic action
20,6,herb_targets_body_part,High,Weak,Diuretic action
20,8,herb_targets_body_part,Low,Strong,Hepatoprotective action
20,10,herb_targets_body_part,High,Strong,Cardiotonic action
20,11,herb_targets_body_part,Medium,Weak,Hepatoprotective action
20,12,herb_targets_body_part,High,Strong,Diuretic action
21,1,herb_targets_body_part,High,Moderate,Cardiotonic action
21,2,herb_targets_body_part,High,Strong,Anti-inflammatory action
21,4,herb_targets_body_part,Low,Strong,Immunomodulatory action
21,5,herb_targets_body_part,Medium,Moderate,Hepatoprotective action
21,7,herb_targets_body_part,Low,Moderate,Digestive stimulant
21,8,herb_targets_body_part,Low,Weak,Anti-inflammatory action
21,9,herb_targets_body_part,Medium,Moderate,Diuretic action
21,10,herb_targets_body_part,Medium,Weak,Hepatoprotective action
21,11,herb_targets_body_part,Medium,Weak,Anti-inflammatory action
21,12,herb_targets_body_part,Medium,Weak,Respiratory support
22,1,herb_targets_body_part,Low,Strong,Hepatoprotective action
22,2,herb_targets_body_part,High,Strong,Hepatoprotective action
22,3,herb_targets_body_part,Low,Strong,Neuroprotective action
22,4,herb_targets_body_part,Low,Weak,Immunomodulatory action
22,5,herb_targets_body_part,Medium,Moderate,Diuretic action
22,6,herb_targets_body_part,Low,Weak,Diuretic action
22,7,herb_targets_body_part,High,Strong,Neuroprotective action
22,8,herb_targets_body_part,High,Strong,Neuroprotective action
22,11,herb_targets_body_part,Medium,Weak,Cardiotonic action
22,12,herb_targets_body_part,Low,Weak,Respiratory support
23,1,herb_targets_body_part,Medium,Weak,Neuroprotective action
23,2,herb_targets_body_part,High,Moderate,Immunomodulatory action
23,4,herb_targets_body_part,Low,Moderate,Immunomodulatory action
23,5,herb_targets_body_part,Medium,Strong,Neuroprotective action
23,6,herb_targets_body_part,High,Strong,Anti-inflammatory action
23,7,herb_targets_body_part,Medium,Moderate,Digestive stimulant
23,8,herb_targets_body_part,High,Weak,Digestive stimulant
23,10,herb_targets_body_part,High,Moderate,Digestive stimulant
23,11,herb_targets_body_part,Low,Moderate,Diuretic action
23,12,herb_targets_body_part,Low,Weak,Respiratory support
24,1,herb_targets_body_part,Low,Weak,Respiratory support
24,2,herb_targets_body_part,Low,Moderate,Cardiotonic action
24,3,herb_targets_body_part,Medium,Strong,Hepatoprotective action
24,4,herb_targets_body_part,Medium,Strong,Diuretic action
24,7,herb_targets_body_part,High,Strong,Digestive stimulant
24,8,herb_targets_body_part,Low,Strong,Diuretic action
24,9,herb_targets_body_part,Low,Strong,Digestive stimulant
24,10,herb_targets_body_part,Medium,Weak,Respiratory support
24,11,herb_targets_body_part,Low,Moderate,Digestive stimulant
24,12,herb_targets_body_part,Medium,Strong,Anti-inflammatory action
25,1,herb_targets_body_part,Medium,Strong,Hepatoprotective action
25,2,herb_targets_body_part,Medium,Strong,Hepatoprotective action
25,3,herb_targets_body_part,High,Moderate,Diuretic action
25,4,herb_targets_body_part,High,Weak,Respiratory support
25,5,herb_targets_body_part,High,Strong,Digestive stimulant
25,6,herb_targets_body_part,High,Moderate,Neuroprotective action
25,7,herb_targets_body_part,High,Moderate,Neuroprotective action
25,9,herb_targets_body_part,Medium,Weak,Digestive stimulant
25,10,herb_targets_body_part,High,Strong,Anti-inflammatory action
25,12,herb_targets_body_part,High,Moderate,Hepatoprotective action
26,1,herb_targets_body_part,High,Weak,Neuroprotective action
26,2,herb_targets_body_part,Medium,Weak,Hepatoprotective action
26,3,herb_targets_body_part,Medium,Strong,Immunomodulatory action
26,4,herb_targets_body_part,Medium,Strong,Respiratory support
26,7,herb_targets_body_part,Medium,Weak,Neuroprotective action
26,8,herb_targets_body_part,Low,Weak,Cardiotonic action
26,9,herb_targets_body_part,Low,Strong,Hepatoprotective action
26,10,herb_targets_body_part,High,Strong,Digestive stimulant
26,11,herb_targets_body_part,High,Weak,Cardiotonic action
26,12,herb_targets_body_part,Low,Moderate,Respiratory support
27,1,herb_targets_body_part,Low,Moderate,Digestive stimulant
27,2,herb_targets_body_part,High,Weak,Digestive stimulant
27,4,herb_targets_body_part,Low,Moderate,Neuroprotective action
27,5,herb_targets_body_part,Medium,Strong,Anti-inflammatory action
27,6,herb_targets_body_part,Low,Moderate,Neuroprotective action
27,8,herb_targets_body_part,Low,Weak,Diuretic action
27,9,herb_targets_body_part,High,Weak,Hepatoprotective action
27,10,herb_targets_body_part,Medium,Weak,Hepatoprotective action
27,11,herb_targets_body_part,High,Weak,Cardiotonic action
27,12,herb_targets_body_part,Low,Weak,Respiratory support
28,1,herb_targets_body_part,Medium,Weak,Diuretic action
28,2,herb_targets_body_part,High,Moderate,Respiratory support
28,4,herb_targets_body_part,Low,Weak,Diuretic action
28,5,herb_targets_body_part,Low,Moderate,Diuretic action
28,7,herb_targets_body_part,Medium,Weak,Cardiotonic action
28,8,herb_targets_body_part,Low,Weak,Anti-inflammatory action
28,9,herb_targets_body_part,High,Strong,Digestive stimulant
28,10,herb_targets_body_part,Medium,Strong,Cardiotonic action
28,11,herb_targets_body_part,High,Moderate,Cardiotonic action
28,12,herb_targets_body_part,Medium,Weak,Neuroprotective action
29,1,herb_targets_body_part,Medium,Moderate,Hepatoprotective action
29,2,herb_targets_body_part,High,Strong,Immunomodulatory action
29,3,herb_targets_body_part,Medium,Weak,Respiratory support
29,6,herb_targets_body_part,High,Weak,Anti-inflammatory action
29,7,herb_targets_body_part,Medium,Weak,Respiratory support
29,8,herb_targets_body_part,Medium,Moderate,Diuretic action
29,9,herb_targets_body_part,Medium,Moderate,Respiratory support
29,10,herb_targets_body_part,Medium,Moderate,Immunomodulatory action
29,11,herb_targets_body_part,Medium,Strong,Neuroprotective action
29,12,herb_targets_body_part,Medium,Strong,Immunomodulatory action
30,1,herb_targets_body_part,Low,Strong,Respiratory support
30,2,herb_targets_body_part,High,Moderate,Hepatoprotective action
30,3,herb_targets_body_part,Medium,Strong,Hepatoprotective action
30,6,herb_targets_body_part,High,Strong,Respiratory support
30,7,herb_targets_body_part,High,Weak,Digestive stimulant
30,8,herb_targets_body_part,Medium,Strong,Respiratory support
30,9,herb_targets_body_part,Medium,Moderate,Immunomodulatory action
30,10,herb_targets_body_part,High,Weak,Neuroprotective action
30,11,herb_targets_body_part,Low,Weak,Immunomodulatory action
30,12,herb_targets_body_part,High,Moderate,Immunomodulatory action
31,1,herb_targets_body_part,Medium,Moderate,Cardiotonic action
31,2,herb_targets_body_part,Low,Weak,Anti-inflammatory action
31,3,herb_targets_body_part,Medium,Weak,Neuroprotective action
31,4,herb_targets_body_part,Medium,Strong,Digestive stimulant
31,7,herb_targets_body_part,Low,Weak,Digestive stimulant
31,8,herb_targets_body_part,Medium,Strong,Diuretic action
31,9,herb_targets_body_part,Low,Moderate,Respiratory support
31,10,herb_targets_body_part,High,Moderate,Digestive stimulant
31,11,herb_targets_body_part,Medium,Weak,Cardiotonic action
31,12,herb_targets_body_part,High,Moderate,Diuretic action
32,2,herb_targets_body_part,Low,Strong,Respiratory support
32,3,herb_targets_body_part,High,Weak,Neuroprotective action
32,4,herb_targets_body_part,Medium,Weak,Anti-inflammatory action
32,5,herb_targets_body_part,Medium,Weak,Respiratory support
32,6,herb_targets_body_part,Medium,Strong,Cardiotonic action
32,7,herb_targets_body_part,Medium,Weak,Cardiotonic action
32,8,herb_targets_body_part,Low,Weak,Immunomodulatory action
32,9,herb_targets_body_part,Medium,Weak,Anti-inflammatory action
32,10,herb_targets_body_part,Low,Strong,Neuroprotective action
32,11,herb_targets_body_part,High,Moderate,Cardiotonic action
33,2,herb_targets_body_part,Medium,Strong,Cardiotonic action
33,3,herb_targets_body_part,High,Weak,Cardiotonic action
33,4,herb_targets_body_part,High,Moderate,Hepatoprotective action
33,5,herb_targets_body_part,Medium,Weak,Diuretic action
33,6,herb_targets_body_part,Low,Moderate,Hepatoprotective action
33,7,herb_targets_body_part,High,Strong,Neuroprotective action
33,9,herb_targets_body_part,High,Weak,Diuretic action
33,10,herb_targets_body_part,High,Strong,Digestive stimulant
33,11,herb_targets_body_part,High,Moderate,Immunomodulatory action
33,12,herb_targets_body_part,High,Strong,Immunomodulatory action
34,2,herb_targets_body_part,Low,Weak,Hepatoprotective action
34,3,herb_targets_body_part,Medium,Strong,Respiratory support
34,4,herb_targets_body_part,Low,Strong,Neuroprotective action
34,5,herb_targets_body_part,Medium,Moderate,Cardiotonic action
34,6,herb_targets_body_part,High,Strong,Neuroprotective action
34,7,herb_targets_body_part,Low,Moderate,Diuretic action
34,8,herb_targets_body_part,Low,Strong,Cardiotonic action
34,9,herb_targets_body_part,High,Strong,Digestive stimulant
34,10,herb_targets_body_part,Medium,Moderate,Diuretic action
34,11,herb_targets_body_part,High,Weak,Immunomodulatory action
35,2,herb_targets_body_part,Low,Strong,Diuretic action
35,3,herb_targets_body_part,Medium,Strong,Anti-inflammatory action
35,4,herb_targets_body_part,High,Moderate,Hepatoprotective action
35,5,herb_targets_body_part,Medium,Weak,Digestive stimulant
35,6,herb_targets_body_part,Low,Moderate,Diuretic action
35,7,herb_targets_body_part,Medium,Moderate,Anti-inflammatory action
35,8,herb_targets_body_part,Low,Strong,Immunomodulatory action
35,9,herb_targets_body_part,Low,Moderate,Respiratory support
35,11,herb_targets_body_part,Low,Weak,Immunomodulatory action
35,12,herb_targets_body_part,Medium,Weak,Neuroprotective action
36,1,herb_targets_body_part,Medium,Strong,Neuroprotective action
36,2,herb_targets_body_part,Low,Weak,Cardiotonic action
36,3,herb_targets_body_part,Medium,Moderate,Neuroprotective action
36,4,herb_targets_body_part,Low,Weak,Hepatoprotective action
36,5,herb_targets_body_part,Medium,Weak,Anti-inflammatory action
36,6,herb_targets_body_part,High,Strong,Immunomodulatory action
36,7,herb_targets_body_part,Low,Weak,Immunomodulatory action
36,9,herb_targets_body_part,Low,Strong,Digestive stimulant
36,11,herb_targets_body_part,Medium,Moderate,Hepatoprotective action
36,12,herb_targets_body_part,Medium,Strong,Hepatoprotective action
37,1,herb_targets_body_part,Low,Moderate,Cardiotonic action
37,2,herb_targets_body_part,Medium,Strong,Immunomodulatory action
37,3,herb_targets_body_part,High,Weak,Anti-inflammatory action
37,4,herb_targets_body_part,Medium,Strong,Hepatoprotective action
37,7,herb_targets_body_part,Low,Weak,Diuretic action
37,8,herb_targets_body_part,Medium,Moderate,Cardiotonic action
37,9,herb_targets_body_part,High,Moderate,Anti-inflammatory action
37,10,herb_targets_body_part,High,Moderate,Hepatoprotective action
37,11,herb_targets_body_part,Low,Strong,Respiratory support
37,12,herb_targets_body_part,Low,Weak,Diuretic action
38,1,herb_targets_body_part,Medium,Moderate,Hepatoprotective action
38,2,herb_targets_body_part,High,Weak,Digestive stimulant
38,3,herb_targets_body_part,Low,Moderate,Neuroprotective action
38,4,herb_targets_body_part,Medium,Moderate,Neuroprotective action
38,5,herb_targets_body_part,High,Strong,Hepatoprotective action
38,6,herb_targets_body_part,High,Moderate,Hepatoprotective action
38,7,herb_targets_body_part,Low,Weak,Cardiotonic action
38,9,herb_targets_body_part,High,Strong,Anti-inflammatory action
38,11,herb_targets_body_part,Low,Moderate,Neuroprotective action
38,12,herb_targets_body_part,Medium,Moderate,Neuroprotective action
39,1,herb_targets_body_part,High,Weak,Anti-inflammatory action
39,2,herb_targets_body_part,Low,Weak,Digestive stimulant
39,3,herb_targets_body_part,Medium,Weak,Anti-inflammatory action
39,4,herb_targets_body_part,Low,Weak,Hepatoprotective action
39,6,herb_targets_body_part,Medium,Weak,Immunomodulatory action
39,7,herb_targets_body_part,Medium,Strong,Anti-inflammatory action
39,9,herb_targets_body_part,High,Moderate,Digestive stimulant
39,10,herb_targets_body_part,High,Moderate,Digestive stimulant
39,11,herb_targets_body_part,High,Strong,Anti-inflammatory action
39,12,herb_targets_body_part,Medium,Strong,Anti-inflammatory action
40,2,herb_targets_body_part,Medium,Strong,Hepatoprotective action
40,3,herb_targets_body_part,High,Strong,Neuroprotective action
40,4,herb_targets_body_part,Low,Strong,Anti-inflammatory action
40,5,herb_targets_body_part,Medium,Weak,Hepatoprotective action
40,6,herb_targets_body_part,Medium,Moderate,Digestive stimulant
40,7,herb_targets_body_part,Low,Strong,Cardiotonic action
40,9,herb_targets_body_part,Medium,Strong,Digestive stimulant
40,10,herb_targets_body_part,High,Strong,Respiratory support
40,11,herb_targets_body_part,Medium,Strong,Anti-inflammatory action
40,12,herb_targets_body_part,Medium,Weak,Respiratory support
41,1,herb_targets_body_part,High,Moderate,Digestive stimulant
41,2,herb_targets_body_part,Medium,Strong,Hepatoprotective action
41,4,herb_targets_body_part,Low,Moderate,Respiratory support
41,5,herb_targets_body_part,High,Strong,Digestive stimulant
41,7,herb_targets_body_part,Medium,Moderate,Diuretic action
41,8,herb_targets_body_part,High,Weak,Neuroprotective action
41,9,herb_targets_body_part,Medium,Strong,Respiratory support
41,10,herb_targets_body_part,Low,Weak,Cardiotonic action
41,11,herb_targets_body_part,Low,Weak,Neuroprotective action
41,12,herb_targets_body_part,Medium,Strong,Respiratory support
42,1,herb_targets_body_part,Low,Moderate,Hepatoprotective action
42,2,herb_targets_body_part,Medium,Strong,Diuretic action
42,3,herb_targets_body_part,Medium,Weak,Digestive stimulant
42,6,herb_targets_body_part,Low,Weak,Anti-inflammatory action
42,7,herb_targets_body_part,High,Strong,Hepatoprotective action
42,8,herb_targets_body_part,Medium,Strong,Cardiotonic action
42,9,herb_targets_body_part,High,Weak,Hepatoprotective action
42,10,herb_targets_body_part,High,Strong,Respiratory support
42,11,herb_targets_body_part,Medium,Moderate,Digestive stimulant
42,12,herb_targets_body_part,High,Moderate,Digestive stimulant
43,1,herb_targets_body_part,Low,Strong,Digestive stimulant
43,2,herb_targets_body_part,Low,Weak,Diuretic action
43,3,herb_targets_body_part,Low,Moderate,Neuroprotective action
43,4,herb_targets_body_part,Medium,Moderate,Anti-inflammatory action
43,5,herb_targets_body_part,Low,Moderate,Immunomodulatory action
43,6,herb_targets_body_part,High,Strong,Respiratory support
43,7,herb_targets_body_part,Medium,Strong,Digestive stimulant
43,9,herb_targets_body_part,Low,Strong,Digestive stimulant
43,11,herb_targets_body_part,Low,Weak,Digestive stimulant
43,12,herb_targets_body_part,Low,Moderate,Respiratory support
44,1,herb_targets_body_part,High,Moderate,Anti-inflammatory action
44,2,herb_targets_body_part,High,Moderate,Hepatoprotective action
44,3,herb_targets_body_part,High,Strong,Neuroprotective action
44,4,herb_targets_body_part,High,Strong,Hepatoprotective action
44,5,herb_targets_body_part,High,Weak,Digestive stimulant
44,6,herb_targets_body_part,High,Weak,Hepatoprotective action
44,7,herb_targets_body_part,Medium,Weak,Diuretic action
44,9,herb_targets_body_part,Medium,Strong,Digestive stimulant
44,11,herb_targets_body_part,High,Moderate,Neuroprotective action
44,12,herb_targets_body_part,Low,Strong,Immunomodulatory action
45,1,herb_targets_body_part,Medium,Weak,Diuretic action
45,2,herb_targets_body_part,Low,Strong,Immunomodulatory action
45,3,herb_targets_body_part,Medium,Strong,Respiratory support
45,4,herb_targets_body_part,Medium,Moderate,Neuroprotective action
45,5,herb_targets_body_part,Medium,Moderate,Cardiotonic action
45,6,herb_targets_body_part,Low,Weak,Cardiotonic action
45,7,herb_targets_body_part,High,Moderate,Anti-inflammatory action
45,9,herb_targets_body_part,Medium,Moderate,Hepatoprotective action
45,11,herb_targets_body_part,Medium,Weak,Neuroprotective action
45,12,herb_targets_body_part,Low,Weak,Neuroprotective action
46,1,herb_targets_body_part,Medium,Moderate,Diuretic action
46,2,herb_targets_body_part,Medium,Moderate,Immunomodulatory action
46,3,herb_targets_body_part,Medium,Weak,Diuretic action
46,5,herb_targets_body_part,High,Moderate,Neuroprotective action
46,6,herb_targets_body_part,Low,Moderate,Digestive stimulant
46,7,herb_targets_body_part,High,Strong,Anti-inflammatory action
46,8,herb_targets_body_part,High,Weak,Respiratory support
46,9,herb_targets_body_part,Medium,Moderate,Cardiotonic action
46,11,herb_targets_body_part,Medium,Weak,Respiratory support
46,12,herb_targets_body_part,Medium,Moderate,Immunomodulatory action
47,2,herb_targets_body_part,Low,Weak,Hepatoprotective action
47,4,herb_targets_body_part,Medium,Strong,Hepatoprotective action
47,5,herb_targets_body_part,Medium,Weak,Neuroprotective action
47,6,herb_targets_body_part,High,Moderate,Immunomodulatory action
47,7,herb_targets_body_part,Low,Moderate,Diuretic action
47,8,herb_targets_body_part,Low,Weak,Respiratory support
47,9,herb_targets_body_part,Low,Strong,Cardiotonic action
47,10,herb_targets_body_part,Medium,Weak,Digestive stimulant
47,11,herb_targets_body_part,High,Moderate,Anti-inflammatory action
47,12,herb_targets_body_part,Medium,Weak,Anti-inflammatory action
48,1,herb_targets_body_part,Low,Weak,Neuroprotective action
48,3,herb_targets_body_part,Medium,Weak,Diuretic action
48,4,herb_targets_body_part,Low,Strong,Immunomodulatory action
48,5,herb_targets_body_part,High,Weak,Neuroprotective action
48,6,herb_targets_body_part,High,Strong,Hepatoprotective action
48,7,herb_targets_body_part,Low,Weak,Cardiotonic action
48,9,herb_targets_body_part,Medium,Weak,Hepatoprotective action
48,10,herb_targets_body_part,Low,Strong,Cardiotonic action
48,11,herb_targets_body_part,High,Moderate,Immunomodulatory action
48,12,herb_targets_body_part,Low,Moderate,Cardiotonic action
49,1,herb_targets_body_part,Low,Moderate,Cardiotonic action
49,2,herb_targets_body_part,Low,Strong,Hepatoprotective action
49,3,herb_targets_body_part,Low,Weak,Respiratory support
49,4,herb_targets_body_part,High,Moderate,Digestive stimulant
49,5,herb_targets_body_part,Low,Moderate,Immunomodulatory action
49,6,herb_targets_body_part,High,Strong,Diuretic action
49,9,herb_targets_body_part,High,Strong,Hepatoprotective action
49,10,herb_targets_body_part,Low,Moderate,Cardiotonic action
49,11,herb_targets_body_part,Low,Moderate,Cardiotonic action
49,12,herb_targets_body_part,High,Strong,Respiratory support
50,1,herb_targets_body_part,High,Weak,Neuroprotective action
50,2,herb_targets_body_part,High,Moderate,Neuroprotective action
50,3,herb_targets_body_part,Low,Strong,Diuretic action
50,4,herb_targets_body_part,Low,Strong,Neuroprotective action
50,5,herb_targets_body_part,High,Strong,Neuroprotective action
50,6,herb_targets_body_part,High,Moderate,Cardiotonic action
50,9,herb_targets_body_part,Medium,Weak,Hepatoprotective action
50,10,herb_targets_body_part,Low,Strong,Hepatoprotective action
50,11,herb_targets_body_part,Medium,Strong,Cardiotonic action
50,12,herb_targets_body_part,High,Moderate,Hepatoprotective action
51,1,herb_targets_body_part,Medium,Strong,Digestive stimulant
51,2,herb_targets_body_part,Medium,Moderate,Hepatoprotective action
51,3,herb_targets_body_part,High,Strong,Immunomodulatory action
51,4,herb_targets_body_part,High,Weak,Anti-inflammatory action
51,5,herb_targets_body_part,High,Strong,Anti-inflammatory action
51,6,herb_targets_body_part,Medium,Weak,Immunomodulatory action
51,9,herb_targets_body_part,Medium,Moderate,Respiratory support
51,10,herb_targets_body_part,Low,Moderate,Respiratory support
51,11,herb_targets_body_part,Medium,Weak,Respiratory support
51,12,herb_targets_body_part,Medium,Strong,Respiratory support
52,1,herb_targets_body_part,Low,Moderate,Cardiotonic action
52,2,herb_targets_body_part,Low,Strong,Respiratory support
52,3,herb_targets_body_part,Medium,Strong,Anti-inflammatory action
52,4,herb_targets_body_part,Medium,Weak,Cardiotonic action
52,5,herb_targets_body_part,Low,Strong,Anti-inflammatory action
52,6,herb_targets_body_part,Low,Strong,Immunomodulatory action
52,7,herb_targets_body_part,Low,Strong,Respiratory support
52,9,herb_targets_body_part,Medium,Weak,Diuretic action
52,11,herb_targets_body_part,Low,Moderate,Digestive stimulant
52,12,herb_targets_body_part,High,Weak,Respiratory support
53,1,herb_targets_body_part,High,Weak,Respiratory support
53,2,herb_targets_body_part,High,Weak,Respiratory support
53,3,herb_targets_body_part,Low,Moderate,Digestive stimulant
53,4,herb_targets_body_part,Low,Moderate,Cardiotonic action
53,5,herb_targets_body_part,Low,Weak,Hepatoprotective action
53,6,herb_targets_body_part,Medium,Moderate,Diuretic action
53,7,herb_targets_body_part,Low,Weak,Hepatoprotective action
53,9,herb_targets_body_part,Low,Moderate,Immunomodulatory action
53,10,herb_targets_body_part,Low,Strong,Neuroprotective action
53,12,herb_targets_body_part,Low,Weak,Anti-inflammatory action
54,1,herb_targets_body_part,High,Moderate,Hepatoprotective action
54,2,herb_targets_body_part,Medium,Weak,Diuretic action
54,3,herb_targets_body_part,High,Moderate,Hepatoprotective action
54,4,herb_targets_body_part,Medium,Weak,Digestive stimulant
54,7,herb_targets_body_part,High,Strong,Neuroprotective action
54,8,herb_targets_body_part,Low,Weak,Hepatoprotective action
54,9,herb_targets_body_part,High,Moderate,Anti-inflammatory action
54,10,herb_targets_body_part,High,Moderate,Cardiotonic action
54,11,herb_targets_body_part,Medium,Strong,Immunomodulatory action
54,12,herb_targets_body_part,Low,Moderate,Hepatoprotective action
55,3,herb_targets_body_part,Low,Strong,Diuretic action
55,4,herb_targets_body_part,High,Weak,Respiratory support
55,5,herb_targets_body_part,High,Weak,Hepatoprotective action
55,6,herb_targets_body_part,Low,Moderate,Cardiotonic action
55,7,herb_targets_body_part,Low,Weak,Cardiotonic action
55,8,herb_targets_body_part,Low,Weak,Cardiotonic action
55,9,herb_targets_body_part,High,Strong,Immunomodulatory action
55,10,herb_targets_body_part,High,Moderate,Hepatoprotective action
55,11,herb_targets_body_part,High,Strong,Respiratory support
55,12,herb_targets_body_part,Low,Weak,Digestive stimulant
56,2,herb_targets_body_part,Low,Strong,Respiratory support
56,3,herb_targets_body_part,High,Moderate,Cardiotonic action
56,4,herb_targets_body_part,Low,Weak,Anti-inflammatory action
56,5,herb_targets_body_part,Medium,Strong,Digestive stimulant
56,6,herb_targets_body_part,Medium,Moderate,Respiratory support
56,7,herb_targets_body_part,Medium,Weak,Neuroprotective action
56,8,herb_targets_body_part,Low,Weak,Digestive stimulant
56,9,herb_targets_body_part,High,Moderate,Anti-inflammatory action
56,11,herb_targets_body_part,Low,Moderate,Respiratory support
56,12,herb_targets_body_part,High,Moderate,Digestive stimulant
57,2,herb_targets_body_part,Medium,Weak,Diuretic action
57,3,herb_targets_body_part,High,Weak,Immunomodulatory action
57,4,herb_targets_body_part,High,Weak,Anti-inflammatory action
57,5,herb_targets_body_part,Low,Moderate,Immunomodulatory action
57,6,herb_targets_body_part,Low,Weak,Hepatoprotective action
57,7,herb_targets_body_part,Medium,Weak,Diuretic action
57,8,herb_targets_body_part,Low,Strong,Diuretic action
57,9,herb_targets_body_part,Medium,Weak,Cardiotonic action
57,10,herb_targets_body_part,High,Moderate,Neuroprotective action
57,11,herb_targets_body_part,Low,Strong,Digestive stimulant
58,1,herb_targets_body_part,Low,Weak,Anti-inflammatory action
58,2,herb_targets_body_part,High,Moderate,Cardiotonic action
58,3,herb_targets_body_part,Medium,Weak,Neuroprotective action
58,4,herb_targets_body_part,High,Weak,Cardiotonic action
58,7,herb_targets_body_part,Medium,Moderate,Diuretic action
58,8,herb_targets_body_part,Medium,Moderate,Cardiotonic action
58,9,herb_targets_body_part,High,Weak,Immunomodulatory action
58,10,herb_targets_body_part,Medium,Weak,Digestive stimulant
58,11,herb_targets_body_part,Low,Weak,Cardiotonic action
58,12,herb_targets_body_part,High,Strong,Respiratory support
59,2,herb_targets_body_part,Low,Strong,Immunomodulatory action
59,3,herb_targets_body_part,Medium,Weak,Neuroprotective action
59,4,herb_targets_body_part,Low,Strong,Diuretic action
59,5,herb_targets_body_part,Low,Moderate,Immunomodulatory action
59,6,herb_targets_body_part,High,Strong,Digestive stimulant
59,7,herb_targets_body_part,Low,Strong,Anti-inflammatory action
59,8,herb_targets_body_part,Medium,Weak,Hepatoprotective action
59,9,herb_targets_body_part,Low,Strong,Cardiotonic action
59,11,herb_targets_body_part,Medium,Weak,Neuroprotective action
59,12,herb_targets_body_part,High,Strong,Respiratory support
60,2,herb_targets_body_part,Medium,Strong,Anti-inflammatory action
60,3,herb_targets_body_part,High,Weak,Respiratory support
60,4,herb_targets_body_part,Low,Moderate,Neuroprotective action
60,5,herb_targets_body_part,Low,Weak,Cardiotonic action
60,6,herb_targets_body_part,High,Strong,Hepatoprotective action
60,7,herb_targets_body_part,High,Moderate,Diuretic action
60,8,herb_targets_body_part,Medium,Weak,Neuroprotective action
60,9,herb_targets_body_part,Low,Weak,Cardiotonic action
60,11,herb_targets_body_part,Low,Weak,Hepatoprotective action
60,12,herb_targets_body_part,Medium,Weak,Cardiotonic action
61,1,herb_targets_body_part,Medium,Weak,Diuretic action
61,2,herb_targets_body_part,Medium,Strong,Hepatoprotective action
61,4,herb_targets_body_part,High,Strong,Hepatoprotective action
61,5,herb_targets_body_part,Medium,Weak,Digestive stimulant
61,6,herb_targets_body_part,High,Weak,Diuretic action
61,7,herb_targets_body_part,Medium,Weak,Hepatoprotective action
61,8,herb_targets_body_part,Low,Strong,Cardiotonic action
61,10,herb_targets_body_part,Medium,Weak,Cardiotonic action
61,11,herb_targets_body_part,Medium,Weak,Neuroprotective action
61,12,herb_targets_body_part,High,Moderate,Hepatoprotective action
62,1,herb_targets_body_part,Low,Weak,Neuroprotective action
62,2,herb_targets_body_part,Medium,Weak,Anti-inflammatory action
62,3,herb_targets_body_part,Medium,Weak,Diuretic action
62,4,herb_targets_body_part,High,Weak,Hepatoprotective action
62,7,herb_targets_body_part,High,Weak,Hepatoprotective action
62,8,herb_targets_body_part,High,Weak,Neuroprotective action
62,9,herb_targets_body_part,High,Weak,Diuretic action
62,10,herb_targets_body_part,Medium,Strong,Anti-inflammatory action
62,11,herb_targets_body_part,High,Weak,Digestive stimulant
62,12,herb_targets_body_part,Low,Strong,Hepatoprotective action
63,1,herb_targets_body_part,Low,Moderate,Anti-inflammatory action
63,2,herb_targets_body_part,High,Strong,Immunomodulatory action
63,3,herb_targets_body_part,Medium,Weak,Neuroprotective action
63,4,herb_targets_body_part,Medium,Weak,Anti-inflammatory action
63,7,herb_targets_body_part,High,Moderate,Anti-inflammatory action
63,8,herb_targets_body_part,Low,Moderate,Diuretic action
63,9,herb_targets_body_part,High,Weak,Diuretic action
63,10,herb_targets_body_part,Low,Moderate,Respiratory support
63,11,herb_targets_body_part,Low,Weak,Digestive stimulant
63,12,herb_targets_body_part,Low,Strong,Anti-inflammatory action
64,1,herb_targets_body_part,High,Strong,Digestive stimulant
64,2,herb_targets_body_part,High,Moderate,Digestive stimulant
64,4,herb_targets_body_part,High,Weak,Digestive stimulant
64,5,herb_targets_body_part,Low,Moderate,Immunomodulatory action
64,6,herb_targets_body_part,High,Weak,Cardiotonic action
64,8,herb_targets_body_part,High,Weak,Immunomodulatory action
64,9,herb_targets_body_part,Medium,Moderate,Neuroprotective action
64,10,herb_targets_body_part,Medium,Moderate,Hepatoprotective action
64,11,herb_targets_body_part,Medium,Weak,Cardiotonic action
64,12,herb_targets_body_part,Low,Strong,Digestive stimulant
65,1,herb_targets_body_part,High,Weak,Immunomodulatory action
65,2,herb_targets_body_part,Low,Weak,Digestive stimulant
65,3,herb_targets_body_part,Low,Moderate,Neuroprotective action
65,4,herb_targets_body_part,Medium,Strong,Respiratory support
65,6,herb_targets_body_part,Medium,Moderate,Anti-inflammatory action
65,7,herb_targets_body_part,Low,Strong,Hepatoprotective action
65,8,herb_targets_body_part,Medium,Strong,Hepatoprotective action
65,9,herb_targets_body_part,Low,Weak,Cardiotonic action
65,11,herb_targets_body_part,High,Moderate,Hepatoprotective action
65,12,herb_targets_body_part,Medium,Moderate,Immunomodulatory action
66,2,herb_targets_body_part,High,Strong,Immunomodulatory action
66,3,herb_targets_body_part,High,Strong,Cardiotonic action
66,4,herb_targets_body_part,High,Moderate,Hepatoprotective action
66,5,herb_targets_body_part,High,Strong,Immunomodulatory action
66,6,herb_targets_body_part,Low,Moderate,Hepatoprotective action
66,7,herb_targets_body_part,Low,Moderate,Immunomodulatory action
66,8,herb_targets_body_part,Low,Moderate,Hepatoprotective action
66,9,herb_targets_body_part,High,Strong,Respiratory support
66,11,herb_targets_body_part,Medium,Strong,Respiratory support
66,12,herb_targets_body_part,Low,Weak,Cardiotonic action
67,2,herb_targets_body_part,Medium,Weak,Neuroprotective action
67,3,herb_targets_body_part,Medium,Strong,Neuroprotective action
67,4,herb_targets_body_part,Low,Strong,Neuroprotective action
67,5,herb_targets_body_part,Medium,Weak,Immunomodulatory action
67,6,herb_targets_body_part,High,Weak,Respiratory support
67,7,herb_targets_body_part,Low,Strong,Cardiotonic action
67,8,herb_targets_body_part,Low,Moderate,Neuroprotective action
67,9,herb_targets_body_part,Medium,Moderate,Diuretic action
67,10,herb_targets_body_part,Low,Moderate,Immunomodulatory action
67,11,herb_targets_body_part,Medium,Weak,Digestive stimulant
68,2,herb_targets_body_part,Medium,Weak,Hepatoprotective action
68,3,herb_targets_body_part,Medium,Moderate,Respiratory support
68,4,herb_targets_body_part,High,Weak,Hepatoprotective action
68,5,herb_targets_body_part,High,Weak,Digestive stimulant
68,6,herb_targets_body_part,High,Strong,Anti-inflammatory action
68,7,herb_targets_body_part,High,Weak,Immunomodulatory action
68,8,herb_targets_body_part,Low,Moderate,Anti-inflammatory action
68,9,herb_targets_body_part,Medium,Weak,Neuroprotective action
68,10,herb_targets_body_part,Medium,Moderate,Hepatoprotective action
68,11,herb_targets_body_part,Medium,Strong,Digestive stimulant
69,2,herb_targets_body_part,Low,Strong,Cardiotonic action
69,3,herb_targets_body_part,Low,Weak,Respiratory support
69,4,herb_targets_body_part,High,Weak,Anti-inflammatory action
69,5,herb_targets_body_part,Low,Moderate,Neuroprotective action
69,6,herb_targets_body_part,Low,Weak,Digestive stimulant
69,7,herb_targets_body_part,High,Strong,Respiratory support
69,8,herb_targets_body_part,High,Weak,Respiratory support
69,9,herb_targets_body_part,High,Moderate,Diuretic action
69,10,herb_targets_body_part,Medium,Strong,Respiratory support
69,11,herb_targets_body_part,High,Moderate,Digestive stimulant
70,1,herb_targets_body_part,Low,Strong,Immunomodulatory action
70,2,herb_targets_body_part,Medium,Moderate,Immunomodulatory action
70,3,herb_targets_body_part,Medium,Strong,Anti-inflammatory action
70,4,herb_targets_body_part,Low,Weak,Cardiotonic action
70,7,herb_targets_body_part,High,Moderate,Anti-inflammatory action
70,8,herb_targets_body_part,Medium,Weak,Diuretic action
70,9,herb_targets_body_part,High,Moderate,Anti-inflammatory action
70,10,herb_targets_body_part,Low,Moderate,Respiratory support
70,11,herb_targets_body_part,Medium,Moderate,Hepatoprotective action
70,12,herb_targets_body_part,High,Moderate,Neuroprotective action
71,1,herb_targets_body_part,Medium,Moderate,Anti-inflammatory action
71,2,herb_targets_body_part,High,Moderate,Diuretic action
71,3,herb_targets_body_part,High,Strong,Neuroprotective action
71,4,herb_targets_body_part,Medium,Strong,Diuretic action
71,7,herb_targets_body_part,High,Strong,Immunomodulatory action
71,8,herb_targets_body_part,High,Moderate,Cardiotonic action
71,9,herb_targets_body_part,Medium,Moderate,Respiratory support
71,10,herb_targets_body_part,Medium,Strong,Immunomodulatory action
71,11,herb_targets_body_part,High,Moderate,Diuretic action
71,12,herb_targets_body_part,High,Strong,Respiratory support
72,1,herb_targets_body_part,Low,Moderate,Anti-inflammatory action
72,2,herb_targets_body_part,Medium,Weak,Digestive stimulant
72,4,herb_targets_body_part,High,Strong,Immunomodulatory action
72,5,herb_targets_body_part,High,Strong,Cardiotonic action
72,6,herb_targets_body_part,Medium,Weak,Respiratory support
72,7,herb_targets_body_part,High,Strong,Digestive stimulant
72,9,herb_targets_body_part,Medium,Weak,Immunomodulatory action
72,10,herb_targets_body_part,High,Moderate,Diuretic action
72,11,herb_targets_body_part,Low,Moderate,Neuroprotective action
72,12,herb_targets_body_part,Medium,Moderate,Cardiotonic action
73,1,herb_targets_body_part,High,Strong,Hepatoprotective action
73,2,herb_targets_body_part,High,Strong,Neuroprotective action
73,4,herb_targets_body_part,Medium,Weak,Anti-inflammatory action
73,5,herb_targets_body_part,Low,Strong,Anti-inflammatory action
73,6,herb_targets_body_part,Low,Moderate,Cardiotonic action
73,8,herb_targets_body_part,Low,Weak,Anti-inflammatory action
73,9,herb_targets_body_part,Medium,Moderate,Immunomodulatory action
73,10,herb_targets_body_part,Medium,Moderate,Hepatoprotective action
73,11,herb_targets_body_part,Medium,Strong,Neuroprotective action
73,12,herb_targets_body_part,Low,Weak,Neuroprotective action
74,2,herb_targets_body_part,High,Moderate,Hepatoprotective action
74,3,herb_targets_body_part,Medium,Weak,Digestive stimulant
74,4,herb_targets_body_part,Low,Moderate,Digestive stimulant
74,5,herb_targets_body_part,Medium,Weak,Hepatoprotective action
74,6,herb_targets_body_part,Low,Weak,Neuroprotective action
74,7,herb_targets_body_part,High,Weak,Neuroprotective action
74,8,herb_targets_body_part,High,Strong,Neuroprotective action
74,9,herb_targets_body_part,Medium,Strong,Immunomodulatory action
74,11,herb_targets_body_part,High,Strong,Cardiotonic action
74,12,herb_targets_body_part,High,Weak,Digestive stimulant
75,1,herb_targets_body_part,High,Strong,Cardiotonic action
75,2,herb_targets_body_part,Medium,Weak,Immunomodulatory action
75,4,herb_targets_body_part,Low,Weak,Digestive stimulant
75,5,herb_targets_body_part,High,Moderate,Cardiotonic action
75,7,herb_targets_body_part,Medium,Strong,Cardiotonic action
75,8,herb_targets_body_part,Low,Strong,Immunomodulatory action
75,9,herb_targets_body_part,High,Moderate,Respiratory support
75,10,herb_targets_body_part,Medium,Moderate,Cardiotonic action
75,11,herb_targets_body_part,High,Moderate,Anti-inflammatory action
75,12,herb_targets_body_part,High,Strong,Anti-inflammatory action
76,1,herb_targets_body_part,High,Weak,Respiratory support
76,2,herb_targets_body_part,High,Moderate,Diuretic action
76,4,herb_targets_body_part,Medium,Weak,Hepatoprotective action
76,5,herb_targets_body_part,Medium,Strong,Immunomodulatory action
76,6,herb_targets_body_part,Medium,Moderate,Respiratory support
76,8,herb_targets_body_part,Medium,Strong,Hepatoprotective action
76,9,herb_targets_body_part,Low,Strong,Neuroprotective action
76,10,herb_targets_body_part,Medium,Moderate,Respiratory support
76,11,herb_targets_body_part,Low,Weak,Respiratory support
76,12,herb_targets_body_part,High,Weak,Immunomodulatory action
77,1,herb_targets_body_part,High,Weak,Cardiotonic action
77,2,herb_targets_body_part,High,Strong,Neuroprotective action
77,4,herb_targets_body_part,Low,Weak,Hepatoprotective action
77,5,herb_targets_body_part,High,Weak,Digestive stimulant
77,7,herb_targets_body_part,High,Weak,Diuretic action
77,8,herb_targets_body_part,High,Strong,Respiratory support
77,9,herb_targets_body_part,Medium,Weak,Diuretic action
77,10,herb_targets_body_part,High,Weak,Neuroprotective action
77,11,herb_targets_body_part,High,Strong,Digestive stimulant
77,12,herb_targets_body_part,Medium,Weak,Immunomodulatory action
78,1,herb_targets_body_part,Low,Moderate,Respiratory support
78,2,herb_targets_body_part,Medium,Weak,Hepatoprotective action
78,4,herb_targets_body_part,Medium,Strong,Diuretic action
78,5,herb_targets_body_part,Medium,Weak,Anti-inflammatory action
78,6,herb_targets_body_part,High,Weak,Immunomodulatory action
78,7,herb_targets_body_part,Low,Strong,Immunomodulatory action
78,8,herb_targets_body_part,High,Weak,Anti-inflammatory action
78,9,herb_targets_body_part,Low,Strong,Cardiotonic action
78,10,herb_targets_body_part,Medium,Weak,Hepatoprotective action
78,12,herb_targets_body_part,High,Moderate,Cardiotonic action
79,1,herb_targets_body_part,Low,Moderate,Cardiotonic action
79,2,herb_targets_body_part,Low,Moderate,Digestive stimulant
79,3,herb_targets_body_part,High,Strong,Neuroprotective action
79,4,herb_targets_body_part,Low,Strong,Anti-inflammatory action
79,7,herb_targets_body_part,Low,Moderate,Immunomodulatory action
79,8,herb_targets_body_part,Medium,Strong,Immunomodulatory action
79,9,herb_targets_body_part,Low,Moderate,Hepatoprotective action
79,10,herb_targets_body_part,High,Strong,Anti-inflammatory action
79,11,herb_targets_body_part,Low,Strong,Immunomodulatory action
79,12,herb_targets_body_part,High,Weak,Neuroprotective action
80,1,herb_targets_body_part,Medium,Strong,Immunomodulatory action
80,2,herb_targets_body_part,High,Weak,Digestive stimulant
80,3,herb_targets_body_part,High,Weak,Hepatoprotective action
80,4,herb_targets_body_part,High,Weak,Respiratory support
80,6,herb_targets_body_part,Low,Weak,Respiratory support
80,8,herb_targets_body_part,Medium,Strong,Immunomodulatory action
80,9,herb_targets_body_part,Low,Strong,Cardiotonic action
80,10,herb_targets_body_part,Low,Moderate,Respiratory support
80,11,herb_targets_body_part,High,Weak,Anti-inflammatory action
80,12,herb_targets_body_part,Medium,Strong,Immunomodulatory action
81,1,herb_targets_body_part,High,Moderate,Anti-inflammatory action
81,2,herb_targets_body_part,Low,Weak,Hepatoprotective action
81,3,herb_targets_body_part,Low,Weak,Cardiotonic action
81,4,herb_targets_body_part,Low,Moderate,Digestive stimulant
81,5,herb_targets_body_part,Medium,Strong,Respiratory support
81,6,herb_targets_body_part,Medium,Strong,Cardiotonic action
81,9,herb_targets_body_part,High,Moderate,Digestive stimulant
81,10,herb_targets_body_part,Low,Weak,Cardiotonic action
81,11,herb_targets_body_part,Medium,Strong,Diuretic action
81,12,herb_targets_body_part,High,Moderate,Neuroprotective action
82,1,herb_targets_body_part,Medium,Strong,Neuroprotective action
82,2,herb_targets_body_part,High,Weak,Diuretic action
82,3,herb_targets_body_part,Low,Strong,Immunomodulatory action
82,4,herb_targets_body_part,High,Moderate,Neuroprotective action
82,7,herb_targets_body_part,High,Moderate,Digestive stimulant
82,8,herb_targets_body_part,High,Strong,Hepatoprotective action
82,9,herb_targets_body_part,Medium,Strong,Diuretic action
82,10,herb_targets_body_part,Low,Moderate,Hepatoprotective action
82,11,herb_targets_body_part,Low,Weak,Neuroprotective action
82,12,herb_targets_body_part,Low,Strong,Hepatoprotective action
83,1,herb_targets_body_part,Medium,Moderate,Anti-inflammatory action
83,2,herb_targets_body_part,High,Strong,Anti-inflammatory action
83,4,herb_targets_body_part,High,Strong,Hepatoprotective action
83,6,herb_targets_body_part,Medium,Strong,Anti-inflammatory action
83,7,herb_targets_body_part,High,Strong,Respiratory support
83,8,herb_targets_body_part,Low,Strong,Digestive stimulant
83,9,herb_targets_body_part,High,Moderate,Diuretic action
83,10,herb_targets_body_part,High,Moderate,Respiratory support
83,11,herb_targets_body_part,Medium,Strong,Digestive stimulant
83,12,herb_targets_body_part,High,Weak,Immunomodulatory action
84,1,herb_targets_body_part,Low,Weak,Hepatoprotective action
84,2,herb_targets_body_part,High,Strong,Hepatoprotective action
84,4,herb_targets_body_part,Low,Moderate,Hepatoprotective action
84,6,herb_targets_body_part,Low,Moderate,Neuroprotective action
84,7,herb_targets_body_part,High,Strong,Anti-inflammatory action
84,8,herb_targets_body_part,High,Moderate,Cardiotonic action
84,9,herb_targets_body_part,High,Moderate,Immunomodulatory action
84,10,herb_targets_body_part,High,Weak,Cardiotonic action
84,11,herb_targets_body_part,Low,Weak,Hepatoprotective action
84,12,herb_targets_body_part,Medium,Strong,Hepatoprotective action
85,1,herb_targets_body_part,High,Strong,Immunomodulatory action
85,2,herb_targets_body_part,Medium,Strong,Respiratory support
85,3,herb_targets_body_part,High,Moderate,Hepatoprotective action
85,4,herb_targets_body_part,High,Weak,Neuroprotective action
85,7,herb_targets_body_part,High,Moderate,Respiratory support
85,8,herb_targets_body_part,Low,Strong,Cardiotonic action
85,9,herb_targets_body_part,High,Weak,Immunomodulatory action
85,10,herb_targets_body_part,Low,Moderate,Respiratory support
85,11,herb_targets_body_part,High,Moderate,Diuretic action
85,12,herb_targets_body_part,Low,Moderate,Immunomodulatory action
86,1,herb_targets_body_part,Low,Strong,Anti-inflammatory action
86,2,herb_targets_body_part,High,Weak,Neuroprotective action
86,3,herb_targets_body_part,Medium,Strong,Cardiotonic action
86,4,herb_targets_body_part,Medium,Weak,Diuretic action
86,7,herb_targets_body_part,High,Strong,Cardiotonic action
86,8,herb_targets_body_part,Low,Moderate,Neuroprotective action
86,9,herb_targets_body_part,High,Moderate,Neuroprotective action
86,10,herb_targets_body_part,High,Moderate,Respiratory support
86,11,herb_targets_body_part,Medium,Moderate,Cardiotonic action
86,12,herb_targets_body_part,Medium,Weak,Cardiotonic action
87,1,herb_targets_body_part,Low,Weak,Respiratory support
87,2,herb_targets_body_part,High,Weak,Digestive stimulant
87,3,herb_targets_body_part,Medium,Moderate,Diuretic action
87,4,herb_targets_body_part,Low,Weak,Diuretic action
87,7,herb_targets_body_part,Low,Weak,Digestive stimulant
87,8,herb_targets_body_part,Medium,Strong,Cardiotonic action
87,9,herb_targets_body_part,Low,Weak,Digestive stimulant
87,10,herb_targets_body_part,Low,Strong,Digestive stimulant
87,11,herb_targets_body_part,Medium,Strong,Digestive stimulant
87,12,herb_targets_body_part,High,Moderate,Diuretic action
88,1,herb_targets_body_part,High,Strong,Anti-inflammatory action
88,2,herb_targets_body_part,Medium,Moderate,Neuroprotective action
88,4,herb_targets_body_part,Medium,Moderate,Neuroprotective action
88,5,herb_targets_body_part,Low,Moderate,Digestive stimulant
88,6,herb_targets_body_part,High,Strong,Anti-inflammatory action
88,7,herb_targets_body_part,Low,Strong,Hepatoprotective action
88,9,herb_targets_body_part,Low,Weak,Neuroprotective action
88,10,herb_targets_body_part,Medium,Weak,Anti-inflammatory action
88,11,herb_targets_body_part,Low,Moderate,Respiratory support
88,12,herb_targets_body_part,High,Weak,Hepatoprotective action
89,1,herb_targets_body_part,Low,Weak,Hepatoprotective action
89,2,herb_targets_body_part,Medium,Weak,Neuroprotective action
89,3,herb_targets_body_part,High,Strong,Respiratory support
89,4,herb_targets_body_part,High,Strong,Digestive stimulant
89,5,herb_targets_body_part,High,Strong,Cardiotonic action
89,6,herb_targets_body_part,High,Strong,Diuretic action
89,7,herb_targets_body_part,Low,Strong,Immunomodulatory action
89,9,herb_targets_body_part,Medium,Moderate,Respiratory support
89,10,herb_targets_body_part,Medium,Weak,Anti-inflammatory action
89,12,herb_targets_body_part,Medium,Strong,Neuroprotective action
90,1,herb_targets_body_part,High,Weak,Anti-inflammatory action
90,2,herb_targets_body_part,Low,Strong,Neuroprotective action
90,3,herb_targets_body_part,High,Moderate,Cardiotonic action
90,4,herb_targets_body_part,Low,Moderate,Immunomodulatory action
90,5,herb_targets_body_part,Low,Weak,Immunomodulatory action
90,6,herb_targets_body_part,Low,Strong,Cardiotonic action
90,7,herb_targets_body_part,High,Moderate,Hepatoprotective action
90,9,herb_targets_body_part,Low,Moderate,Neuroprotective action
90,10,herb_targets_body_part,Low,Strong,Cardiotonic action
90,12,herb_targets_body_part,Low,Strong,Digestive stimulant
91,1,herb_targets_body_part,Medium,Strong,Hepatoprotective action
91,2,herb_targets_body_part,Low,Moderate,Diuretic action
91,3,herb_targets_body_part,Medium,Weak,Cardiotonic action
91,4,herb_targets_body_part,Medium,Strong,Anti-inflammatory action
91,5,herb_targets_body_part,Medium,Weak,Cardiotonic action
91,6,herb_targets_body_part,High,Moderate,Hepatoprotective action
91,7,herb_targets_body_part,High,Strong,Respiratory support
91,9,herb_targets_body_part,Low,Moderate,Anti-inflammatory action
91,10,herb_targets_body_part,High,Moderate,Neuroprotective action
91,12,herb_targets_body_part,Low,Strong,Hepatoprotective action
92,1,herb_targets_body_part,High,Weak,Anti-inflammatory action
92,2,herb_targets_body_part,Medium,Strong,Digestive stimulant
92,3,herb_targets_body_part,Low,Strong,Digestive stimulant
92,4,herb_targets_body_part,Medium,Strong,Anti-inflammatory action
92,5,herb_targets_body_part,Low,Moderate,Anti-inflammatory action
92,6,herb_targets_body_part,High,Moderate,Hepatoprotective action
92,7,herb_targets_body_part,Medium,Strong,Respiratory support
92,9,herb_targets_body_part,Medium,Moderate,Digestive stimulant
92,10,herb_targets_body_part,Medium,Moderate,Respiratory support
92,12,herb_targets_body_part,High,Weak,Hepatoprotective action
93,1,herb_targets_body_part,Medium,Moderate,Hepatoprotective action
93,2,herb_targets_body_part,Low,Strong,Anti-inflammatory action
93,3,herb_targets_body_part,Low,Moderate,Diuretic action
93,4,herb_targets_body_part,Low,Strong,Immunomodulatory action
93,5,herb_targets_body_part,High,Strong,Diuretic action
93,6,herb_targets_body_part,High,Weak,Hepatoprotective action
93,7,herb_targets_body_part,Low,Strong,Digestive stimulant
93,8,herb_targets_body_part,Low,Weak,Neuroprotective action
93,11,herb_targets_body_part,Low,Strong,Respiratory support
93,12,herb_targets_body_part,Medium,Strong,Respiratory support
94,1,herb_targets_body_part,Medium,Moderate,Cardiotonic action
94,2,herb_targets_body_part,High,Weak,Cardiotonic action
94,4,herb_targets_body_part,High,Strong,Hepatoprotective action
94,5,herb_targets_body_part,High,Weak,Diuretic action
94,6,herb_targets_body_part,High,Strong,Neuroprotective action
94,7,herb_targets_body_part,Medium,Weak,Hepatoprotective action
94,8,herb_targets_body_part,Medium,Strong,Diuretic action
94,9,herb_targets_body_part,Medium,Strong,Immunomodulatory action
94,10,herb_targets_body_part,High,Strong,Immunomodulatory action
94,12,herb_targets_body_part,Low,Moderate,Respiratory support
95,1,herb_targets_body_part,High,Strong,Neuroprotective action
95,2,herb_targets_body_part,Low,Moderate,Immunomodulatory action
95,3,herb_targets_body_part,Medium,Moderate,Diuretic action
95,4,herb_targets_body_part,Low,Strong,Hepatoprotective action
95,6,herb_targets_body_part,Low,Moderate,Anti-inflammatory action
95,7,herb_targets_body_part,Medium,Moderate,Cardiotonic action
95,8,herb_targets_body_part,Medium,Weak,Neuroprotective action
95,9,herb_targets_body_part,Medium,Moderate,Respiratory support
95,10,herb_targets_body_part,Medium,Strong,Cardiotonic action
95,11,herb_targets_body_part,Low,Moderate,Immunomodulatory action
96,1,herb_targets_body_part,Low,Strong,Anti-inflammatory action
96,2,herb_targets_body_part,Low,Strong,Anti-inflammatory action
96,3,herb_targets_body_part,High,Strong,Immunomodulatory action
96,5,herb_targets_body_part,Medium,Strong,Cardiotonic action
96,6,herb_targets_body_part,High,Strong,Cardiotonic action
96,7,herb_targets_body_part,Medium,Weak,Hepatoprotective action
96,8,herb_targets_body_part,Medium,Moderate,Diuretic action
96,9,herb_targets_body_part,Low,Weak,Diuretic action
96,10,herb_targets_body_part,High,Strong,Neuroprotective action
96,11,herb_targets_body_part,Low,Strong,Cardiotonic action
97,1,herb_targets_body_part,Medium,Strong,Cardiotonic action
97,2,herb_targets_body_part,Medium,Strong,Respiratory support
97,3,herb_targets_body_part,Medium,Weak,Diuretic action
97,4,herb_targets_body_part,High,Weak,Diuretic action
97,6,herb_targets_body_part,High,Moderate,Diuretic action
97,7,herb_targets_body_part,High,Weak,Neuroprotective action
97,8,herb_targets_body_part,Medium,Strong,Digestive stimulant
97,9,herb_targets_body_part,Medium,Weak,Anti-inflammatory action
97,11,herb_targets_body_part,Low,Moderate,Anti-inflammatory action
97,12,herb_targets_body_part,Medium,Moderate,Diuretic action
98,1,herb_targets_body_part,High,Strong,Digestive stimulant
98,2,herb_targets_body_part,High,Weak,Cardiotonic action
98,3,herb_targets_body_part,Medium,Moderate,Neuroprotective action
98,5,herb_targets_body_part,High,Strong,Hepatoprotective action
98,6,herb_targets_body_part,Medium,Moderate,Hepatoprotective action
98,7,herb_targets_body_part,Medium,Weak,Diuretic action
98,8,herb_targets_body_part,Medium,Weak,Digestive stimulant
98,10,herb_targets_body_part,Low,Moderate,Neuroprotective action
98,11,herb_targets_body_part,High,Strong,Cardiotonic action
98,12,herb_targets_body_part,Medium,Moderate,Neuroprotective action
99,1,herb_targets_body_part,High,Moderate,Cardiotonic action
99,2,herb_targets_body_part,Medium,Moderate,Neuroprotective action
99,3,herb_targets_body_part,Low,Moderate,Respiratory support
99,5,herb_targets_body_part,Low,Weak,Cardiotonic action
99,6,herb_targets_body_part,High,Weak,Digestive stimulant
99,7,herb_targets_body_part,High,Weak,Neuroprotective action
99,8,herb_targets_body_part,Medium,Weak,Respiratory support
99,10,herb_targets_body_part,High,Strong,Diuretic action
99,11,herb_targets_body_part,High,Moderate,Respiratory support
99,12,herb_targets_body_part,High,Weak,Cardiotonic action
100,1,herb_targets_body_part,Medium,Weak,Anti-inflammatory action
100,2,herb_targets_body_part,Medium,Strong,Diuretic action
100,3,herb_targets_body_part,Low,Weak,Hepatoprotective action
100,6,herb_targets_body_part,High,Strong,Digestive stimulant
100,7,herb_targets_body_part,Medium,Weak,Neuroprotective action
100,8,herb_targets_body_part,Low,Moderate,Digestive stimulant
100,9,herb_targets_body_part,Medium,Strong,Digestive stimulant
100,10,herb_targets_body_part,Low,Weak,Anti-inflammatory action
100,11,herb_targets_body_part,Medium,Moderate,Anti-inflammatory action
100,12,herb_targets_body_part,Medium,Moderate,Hepatoprotective action
101,1,herb_targets_body_part,Low,Moderate,Diuretic action
101,2,herb_targets_body_part,Medium,Moderate,Respiratory support
101,3,herb_targets_body_part,Medium,Weak,Cardiotonic action
101,4,herb_targets_body_part,Low,Moderate,Hepatoprotective action
101,5,herb_targets_body_part,High,Moderate,Cardiotonic action
101,6,herb_targets_body_part,Medium,Strong,Neuroprotective action
101,7,herb_targets_body_part,Low,Moderate,Cardiotonic action
101,8,herb_targets_body_part,Medium,Weak,Cardiotonic action
101,9,herb_targets_body_part,Low,Moderate,Hepatoprotective action
101,10,herb_targets_body_part,High,Strong,Hepatoprotective action
101,11,herb_targets_body_part,Low,Strong,Cardiotonic action
101,12,herb_targets_body_part,High,Moderate,Hepatoprotective action
102,1,herb_targets_body_part,Low,Moderate,Anti-inflammatory action
102,2,herb_targets_body_part,Low,Moderate,Cardiotonic action
102,3,herb_targets_body_part,High,Strong,Diuretic action
102,4,herb_targets_body_part,Low,Moderate,Hepatoprotective action
102,5,herb_targets_body_part,High,Moderate,Hepatoprotective action
102,6,herb_targets_body_part,Medium,Moderate,Cardiotonic action
102,7,herb_targets_body_part,Low,Weak,Cardiotonic action
102,8,herb_targets_body_part,High,Moderate,Digestive stimulant
102,9,herb_targets_body_part,Low,Moderate,Immunomodulatory action
102,10,herb_targets_body_part,Low,Moderate,Immunomodulatory action
102,11,herb_targets_body_part,Medium,Weak,Digestive stimulant
102,12,herb_targets_body_part,High,Moderate,Anti-inflammatory action
103,1,herb_targets_body_part,High,Strong,Neuroprotective action
103,2,herb_targets_body_part,Medium,Weak,Respiratory support
103,3,herb_targets_body_part,Medium,Strong,Cardiotonic action
103,4,herb_targets_body_part,High,Weak,Cardiotonic action
103,5,herb_targets_body_part,High,Weak,Cardiotonic action
103,6,herb_targets_body_part,High,Weak,Cardiotonic action
103,7,herb_targets_body_part,High,Weak,Cardiotonic action
103,8,herb_targets_body_part,Low,Strong,Cardiotonic action
103,9,herb_targets_body_part,Medium,Weak,Neuroprotective action
103,10,herb_targets_body_part,Medium,Strong,Hepatoprotective action
103,11,herb_targets_body_part,Low,Strong,Hepatoprotective action
103,12,herb_targets_body_part,Low,Weak,Cardiotonic action
104,1,herb_targets_body_part,Low,Moderate,Neuroprotective action
104,2,herb_targets_body_part,Medium,Strong,Hepatoprotective action
104,3,herb_targets_body_part,High,Strong,Cardiotonic action
104,4,herb_targets_body_part,High,Weak,Neuroprotective action
104,5,herb_targets_body_part,High,Weak,Hepatoprotective action
104,6,herb_targets_body_part,Low,Moderate,Anti-inflammatory action
104,7,herb_targets_body_part,Low,Weak,Neuroprotective action
104,8,herb_targets_body_part,Medium,Weak,Respiratory support
104,9,herb_targets_body_part,High,Strong,Digestive stimulant
104,10,herb_targets_body_part,Medium,Strong,Digestive stimulant
104,11,herb_targets_body_part,Low,Moderate,Immunomodulatory action
104,12,herb_targets_body_part,Low,Strong,Immunomodulatory action
105,1,herb_targets_body_part,High,Strong,Anti-inflammatory action
105,2,herb_targets_body_part,Low,Weak,Hepatoprotective action
105,3,herb_targets_body_part,High,Moderate,Hepatoprotective action
105,4,herb_targets_body_part,High,Strong,Immunomodulatory action
105,5,herb_targets_body_part,Medium,Strong,Hepatoprotective action
105,6,herb_targets_body_part,High,Moderate,Respiratory support
105,7,herb_targets_body_part,High,Moderate,Hepatoprotective action
105,8,herb_targets_body_part,Medium,Strong,Cardiotonic action
105,9,herb_targets_body_part,High,Moderate,Hepatoprotective action
105,10,herb_targets_body_part,High,Weak,Cardiotonic action
105,11,herb_targets_body_part,Medium,Moderate,Diuretic action
105,12,herb_targets_body_part,High,Strong,Immunomodulatory action
106,1,herb_targets_body_part,High,Strong,Anti-inflammatory action
106,2,herb_targets_body_part,High,Moderate,Respiratory support
106,3,herb_targets_body_part,Medium,Weak,Anti-inflammatory action
106,4,herb_targets_body_part,High,Weak,Immunomodulatory action
106,5,herb_targets_body_part,High,Strong,Anti-inflammatory action
106,6,herb_targets_body_part,Low,Strong,Neuroprotective action
106,7,herb_targets_body_part,High,Moderate,Hepatoprotective action
106,8,herb_targets_body_part,High,Strong,Respiratory support
106,9,herb_targets_body_part,High,Strong,Hepatoprotective action
106,10,herb_targets_body_part,Low,Weak,Neuroprotective action
106,11,herb_targets_body_part,Medium,Moderate,Diuretic action
106,12,herb_targets_body_part,High,Strong,Respiratory support
107,1,herb_targets_body_part,Low,Weak,Immunomodulatory action
107,2,herb_targets_body_part,Medium,Weak,Diuretic action
107,3,herb_targets_body_part,Medium,Weak,Cardiotonic action
107,4,herb_targets_body_part,High,Moderate,Neuroprotective action
107,5,herb_targets_body_part,High,Weak,Immunomodulatory action
107,6,herb_targets_body_part,Medium,Strong,Immunomodulatory action
107,7,herb_targets_body_part,High,Strong,Diuretic action
107,8,herb_targets_body_part,Medium,Moderate,Cardiotonic action
107,9,herb_targets_body_part,Low,Weak,Immunomodulatory action
107,10,herb_targets_body_part,Medium,Weak,Hepatoprotective action
107,11,herb_targets_body_part,Low,Moderate,Cardiotonic action
107,12,herb_targets_body_part,High,Weak,Respiratory support
108,1,herb_targets_body_part,Medium,Weak,Hepatoprotective action
108,2,herb_targets_body_part,Medium,Strong,Anti-inflammatory action
108,3,herb_targets_body_part,Low,Moderate,Cardiotonic action
108,4,herb_targets_body_part,Medium,Weak,Respiratory support
108,5,herb_targets_body_part,Medium,Strong,Hepatoprotective action
108,6,herb_targets_body_part,High,Moderate,Cardiotonic action
108,7,herb_targets_body_part,High,Moderate,Digestive stimulant
108,8,herb_targets_body_part,High,Strong,Respiratory support
108,9,herb_targets_body_part,Medium,Strong,Respiratory support
108,10,herb_targets_body_part,High,Strong,Respiratory support
108,11,herb_targets_body_part,Low,Strong,Respiratory support
108,12,herb_targets_body_part,High,Moderate,Respiratory support
109,1,herb_targets_body_part,High,Weak,Hepatoprotective action
109,2,herb_targets_body_part,Medium,Moderate,Digestive stimulant
109,3,herb_targets_body_part,Low,Strong,Hepatoprotective action
109,4,herb_targets_body_part,Low,Moderate,Hepatoprotective action
109,5,herb_targets_body_part,Low,Weak,Cardiotonic action
109,6,herb_targets_body_part,Low,Moderate,Respiratory support
109,7,herb_targets_body_part,Medium,Strong,Digestive stimulant
109,8,herb_targets_body_part,High,Moderate,Diuretic action
109,9,herb_targets_body_part,High,Moderate,Cardiotonic action
109,10,herb_targets_body_part,High,Strong,Diuretic action
109,11,herb_targets_body_part,High,Weak,Respiratory support
109,12,herb_targets_body_part,Low,Moderate,Digestive stimulant
110,1,herb_targets_body_part,Low,Strong,Immunomodulatory action
110,2,herb_targets_body_part,High,Weak,Anti-inflammatory action
110,3,herb_targets_body_part,Medium,Moderate,Neuroprotective action
110,4,herb_targets_body_part,Medium,Strong,Anti-inflammatory action
110,5,herb_targets_body_part,Medium,Weak,Anti-inflammatory action
110,6,herb_targets_body_part,High,Moderate,Hepatoprotective action
110,7,herb_targets_body_part,Medium,Weak,Immunomodulatory action
110,8,herb_targets_body_part,Medium,Moderate,Respiratory support
110,9,herb_targets_body_part,Medium,Strong,Respiratory support
110,10,herb_targets_body_part,Medium,Weak,Anti-inflammatory action
110,11,herb_targets_body_part,Medium,Moderate,Diuretic action
110,12,herb_targets_body_part,Medium,Weak,Hepatoprotective action
111,1,herb_targets_body_part,Medium,Weak,Hepatoprotective action
111,2,herb_targets_body_part,High,Strong,Anti-inflammatory action
111,3,herb_targets_body_part,High,Strong,Hepatoprotective action
111,4,herb_targets_body_part,Medium,Weak,Cardiotonic action
111,5,herb_targets_body_part,High,Strong,Hepatoprotective action
111,6,herb_targets_body_part,High,Weak,Respiratory support
111,7,herb_targets_body_part,Low,Strong,Anti-inflammatory action
111,8,herb_targets_body_part,Medium,Strong,Hepatoprotective action
111,9,herb_targets_body_part,High,Moderate,Hepatoprotective action
111,10,herb_targets_body_part,Medium,Moderate,Cardiotonic action
111,11,herb_targets_body_part,Medium,Weak,Neuroprotective action
111,12,herb_targets_body_part,High,Weak,Diuretic action
112,1,herb_targets_body_part,High,Strong,Respiratory support
112,2,herb_targets_body_part,High,Weak,Cardiotonic action
112,3,herb_targets_body_part,Low,Moderate,Hepatoprotective action
112,4,herb_targets_body_part,Low,Weak,Digestive stimulant
112,5,herb_targets_body_part,Low,Moderate,Diuretic action
112,6,herb_targets_body_part,Medium,Moderate,Diuretic action
112,7,herb_targets_body_part,High,Strong,Immunomodulatory action
112,8,herb_targets_body_part,Medium,Weak,Hepatoprotective action
112,9,herb_targets_body_part,Medium,Weak,Digestive stimulant
112,10,herb_targets_body_part,Low,Weak,Digestive stimulant
112,11,herb_targets_body_part,Low,Strong,Hepatoprotective action
112,12,herb_targets_body_part,Medium,Strong,Digestive stimulant
113,1,herb_targets_body_part,High,Weak,Digestive stimulant
113,2,herb_targets_body_part,Medium,Moderate,Digestive stimulant
113,3,herb_targets_body_part,Medium,Strong,Respiratory support
113,4,herb_targets_body_part,High,Weak,Respiratory support
113,5,herb_targets_body_part,Medium,Weak,Diuretic action
113,6,herb_targets_body_part,Low,Strong,Hepatoprotective action
113,7,herb_targets_body_part,High,Strong,Respiratory support
113,8,herb_targets_body_part,Medium,Moderate,Digestive stimulant
113,9,herb_targets_body_part,Medium,Strong,Hepatoprotective action
113,10,herb_targets_body_part,Medium,Moderate,Neuroprotective action
113,11,herb_targets_body_part,Low,Moderate,Hepatoprotective action
113,12,herb_targets_body_part,High,Moderate,Hepatoprotective action
114,1,herb_targets_body_part,Low,Strong,Digestive stimulant
114,2,herb_targets_body_part,High,Moderate,Neuroprotective action
114,3,herb_targets_body_part,Medium,Strong,Diuretic action
114,4,herb_targets_body_part,Low,Weak,Diuretic action
114,5,herb_targets_body_part,Medium,Moderate,Hepatoprotective action
114,6,herb_targets_body_part,Low,Strong,Respiratory support
114,7,herb_targets_body_part,Medium,Strong,Neuroprotective action
114,8,herb_targets_body_part,Medium,Weak,Cardiotonic action
114,9,herb_targets_body_part,Low,Moderate,Anti-inflammatory action
114,10,herb_targets_body_part,Medium,Moderate,Respiratory support
114,11,herb_targets_body_part,High,Strong,Cardiotonic action
114,12,herb_targets_body_part,Low,Moderate,Digestive stimulant
115,1,herb_targets_body_part,Medium,Strong,Cardiotonic action
115,2,herb_targets_body_part,High,Weak,Immunomodulatory action
115,3,herb_targets_body_part,Low,Weak,Diuretic action
115,4,herb_targets_body_part,Low,Moderate,Hepatoprotective action
115,5,herb_targets_body_part,Low,Strong,Digestive stimulant
115,6,herb_targets_body_part,High,Strong,Hepatoprotective action
115,7,herb_targets_body_part,High,Strong,Immunomodulatory action
115,8,herb_targets_body_part,High,Strong,Hepatoprotective action
115,9,herb_targets_body_part,Medium,Strong,Cardiotonic action
115,10,herb_targets_body_part,Medium,Moderate,Hepatoprotective action
115,11,herb_targets_body_part,High,Weak,Immunomodulatory action
115,12,herb_targets_body_part,Medium,Strong,Neuroprotective action
116,1,herb_targets_body_part,High,Moderate,Immunomodulatory action
116,2,herb_targets_body_part,Low,Weak,Immunomodulatory action
116,3,herb_targets_body_part,Low,Strong,Hepatoprotective action
116,4,herb_targets_body_part,High,Weak,Diuretic action
116,5,herb_targets_body_part,Low,Moderate,Digestive stimulant
116,6,herb_targets_body_part,High,Moderate,Hepatoprotective action
116,7,herb_targets_body_part,High,Strong,Respiratory support
116,8,herb_targets_body_part,Medium,Strong,Anti-inflammatory action
116,9,herb_targets_body_part,Low,Moderate,Cardiotonic action
116,10,herb_targets_body_part,Medium,Strong,Neuroprotective action
116,11,herb_targets_body_part,Medium,Strong,Neuroprotective action
116,12,herb_targets_body_part,Low,Strong,Respiratory support
117,1,herb_targets_body_part,Medium,Weak,Anti-inflammatory action
117,2,herb_targets_body_part,Medium,Strong,Diuretic action
117,3,herb_targets_body_part,High,Strong,Anti-inflammatory action
117,4,herb_targets_body_part,Low,Weak,Immunomodulatory action
117,5,herb_targets_body_part,High,Weak,Neuroprotective action
117,6,herb_targets_body_part,High,Strong,Hepatoprotective action
117,7,herb_targets_body_part,Medium,Weak,Respiratory support
117,8,herb_targets_body_part,Medium,Moderate,Respiratory support
117,9,herb_targets_body_part,Low,Moderate,Diuretic action
117,10,herb_targets_body_part,Medium,Moderate,Diuretic action
117,11,herb_targets_body_part,High,Moderate,Immunomodulatory action
117,12,herb_targets_body_part,Low,Moderate,Diuretic action
118,1,herb_targets_body_part,High,Moderate,Anti-inflammatory action
118,2,herb_targets_body_part,High,Moderate,Digestive stimulant
118,3,herb_targets_body_part,Low,Strong,Respiratory support
118,4,herb_targets_body_part,Medium,Strong,Digestive stimulant
118,5,herb_targets_body_part,Low,Weak,Cardiotonic action
118,6,herb_targets_body_part,Medium,Strong,Hepatoprotective action
118,7,herb_targets_body_part,High,Moderate,Hepatoprotective action
118,8,herb_targets_body_part,Medium,Weak,Diuretic action
118,9,herb_targets_body_part,Low,Strong,Immunomodulatory action
118,10,herb_targets_body_part,Low,Moderate,Respiratory support
118,11,herb_targets_body_part,Medium,Weak,Cardiotonic action
118,12,herb_targets_body_part,Medium,Moderate,Digestive stimulant
119,1,herb_targets_body_part,High,Weak,Respiratory support
119,2,herb_targets_body_part,Low,Strong,Cardiotonic action
119,3,herb_targets_body_part,Medium,Weak,Respiratory support
119,4,herb_targets_body_part,Medium,Strong,Anti-inflammatory action
119,5,herb_targets_body_part,Medium,Weak,Neuroprotective action
119,6,herb_targets_body_part,Medium,Weak,Neuroprotective action
119,7,herb_targets_body_part,Low,Moderate,Neuroprotective action
119,8,herb_targets_body_part,Medium,Moderate,Immunomodulatory action
119,9,herb_targets_body_part,High,Moderate,Anti-inflammatory action
119,10,herb_targets_body_part,Medium,Strong,Digestive stimulant
119,11,herb_targets_body_part,Medium,Weak,Hepatoprotective action
119,12,herb_targets_body_part,High,Moderate,Immunomodulatory action
120,1,herb_targets_body_part,High,Moderate,Respiratory support
120,2,herb_targets_body_part,Low,Strong,Anti-inflammatory action
120,3,herb_targets_body_part,Medium,Strong,Respiratory support
120,4,herb_targets_body_part,Medium,Weak,Neuroprotective action
120,5,herb_targets_body_part,High,Weak,Immunomodulatory action
120,6,herb_targets_body_part,High,Weak,Digestive stimulant
120,7,herb_targets_body_part,Medium,Weak,Hepatoprotective action
120,8,herb_targets_body_part,Medium,Strong,Anti-inflammatory action
120,9,herb_targets_body_part,Medium,Moderate,Digestive stimulant
120,10,herb_targets_body_part,Low,Weak,Cardiotonic action
120,11,herb_targets_body_part,Medium,Moderate,Hepatoprotective action
120,12,herb_targets_body_part,Medium,Moderate,Immunomodulatory action
121,1,herb_targets_body_part,High,Weak,Cardiotonic action
121,2,herb_targets_body_part,Low,Moderate,Neuroprotective action
121,3,herb_targets_body_part,Low,Strong,Immunomodulatory action
121,4,herb_targets_body_part,High,Moderate,Digestive stimulant
121,5,herb_targets_body_part,Medium,Moderate,Hepatoprotective action
121,6,herb_targets_body_part,Medium,Weak,Diuretic action
121,7,herb_targets_body_part,Low,Strong,Cardiotonic action
121,8,herb_targets_body_part,Medium,Strong,Neuroprotective action
121,9,herb_targets_body_part,Low,Moderate,Respiratory support
121,10,herb_targets_body_part,Low,Weak,Respiratory support
121,11,herb_targets_body_part,Medium,Moderate,Cardiotonic action
121,12,herb_targets_body_part,Medium,Moderate,Cardiotonic action
122,1,herb_targets_body_part,Medium,Strong,Anti-inflammatory action
122,2,herb_targets_body_part,Medium,Strong,Neuroprotective action
122,3,herb_targets_body_part,Low,Moderate,Digestive stimulant
122,4,herb_targets_body_part,Low,Weak,Respiratory support
122,5,herb_targets_body_part,High,Weak,Immunomodulatory action
122,6,herb_targets_body_part,High,Moderate,Neuroprotective action
122,7,herb_targets_body_part,Medium,Weak,Anti-inflammatory action
122,8,herb_targets_body_part,Medium,Weak,Diuretic action
122,9,herb_targets_body_part,High,Strong,Anti-inflammatory action
122,10,herb_targets_body_part,Medium,Weak,Hepatoprotective action
122,11,herb_targets_body_part,Medium,Weak,Hepatoprotective action
122,12,herb_targets_body_part,Medium,Weak,Diuretic action
123,1,herb_targets_body_part,Low,Moderate,Anti-inflammatory action
123,2,herb_targets_body_part,High,Weak,Anti-inflammatory action
123,3,herb_targets_body_part,Low,Strong,Neuroprotective action
123,4,herb_targets_body_part,Low,Weak,Diuretic action
123,5,herb_targets_body_part,High,Strong,Neuroprotective action
123,6,herb_targets_body_part,Medium,Weak,Immunomodulatory action
123,7,herb_targets_body_part,Low,Strong,Diuretic action
123,8,herb_targets_body_part,Low,Weak,Digestive stimulant
123,9,herb_targets_body_part,High,Strong,Anti-inflammatory action
123,10,herb_targets_body_part,High,Weak,Hepatoprotective action
123,11,herb_targets_body_part,Low,Strong,Digestive stimulant
123,12,herb_targets_body_part,High,Strong,Diuretic action
124,1,herb_targets_body_part,High,Weak,Diuretic action
124,2,herb_targets_body_part,Medium,Strong,Hepatoprotective action
124,3,herb_targets_body_part,Medium,Moderate,Diuretic action
124,4,herb_targets_body_part,High,Strong,Immunomodulatory action
124,5,herb_targets_body_part,Low,Weak,Diuretic action
124,6,herb_targets_body_part,Low,Weak,Hepatoprotective action
124,7,herb_targets_body_part,Medium,Strong,Anti-inflammatory action
124,8,herb_targets_body_part,High,Strong,Digestive stimulant
124,9,herb_targets_body_part,High,Weak,Digestive stimulant
124,10,herb_targets_body_part,Medium,Moderate,Immunomodulatory action
124,11,herb_targets_body_part,Medium,Weak,Hepatoprotective action
124,12,herb_targets_body_part,Low,Moderate,Respiratory support
125,1,herb_targets_body_part,Low,Moderate,Cardiotonic action
125,2,herb_targets_body_part,Medium,Weak,Hepatoprotective action
125,3,herb_targets_body_part,Medium,Moderate,Cardiotonic action
125,4,herb_targets_body_part,High,Strong,Immunomodulatory action
125,5,herb_targets_body_part,Medium,Strong,Cardiotonic action
125,6,herb_targets_body_part,High,Weak,Immunomodulatory action
