source_node_id,target_node_id,relationship_type,intensity
1,5,herb_has_rasa,High
2,4,herb_has_rasa,Low
3,3,herb_has_rasa,High
4,5,herb_has_rasa,Medium
5,5,herb_has_rasa,Low
6,4,herb_has_rasa,High
7,2,herb_has_rasa,Low
8,1,herb_has_rasa,Medium
9,4,herb_has_rasa,Medium
10,4,herb_has_rasa,High
11,6,herb_has_rasa,Low
12,6,herb_has_rasa,Low
13,6,herb_has_rasa,Medium
14,1,herb_has_rasa,Medium
15,4,herb_has_rasa,Low
16,1,herb_has_rasa,Low
17,1,herb_has_rasa,Low
18,5,herb_has_rasa,Low
19,5,herb_has_rasa,Medium
20,5,herb_has_rasa,Low
21,5,herb_has_rasa,Medium
22,5,herb_has_rasa,Low
23,2,herb_has_rasa,High
24,4,herb_has_rasa,Low
25,5,herb_has_rasa,High
26,5,herb_has_rasa,High
27,4,herb_has_rasa,Low
28,5,herb_has_rasa,Low
29,4,herb_has_rasa,Low
30,1,herb_has_rasa,Low
31,4,herb_has_rasa,High
32,1,herb_has_rasa,Low
33,5,herb_has_rasa,High
34,1,herb_has_rasa,Medium
35,5,herb_has_rasa,Medium
36,5,herb_has_rasa,Medium
37,4,herb_has_rasa,High
38,5,herb_has_rasa,Low
39,4,herb_has_rasa,High
40,5,herb_has_rasa,Low
41,5,herb_has_rasa,High
42,1,herb_has_rasa,Low
43,5,herb_has_rasa,Low
44,1,herb_has_rasa,Low
45,1,herb_has_rasa,Low
46,5,herb_has_rasa,High
47,5,herb_has_rasa,Low
48,6,herb_has_rasa,Low
49,1,herb_has_rasa,Low
50,6,herb_has_rasa,High
51,5,herb_has_rasa,Medium
52,5,herb_has_rasa,Low
53,5,herb_has_rasa,High
54,5,herb_has_rasa,Medium
55,1,herb_has_rasa,Medium
56,1,herb_has_rasa,Medium
57,1,herb_has_rasa,High
58,5,herb_has_rasa,Low
59,5,herb_has_rasa,High
60,5,herb_has_rasa,Medium
61,2,herb_has_rasa,High
62,6,herb_has_rasa,Medium
63,6,herb_has_rasa,High
64,5,herb_has_rasa,Medium
65,5,herb_has_rasa,Medium
66,5,herb_has_rasa,High
67,4,herb_has_rasa,Low
68,4,herb_has_rasa,High
69,4,herb_has_rasa,High
70,5,herb_has_rasa,Medium
71,5,herb_has_rasa,High
72,1,herb_has_rasa,High
73,5,herb_has_rasa,Low
74,5,herb_has_rasa,Medium
75,5,herb_has_rasa,High
76,5,herb_has_rasa,Low
77,5,herb_has_rasa,Medium
78,5,herb_has_rasa,Low
79,5,herb_has_rasa,High
80,5,herb_has_rasa,High
81,5,herb_has_rasa,High
82,5,herb_has_rasa,Medium
83,3,herb_has_rasa,Low
84,4,herb_has_rasa,Medium
85,5,herb_has_rasa,Medium
86,5,herb_has_rasa,Medium
87,5,herb_has_rasa,Medium
88,5,herb_has_rasa,Low
89,5,herb_has_rasa,High
90,5,herb_has_rasa,Low
91,1,herb_has_rasa,High
92,5,herb_has_rasa,Medium
93,5,herb_has_rasa,High
94,5,herb_has_rasa,Medium
95,5,herb_has_rasa,High
96,4,herb_has_rasa,High
97,4,herb_has_rasa,Low
98,4,herb_has_rasa,Low
99,4,herb_has_rasa,Medium
100,5,herb_has_rasa,High
101,4,herb_has_rasa,High
102,5,herb_has_rasa,High
103,5,herb_has_rasa,High
104,5,herb_has_rasa,High
105,5,herb_has_rasa,High
106,5,herb_has_rasa,High
107,1,herb_has_rasa,Low
108,5,herb_has_rasa,High
109,5,herb_has_rasa,Medium
110,1,herb_has_rasa,Medium
111,5,herb_has_rasa,High
112,6,herb_has_rasa,Low
113,5,herb_has_rasa,Medium
114,5,herb_has_rasa,High
115,5,herb_has_rasa,Low
116,5,herb_has_rasa,High
117,5,herb_has_rasa,High
118,1,herb_has_rasa,Medium
119,1,herb_has_rasa,High
120,1,herb_has_rasa,Low
121,5,herb_has_rasa,Low
122,5,herb_has_rasa,Low
123,5,herb_has_rasa,Low
124,5,herb_has_rasa,Low
125,5,herb_has_rasa,Low
126,1,herb_has_rasa,High
127,1,herb_has_rasa,Medium
128,1,herb_has_rasa,High
129,1,herb_has_rasa,Low
130,5,herb_has_rasa,Medium
131,5,herb_has_rasa,High
132,5,herb_has_rasa,Low
133,4,herb_has_rasa,Low
134,5,herb_has_rasa,High
135,4,herb_has_rasa,Medium
136,1,herb_has_rasa,Low
137,1,herb_has_rasa,Low
138,5,herb_has_rasa,Low
139,6,herb_has_rasa,High
140,6,herb_has_rasa,Low
141,2,herb_has_rasa,High
142,1,herb_has_rasa,Medium
143,4,herb_has_rasa,Medium
144,4,herb_has_rasa,High
145,4,herb_has_rasa,Low
146,1,herb_has_rasa,High
147,1,herb_has_rasa,High
148,1,herb_has_rasa,Medium
149,5,herb_has_rasa,High
150,5,herb_has_rasa,Medium
151,1,herb_has_rasa,Low
152,6,herb_has_rasa,Medium
153,6,herb_has_rasa,Low
154,2,herb_has_rasa,High
155,1,herb_has_rasa,Medium
156,4,herb_has_rasa,Low
157,4,herb_has_rasa,Low
158,4,herb_has_rasa,High
159,4,herb_has_rasa,Low
160,4,herb_has_rasa,Low
161,5,herb_has_rasa,High
162,5,herb_has_rasa,Medium
163,1,herb_has_rasa,Medium
164,5,herb_has_rasa,High
165,5,herb_has_rasa,High
166,5,herb_has_rasa,High
167,5,herb_has_rasa,High
168,5,herb_has_rasa,High
169,5,herb_has_rasa,Low
170,5,herb_has_rasa,Low
171,5,herb_has_rasa,Medium
172,5,herb_has_rasa,High
173,1,herb_has_rasa,High
174,5,herb_has_rasa,High
175,5,herb_has_rasa,Medium
176,5,herb_has_rasa,Medium
177,5,herb_has_rasa,High
178,5,herb_has_rasa,Medium
179,5,herb_has_rasa,Medium
180,5,herb_has_rasa,Medium
181,5,herb_has_rasa,Low
182,5,herb_has_rasa,Low
183,4,herb_has_rasa,Medium
184,5,herb_has_rasa,High
185,5,herb_has_rasa,High
186,4,herb_has_rasa,Medium
187,5,herb_has_rasa,High
188,4,herb_has_rasa,Medium
189,5,herb_has_rasa,High
190,1,herb_has_rasa,High
191,5,herb_has_rasa,Medium
192,5,herb_has_rasa,Medium
193,5,herb_has_rasa,Medium
194,1,herb_has_rasa,Low
195,5,herb_has_rasa,High
196,4,herb_has_rasa,Low
197,4,herb_has_rasa,High
198,4,herb_has_rasa,Low
199,4,herb_has_rasa,Medium
200,5,herb_has_rasa,Low
201,5,herb_has_rasa,Medium
202,5,herb_has_rasa,Low
203,5,herb_has_rasa,High
204,1,herb_has_rasa,Low
207,2,herb_has_rasa,Medium
208,2,herb_has_rasa,High
209,3,herb_has_rasa,Low
210,5,herb_has_rasa,High
211,2,herb_has_rasa,High
212,5,herb_has_rasa,High
213,1,herb_has_rasa,Low
214,6,herb_has_rasa,Low
215,1,herb_has_rasa,Low
216,4,herb_has_rasa,Medium
217,4,herb_has_rasa,Medium
218,5,herb_has_rasa,High
219,2,herb_has_rasa,Low
220,5,herb_has_rasa,Low
221,4,herb_has_rasa,High
222,4,herb_has_rasa,Low
223,3,herb_has_rasa,High
224,3,herb_has_rasa,High
225,5,herb_has_rasa,High
226,5,herb_has_rasa,Medium
227,3,herb_has_rasa,Medium
228,3,herb_has_rasa,Low
229,5,herb_has_rasa,High
230,6,herb_has_rasa,Medium
231,3,herb_has_rasa,High
232,5,herb_has_rasa,Medium
233,6,herb_has_rasa,Low
234,3,herb_has_rasa,High
235,5,herb_has_rasa,Low
236,2,herb_has_rasa,High
237,6,herb_has_rasa,Medium
238,5,herb_has_rasa,High
239,4,herb_has_rasa,High
240,4,herb_has_rasa,Medium
241,4,herb_has_rasa,High
242,5,herb_has_rasa,Medium
243,2,herb_has_rasa,High
244,6,herb_has_rasa,Medium
245,3,herb_has_rasa,High
246,4,herb_has_rasa,Medium
247,4,herb_has_rasa,Low
248,3,herb_has_rasa,Medium
249,3,herb_has_rasa,Medium
250,5,herb_has_rasa,High
251,2,herb_has_rasa,High
252,1,herb_has_rasa,High
253,3,herb_has_rasa,Low
254,3,herb_has_rasa,Medium
255,6,herb_has_rasa,Low
256,6,herb_has_rasa,High
257,5,herb_has_rasa,High
258,6,herb_has_rasa,High
259,2,herb_has_rasa,High
260,2,herb_has_rasa,Medium
261,1,herb_has_rasa,High
262,2,herb_has_rasa,Low
263,4,herb_has_rasa,High
264,3,herb_has_rasa,High
265,4,herb_has_rasa,High
266,5,herb_has_rasa,Low
267,6,herb_has_rasa,High
268,2,herb_has_rasa,Medium
269,6,herb_has_rasa,Medium
270,6,herb_has_rasa,Medium
271,4,herb_has_rasa,Medium
272,3,herb_has_rasa,Low
273,3,herb_has_rasa,Low
274,3,herb_has_rasa,Medium
275,1,herb_has_rasa,Low
276,5,herb_has_rasa,Low
277,3,herb_has_rasa,High
278,2,herb_has_rasa,Medium
279,1,herb_has_rasa,Medium
280,1,herb_has_rasa,High
281,3,herb_has_rasa,Medium
282,1,herb_has_rasa,Low
283,3,herb_has_rasa,Medium
284,3,herb_has_rasa,Low
285,5,herb_has_rasa,Medium
286,1,herb_has_rasa,High
287,6,herb_has_rasa,Medium
288,6,herb_has_rasa,High
289,5,herb_has_rasa,Low
290,1,herb_has_rasa,Low
291,4,herb_has_rasa,High
292,1,herb_has_rasa,High
293,3,herb_has_rasa,Medium
294,5,herb_has_rasa,Medium
295,5,herb_has_rasa,Low
296,2,herb_has_rasa,Medium
297,1,herb_has_rasa,Medium
298,4,herb_has_rasa,Medium
299,3,herb_has_rasa,Low
300,6,herb_has_rasa,High
301,6,herb_has_rasa,Medium
302,2,herb_has_rasa,Low
303,3,herb_has_rasa,High
304,3,herb_has_rasa,High
305,2,herb_has_rasa,Medium
306,3,herb_has_rasa,Medium
307,1,herb_has_rasa,High
308,4,herb_has_rasa,Medium
309,6,herb_has_rasa,Low
310,3,herb_has_rasa,Low
311,3,herb_has_rasa,High
312,2,herb_has_rasa,Low
313,6,herb_has_rasa,High
314,6,herb_has_rasa,Medium
315,2,herb_has_rasa,Medium
316,3,herb_has_rasa,High
317,3,herb_has_rasa,Medium
318,6,herb_has_rasa,Low
319,2,herb_has_rasa,Low
320,2,herb_has_rasa,High
321,3,herb_has_rasa,Medium
322,2,herb_has_rasa,High
323,5,herb_has_rasa,Medium
324,6,herb_has_rasa,High
325,2,herb_has_rasa,Medium
326,5,herb_has_rasa,High
327,6,herb_has_rasa,Low
328,1,herb_has_rasa,Low
329,2,herb_has_rasa,Low
330,3,herb_has_rasa,High
331,4,herb_has_rasa,Low
332,3,herb_has_rasa,Medium
333,1,herb_has_rasa,Low
334,2,herb_has_rasa,High
335,2,herb_has_rasa,Medium
336,1,herb_has_rasa,Medium
337,5,herb_has_rasa,Medium
338,5,herb_has_rasa,Low
339,6,herb_has_rasa,Low
340,3,herb_has_rasa,Low
341,5,herb_has_rasa,High
342,5,herb_has_rasa,Low
343,3,herb_has_rasa,Medium
344,3,herb_has_rasa,High
345,1,herb_has_rasa,Medium
346,3,herb_has_rasa,Low
347,1,herb_has_rasa,Low
348,1,herb_has_rasa,High
349,1,herb_has_rasa,Medium
350,6,herb_has_rasa,Medium
351,1,herb_has_rasa,Low
352,2,herb_has_rasa,Low
353,6,herb_has_rasa,Medium
354,5,herb_has_rasa,High
355,2,herb_has_rasa,High
356,4,herb_has_rasa,Low
357,5,herb_has_rasa,Medium
358,3,herb_has_rasa,High
359,6,herb_has_rasa,High
360,6,herb_has_rasa,High
361,6,herb_has_rasa,Low
362,2,herb_has_rasa,Low
363,5,herb_has_rasa,Low
364,2,herb_has_rasa,High
365,1,herb_has_rasa,Low
366,1,herb_has_rasa,Medium
367,3,herb_has_rasa,Medium
368,1,herb_has_rasa,Medium
369,3,herb_has_rasa,Medium
370,3,herb_has_rasa,Low
371,1,herb_has_rasa,Low
372,6,herb_has_rasa,Medium
373,3,herb_has_rasa,Low
374,2,herb_has_rasa,Low
375,6,herb_has_rasa,Low
376,5,herb_has_rasa,Medium
377,6,herb_has_rasa,Low
378,5,herb_has_rasa,Medium
379,5,herb_has_rasa,Medium
380,4,herb_has_rasa,High
381,6,herb_has_rasa,Low
382,1,herb_has_rasa,Low
383,3,herb_has_rasa,Low
384,4,herb_has_rasa,Low
385,1,herb_has_rasa,High
386,2,herb_has_rasa,Low
387,1,herb_has_rasa,Low
388,1,herb_has_rasa,Low
389,4,herb_has_rasa,Low
390,5,herb_has_rasa,Medium
391,4,herb_has_rasa,High
392,3,herb_has_rasa,High
393,6,herb_has_rasa,Low
394,2,herb_has_rasa,Low
395,4,herb_has_rasa,High
396,3,herb_has_rasa,Low
397,2,herb_has_rasa,Low
398,6,herb_has_rasa,High
399,1,herb_has_rasa,High
400,3,herb_has_rasa,Low
401,2,herb_has_rasa,High
402,1,herb_has_rasa,Low
403,2,herb_has_rasa,Low
404,6,herb_has_rasa,Medium
405,6,herb_has_rasa,Low
406,5,herb_has_rasa,High
407,1,herb_has_rasa,Medium
408,4,herb_has_rasa,Low
409,6,herb_has_rasa,Medium
410,6,herb_has_rasa,High
411,4,herb_has_rasa,High
412,1,herb_has_rasa,Medium
413,5,herb_has_rasa,Medium
414,2,herb_has_rasa,Low
415,3,herb_has_rasa,Low
416,5,herb_has_rasa,Medium
417,4,herb_has_rasa,High
418,6,herb_has_rasa,Low
419,2,herb_has_rasa,High
420,4,herb_has_rasa,Low
421,6,herb_has_rasa,Medium
422,3,herb_has_rasa,High
423,3,herb_has_rasa,Low
424,1,herb_has_rasa,Medium
425,1,herb_has_rasa,Medium
426,3,herb_has_rasa,High
427,2,herb_has_rasa,Low
428,3,herb_has_rasa,High
429,5,herb_has_rasa,Medium
430,1,herb_has_rasa,Medium
431,5,herb_has_rasa,Medium
432,1,herb_has_rasa,Low
433,1,herb_has_rasa,High
434,4,herb_has_rasa,Low
435,4,herb_has_rasa,High
436,1,herb_has_rasa,Low
437,6,herb_has_rasa,Low
438,4,herb_has_rasa,High
439,3,herb_has_rasa,Low
440,5,herb_has_rasa,Low
441,3,herb_has_rasa,Medium
442,5,herb_has_rasa,Medium
443,3,herb_has_rasa,High
444,5,herb_has_rasa,Low
445,4,herb_has_rasa,High
446,3,herb_has_rasa,High
447,1,herb_has_rasa,High
448,1,herb_has_rasa,Low
449,5,herb_has_rasa,Medium
450,4,herb_has_rasa,High
451,2,herb_has_rasa,Medium
452,1,herb_has_rasa,Medium
453,4,herb_has_rasa,High
454,4,herb_has_rasa,High
455,6,herb_has_rasa,Low
456,2,herb_has_rasa,Medium
457,4,herb_has_rasa,Medium
458,4,herb_has_rasa,Medium
459,6,herb_has_rasa,Low
460,5,herb_has_rasa,Low
461,3,herb_has_rasa,Medium
462,6,herb_has_rasa,Low
463,6,herb_has_rasa,Low
464,2,herb_has_rasa,High
465,3,herb_has_rasa,High
466,3,herb_has_rasa,High
467,2,herb_has_rasa,Medium
468,4,herb_has_rasa,Low
469,6,herb_has_rasa,High
470,5,herb_has_rasa,Low
471,5,herb_has_rasa,High
472,1,herb_has_rasa,Low
473,6,herb_has_rasa,Medium
474,6,herb_has_rasa,Low
475,2,herb_has_rasa,High
476,4,herb_has_rasa,Medium
477,5,herb_has_rasa,High
478,3,herb_has_rasa,High
479,1,herb_has_rasa,High
480,5,herb_has_rasa,Medium
481,1,herb_has_rasa,Medium
482,4,herb_has_rasa,Low
483,1,herb_has_rasa,Low
484,2,herb_has_rasa,Medium
485,3,herb_has_rasa,High
486,1,herb_has_rasa,Low
487,3,herb_has_rasa,High
488,2,herb_has_rasa,High
489,4,herb_has_rasa,Low
490,3,herb_has_rasa,High
491,2,herb_has_rasa,Low
492,3,herb_has_rasa,Medium
493,4,herb_has_rasa,High
494,1,herb_has_rasa,Low
495,1,herb_has_rasa,High
496,6,herb_has_rasa,High
497,3,herb_has_rasa,High
498,6,herb_has_rasa,Medium
499,3,herb_has_rasa,High
500,1,herb_has_rasa,High
501,1,herb_has_rasa,High
502,1,herb_has_rasa,Medium
503,1,herb_has_rasa,High
504,6,herb_has_rasa,Medium
505,2,herb_has_rasa,Low
506,2,herb_has_rasa,High
507,6,herb_has_rasa,High
508,1,herb_has_rasa,Low
509,2,herb_has_rasa,Low
510,2,herb_has_rasa,Medium
511,1,herb_has_rasa,High
512,3,herb_has_rasa,Low
513,2,herb_has_rasa,High
514,4,herb_has_rasa,Low
515,3,herb_has_rasa,High
516,6,herb_has_rasa,High
517,6,herb_has_rasa,Medium
518,5,herb_has_rasa,High
519,1,herb_has_rasa,Low
520,3,herb_has_rasa,Low
521,3,herb_has_rasa,High
522,1,herb_has_rasa,Low
523,5,herb_has_rasa,Medium
524,5,herb_has_rasa,Low
525,5,herb_has_rasa,High
526,5,herb_has_rasa,High
527,6,herb_has_rasa,Medium
528,1,herb_has_rasa,Low
529,2,herb_has_rasa,Medium
530,6,herb_has_rasa,Medium
531,1,herb_has_rasa,Low
532,1,herb_has_rasa,Medium
533,2,herb_has_rasa,Low
534,1,herb_has_rasa,Low
535,1,herb_has_rasa,Low
536,1,herb_has_rasa,High
537,4,herb_has_rasa,High
538,1,herb_has_rasa,High
539,1,herb_has_rasa,Low
540,2,herb_has_rasa,Medium
541,2,herb_has_rasa,Low
542,2,herb_has_rasa,High
543,6,herb_has_rasa,Low
544,1,herb_has_rasa,High
545,4,herb_has_rasa,Medium
546,1,herb_has_rasa,Low
547,5,herb_has_rasa,Low
548,6,herb_has_rasa,Low
549,6,herb_has_rasa,Medium
550,1,herb_has_rasa,Medium
551,6,herb_has_rasa,High
552,6,herb_has_rasa,Medium
553,1,herb_has_rasa,Medium
554,1,herb_has_rasa,High
555,6,herb_has_rasa,Low
556,1,herb_has_rasa,Medium
557,1,herb_has_rasa,Medium
558,1,herb_has_rasa,Low
559,4,herb_has_rasa,Medium
560,3,herb_has_rasa,Medium
561,6,herb_has_rasa,Low
562,1,herb_has_rasa,High
563,5,herb_has_rasa,High
564,3,herb_has_rasa,High
565,4,herb_has_rasa,High
566,6,herb_has_rasa,Low
567,2,herb_has_rasa,Medium
568,3,herb_has_rasa,Medium
569,5,herb_has_rasa,Low
570,4,herb_has_rasa,Medium
571,1,herb_has_rasa,Medium
572,2,herb_has_rasa,Medium
573,4,herb_has_rasa,High
574,1,herb_has_rasa,High
575,6,herb_has_rasa,Low
576,4,herb_has_rasa,Low
577,1,herb_has_rasa,Medium
578,2,herb_has_rasa,Low
579,4,herb_has_rasa,High
580,3,herb_has_rasa,Low
581,4,herb_has_rasa,High
582,4,herb_has_rasa,Low
583,1,herb_has_rasa,Medium
584,1,herb_has_rasa,Low
585,4,herb_has_rasa,Medium
586,2,herb_has_rasa,Medium
587,2,herb_has_rasa,Low
588,5,herb_has_rasa,High
589,3,herb_has_rasa,Low
590,2,herb_has_rasa,Medium
591,5,herb_has_rasa,Medium
592,6,herb_has_rasa,Low
593,2,herb_has_rasa,Low
594,1,herb_has_rasa,Medium
595,4,herb_has_rasa,Low
596,4,herb_has_rasa,Medium
597,5,herb_has_rasa,Medium
598,4,herb_has_rasa,High
599,1,herb_has_rasa,Medium
600,2,herb_has_rasa,Medium
601,1,herb_has_rasa,Medium
602,3,herb_has_rasa,Low
603,2,herb_has_rasa,High
604,6,herb_has_rasa,Medium
605,5,herb_has_rasa,High
606,1,herb_has_rasa,High
607,4,herb_has_rasa,Low
608,6,herb_has_rasa,Medium
609,3,herb_has_rasa,Medium
610,6,herb_has_rasa,Medium
611,3,herb_has_rasa,Low
612,6,herb_has_rasa,Low
613,2,herb_has_rasa,Medium
614,4,herb_has_rasa,High
615,5,herb_has_rasa,Medium
616,2,herb_has_rasa,High
617,3,herb_has_rasa,High
618,4,herb_has_rasa,High
619,5,herb_has_rasa,Low
620,3,herb_has_rasa,High
621,4,herb_has_rasa,Medium
622,3,herb_has_rasa,Medium
623,3,herb_has_rasa,High
624,4,herb_has_rasa,High
625,6,herb_has_rasa,Medium
626,6,herb_has_rasa,Low
627,4,herb_has_rasa,Medium
628,4,herb_has_rasa,Medium
629,1,herb_has_rasa,Low
630,6,herb_has_rasa,Medium
631,1,herb_has_rasa,High
632,6,herb_has_rasa,Low
633,3,herb_has_rasa,High
634,4,herb_has_rasa,Medium
635,5,herb_has_rasa,Low
636,3,herb_has_rasa,Medium
637,3,herb_has_rasa,High
638,1,herb_has_rasa,Low
639,2,herb_has_rasa,High
640,1,herb_has_rasa,Low
641,6,herb_has_rasa,Medium
642,3,herb_has_rasa,High
643,3,herb_has_rasa,Medium
644,6,herb_has_rasa,High
645,5,herb_has_rasa,Medium
646,3,herb_has_rasa,High
647,6,herb_has_rasa,Medium
648,6,herb_has_rasa,High
649,2,herb_has_rasa,High
650,4,herb_has_rasa,Medium
651,2,herb_has_rasa,Medium
652,6,herb_has_rasa,High
653,5,herb_has_rasa,Low
654,4,herb_has_rasa,Low
655,1,herb_has_rasa,High
656,6,herb_has_rasa,Medium
657,4,herb_has_rasa,Low
658,4,herb_has_rasa,High
659,4,herb_has_rasa,Low
660,1,herb_has_rasa,Low
661,2,herb_has_rasa,Medium
662,1,herb_has_rasa,High
663,2,herb_has_rasa,High
664,5,herb_has_rasa,High
665,2,herb_has_rasa,Low
666,5,herb_has_rasa,Low
667,2,herb_has_rasa,Low
668,5,herb_has_rasa,Low
669,1,herb_has_rasa,High
670,2,herb_has_rasa,Medium
671,4,herb_has_rasa,Medium
672,6,herb_has_rasa,Medium
673,1,herb_has_rasa,Medium
674,2,herb_has_rasa,Low
675,4,herb_has_rasa,Medium
676,5,herb_has_rasa,Medium
677,3,herb_has_rasa,High
678,1,herb_has_rasa,High
679,3,herb_has_rasa,Low
680,5,herb_has_rasa,Medium
681,6,herb_has_rasa,Low
682,4,herb_has_rasa,Low
683,6,herb_has_rasa,Medium
684,3,herb_has_rasa,Medium
685,2,herb_has_rasa,Low
686,4,herb_has_rasa,Medium
687,3,herb_has_rasa,High
688,4,herb_has_rasa,Medium
689,5,herb_has_rasa,Low
690,2,herb_has_rasa,Medium
691,2,herb_has_rasa,High
692,4,herb_has_rasa,High
693,6,herb_has_rasa,Low
694,4,herb_has_rasa,Medium
695,5,herb_has_rasa,High
696,5,herb_has_rasa,Medium
697,3,herb_has_rasa,Medium
698,4,herb_has_rasa,Medium
699,1,herb_has_rasa,High
700,5,herb_has_rasa,High
701,4,herb_has_rasa,Low
702,6,herb_has_rasa,High
703,2,herb_has_rasa,High
704,3,herb_has_rasa,Low
705,3,herb_has_rasa,Medium
706,1,herb_has_rasa,Medium
707,5,herb_has_rasa,Medium
708,4,herb_has_rasa,Low
709,1,herb_has_rasa,Medium
710,3,herb_has_rasa,Medium
711,4,herb_has_rasa,High
712,4,herb_has_rasa,High
713,2,herb_has_rasa,High
714,4,herb_has_rasa,Low
715,2,herb_has_rasa,Medium
716,3,herb_has_rasa,High
717,6,herb_has_rasa,Low
718,4,herb_has_rasa,Low
719,3,herb_has_rasa,High
720,4,herb_has_rasa,Medium
721,4,herb_has_rasa,Low
722,2,herb_has_rasa,High
723,6,herb_has_rasa,Medium
724,6,herb_has_rasa,Medium
725,1,herb_has_rasa,Low
726,4,herb_has_rasa,Low
727,6,herb_has_rasa,Low
728,2,herb_has_rasa,High
729,4,herb_has_rasa,High
730,3,herb_has_rasa,Low
731,5,herb_has_rasa,Low
732,1,herb_has_rasa,Medium
733,5,herb_has_rasa,Medium
734,6,herb_has_rasa,Low
735,5,herb_has_rasa,Low
736,2,herb_has_rasa,High
737,4,herb_has_rasa,Medium
738,5,herb_has_rasa,High
739,2,herb_has_rasa,High
740,4,herb_has_rasa,Low
741,1,herb_has_rasa,High
742,3,herb_has_rasa,Medium
743,1,herb_has_rasa,Medium
744,1,herb_has_rasa,Medium
745,2,herb_has_rasa,Medium
746,4,herb_has_rasa,High
747,1,herb_has_rasa,Medium
748,3,herb_has_rasa,High
749,4,herb_has_rasa,Low
750,3,herb_has_rasa,High
751,1,herb_has_rasa,Medium
752,1,herb_has_rasa,Medium
753,2,herb_has_rasa,High
754,2,herb_has_rasa,High
755,3,herb_has_rasa,High
756,5,herb_has_rasa,Medium
757,6,herb_has_rasa,High
758,4,herb_has_rasa,Medium
759,4,herb_has_rasa,Low
760,1,herb_has_rasa,Medium
761,4,herb_has_rasa,Low
762,5,herb_has_rasa,Medium
763,6,herb_has_rasa,Medium
764,3,herb_has_rasa,Low
765,2,herb_has_rasa,Medium
766,5,herb_has_rasa,High
767,2,herb_has_rasa,High
768,5,herb_has_rasa,Medium
769,4,herb_has_rasa,Medium
770,5,herb_has_rasa,High
771,2,herb_has_rasa,Low
772,4,herb_has_rasa,Medium
773,1,herb_has_rasa,Low
774,2,herb_has_rasa,Medium
775,6,herb_has_rasa,Medium
776,5,herb_has_rasa,Low
777,5,herb_has_rasa,Low
778,4,herb_has_rasa,Medium
779,4,herb_has_rasa,High
780,5,herb_has_rasa,Low
781,3,herb_has_rasa,Low
782,2,herb_has_rasa,High
783,4,herb_has_rasa,Medium
784,2,herb_has_rasa,High
785,2,herb_has_rasa,Low
786,5,herb_has_rasa,High
787,1,herb_has_rasa,Low
788,2,herb_has_rasa,High
789,5,herb_has_rasa,Low
790,6,herb_has_rasa,High
791,2,herb_has_rasa,Low
792,4,herb_has_rasa,Low
793,3,herb_has_rasa,Low
794,1,herb_has_rasa,High
795,5,herb_has_rasa,Medium
796,3,herb_has_rasa,Low
797,6,herb_has_rasa,Low
798,5,herb_has_rasa,Low
799,2,herb_has_rasa,High
800,1,herb_has_rasa,Low
801,5,herb_has_rasa,Low
802,6,herb_has_rasa,High
803,6,herb_has_rasa,Low
804,1,herb_has_rasa,Medium
805,6,herb_has_rasa,Medium
806,4,herb_has_rasa,Low
807,5,herb_has_rasa,Medium
808,6,herb_has_rasa,Low
809,3,herb_has_rasa,Low
810,4,herb_has_rasa,Medium
811,6,herb_has_rasa,Low
812,6,herb_has_rasa,High
813,1,herb_has_rasa,Medium
814,5,herb_has_rasa,Medium
815,2,herb_has_rasa,Medium
816,1,herb_has_rasa,Low
817,6,herb_has_rasa,Low
818,6,herb_has_rasa,Medium
819,5,herb_has_rasa,Medium
820,1,herb_has_rasa,Low
821,6,herb_has_rasa,Low
822,3,herb_has_rasa,Low
823,1,herb_has_rasa,Medium
824,6,herb_has_rasa,High
825,4,herb_has_rasa,Low
826,4,herb_has_rasa,Medium
827,6,herb_has_rasa,Low
828,1,herb_has_rasa,High
829,6,herb_has_rasa,High
830,6,herb_has_rasa,Medium
831,1,herb_has_rasa,Medium
832,6,herb_has_rasa,High
833,2,herb_has_rasa,Medium
834,1,herb_has_rasa,High
835,4,herb_has_rasa,Medium
836,2,herb_has_rasa,Medium
837,3,herb_has_rasa,Low
838,1,herb_has_rasa,Medium
839,5,herb_has_rasa,Low
840,6,herb_has_rasa,High
841,4,herb_has_rasa,Medium
842,4,herb_has_rasa,Medium
843,5,herb_has_rasa,Medium
844,2,herb_has_rasa,Low
845,5,herb_has_rasa,High
846,4,herb_has_rasa,Low
847,6,herb_has_rasa,Low
848,1,herb_has_rasa,Low
849,5,herb_has_rasa,High
850,2,herb_has_rasa,High
851,2,herb_has_rasa,Medium
852,5,herb_has_rasa,Medium
853,6,herb_has_rasa,High
854,5,herb_has_rasa,High
855,6,herb_has_rasa,Medium
856,6,herb_has_rasa,Low
857,5,herb_has_rasa,High
858,3,herb_has_rasa,High
859,6,herb_has_rasa,Medium
860,4,herb_has_rasa,Low
861,4,herb_has_rasa,High
862,6,herb_has_rasa,High
863,3,herb_has_rasa,Medium
864,5,herb_has_rasa,Low
865,2,herb_has_rasa,High
866,3,herb_has_rasa,Medium
867,2,herb_has_rasa,High
868,3,herb_has_rasa,Low
869,3,herb_has_rasa,Medium
870,5,herb_has_rasa,High
871,2,herb_has_rasa,High
872,6,herb_has_rasa,High
873,2,herb_has_rasa,Low
874,5,herb_has_rasa,Low
875,3,herb_has_rasa,Low
876,5,herb_has_rasa,Medium
877,6,herb_has_rasa,Low
878,6,herb_has_rasa,Medium
879,3,herb_has_rasa,High
880,1,herb_has_rasa,Medium
881,2,herb_has_rasa,Medium
882,5,herb_has_rasa,Medium
883,1,herb_has_rasa,Low
884,1,herb_has_rasa,Low
885,4,herb_has_rasa,High
886,3,herb_has_rasa,Low
887,6,herb_has_rasa,Low
888,2,herb_has_rasa,Medium
889,3,herb_has_rasa,Medium
890,1,herb_has_rasa,Low
891,6,herb_has_rasa,High
892,3,herb_has_rasa,Medium
893,6,herb_has_rasa,Medium
894,5,herb_has_rasa,Medium
895,3,herb_has_rasa,High
896,6,herb_has_rasa,Low
897,2,herb_has_rasa,Low
898,5,herb_has_rasa,Low
899,1,herb_has_rasa,Low
900,4,herb_has_rasa,Medium
901,4,herb_has_rasa,High
902,5,herb_has_rasa,High
903,2,herb_has_rasa,Low
904,3,herb_has_rasa,Low
905,4,herb_has_rasa,Low
906,1,herb_has_rasa,Medium
907,3,herb_has_rasa,Medium
908,5,herb_has_rasa,High
909,4,herb_has_rasa,High
910,1,herb_has_rasa,Medium
911,4,herb_has_rasa,High
912,4,herb_has_rasa,Low
913,1,herb_has_rasa,Low
914,4,herb_has_rasa,Medium
915,5,herb_has_rasa,High
916,3,herb_has_rasa,Low
917,2,herb_has_rasa,Medium
918,2,herb_has_rasa,Low
919,3,herb_has_rasa,Medium
920,6,herb_has_rasa,Low
921,4,herb_has_rasa,High
922,1,herb_has_rasa,High
923,5,herb_has_rasa,Low
924,3,herb_has_rasa,Low
925,3,herb_has_rasa,Low
926,1,herb_has_rasa,Medium
927,6,herb_has_rasa,High
928,4,herb_has_rasa,Medium
929,1,herb_has_rasa,Medium
930,6,herb_has_rasa,High
931,4,herb_has_rasa,High
932,6,herb_has_rasa,Low
933,3,herb_has_rasa,Medium
934,6,herb_has_rasa,Low
935,4,herb_has_rasa,Low
936,2,herb_has_rasa,Low
937,5,herb_has_rasa,Low
938,3,herb_has_rasa,Medium
939,3,herb_has_rasa,Low
940,6,herb_has_rasa,Medium
941,4,herb_has_rasa,Low
942,2,herb_has_rasa,Medium
943,6,herb_has_rasa,High
944,1,herb_has_rasa,Low
945,4,herb_has_rasa,Medium
946,5,herb_has_rasa,Low
947,2,herb_has_rasa,Medium
948,5,herb_has_rasa,Low
949,5,herb_has_rasa,Medium
950,6,herb_has_rasa,High
951,2,herb_has_rasa,High
952,1,herb_has_rasa,High
953,6,herb_has_rasa,High
954,5,herb_has_rasa,Low
955,2,herb_has_rasa,Low
956,2,herb_has_rasa,Low
957,5,herb_has_rasa,Medium
958,6,herb_has_rasa,Low
959,4,herb_has_rasa,Medium
960,1,herb_has_rasa,High
961,5,herb_has_rasa,High
962,6,herb_has_rasa,Low
963,2,herb_has_rasa,Low
964,6,herb_has_rasa,Low
965,5,herb_has_rasa,High
966,4,herb_has_rasa,Medium
967,6,herb_has_rasa,Low
968,2,herb_has_rasa,Medium
969,6,herb_has_rasa,High
970,4,herb_has_rasa,Medium
971,4,herb_has_rasa,Low
972,5,herb_has_rasa,High
973,4,herb_has_rasa,High
974,5,herb_has_rasa,High
975,5,herb_has_rasa,Medium
976,3,herb_has_rasa,High
977,4,herb_has_rasa,High
978,1,herb_has_rasa,Medium
979,5,herb_has_rasa,Low
980,2,herb_has_rasa,High
981,2,herb_has_rasa,Low
982,1,herb_has_rasa,Low
983,4,herb_has_rasa,Medium
984,6,herb_has_rasa,Low
985,3,herb_has_rasa,Low
986,6,herb_has_rasa,High
987,1,herb_has_rasa,Medium
988,1,herb_has_rasa,Medium
989,6,herb_has_rasa,Medium
990,5,herb_has_rasa,Medium
991,6,herb_has_rasa,Low
992,4,herb_has_rasa,Medium
993,2,herb_has_rasa,Low
994,2,herb_has_rasa,High
995,6,herb_has_rasa,Medium
996,3,herb_has_rasa,High
997,2,herb_has_rasa,High
998,1,herb_has_rasa,High
999,3,herb_has_rasa,Medium
1000,1,herb_has_rasa,Medium
1001,6,herb_has_rasa,Low
1002,6,herb_has_rasa,Medium
1003,1,herb_has_rasa,Low
1004,3,herb_has_rasa,Medium
1005,3,herb_has_rasa,Low
1006,5,herb_has_rasa,Low
1007,5,herb_has_rasa,High
1008,5,herb_has_rasa,Low
1009,5,herb_has_rasa,Low
1010,6,herb_has_rasa,Low
1011,3,herb_has_rasa,High
1012,3,herb_has_rasa,High
1013,3,herb_has_rasa,Medium
1014,6,herb_has_rasa,Low
1015,5,herb_has_rasa,High
1016,4,herb_has_rasa,Low
1017,2,herb_has_rasa,High
1018,6,herb_has_rasa,High
1019,4,herb_has_rasa,High
1020,1,herb_has_rasa,Medium
1021,3,herb_has_rasa,Medium
1022,1,herb_has_rasa,Low
1023,1,herb_has_rasa,Medium
1024,1,herb_has_rasa,Medium
1025,1,herb_has_rasa,Low
1026,2,herb_has_rasa,High
1027,5,herb_has_rasa,High
1028,3,herb_has_rasa,Low
1029,6,herb_has_rasa,High
1030,3,herb_has_rasa,Medium
1031,6,herb_has_rasa,High
1032,6,herb_has_rasa,Medium
1033,6,herb_has_rasa,Low
1034,3,herb_has_rasa,Low
1035,2,herb_has_rasa,Low
1036,5,herb_has_rasa,Low
1037,1,herb_has_rasa,Low
1038,6,herb_has_rasa,Low
1039,6,herb_has_rasa,High
1040,6,herb_has_rasa,High
1041,1,herb_has_rasa,Medium
1042,2,herb_has_rasa,Low
1043,1,herb_has_rasa,Medium
1044,4,herb_has_rasa,High
1045,3,herb_has_rasa,Low
1046,1,herb_has_rasa,Low
1047,6,herb_has_rasa,Low
1048,2,herb_has_rasa,High
1049,1,herb_has_rasa,Low
1050,5,herb_has_rasa,High
1051,3,herb_has_rasa,High
1052,2,herb_has_rasa,High
1053,3,herb_has_rasa,High
1054,4,herb_has_rasa,High
1055,3,herb_has_rasa,Medium
1056,5,herb_has_rasa,Low
1057,2,herb_has_rasa,Low
1058,1,herb_has_rasa,High
1059,4,herb_has_rasa,Medium
1060,2,herb_has_rasa,High
1061,3,herb_has_rasa,Low
1062,6,herb_has_rasa,Low
1063,3,herb_has_rasa,Low
1064,2,herb_has_rasa,High
1065,5,herb_has_rasa,Low
1066,1,herb_has_rasa,Low
1067,5,herb_has_rasa,Medium
1068,1,herb_has_rasa,Medium
1069,5,herb_has_rasa,Low
1070,6,herb_has_rasa,High
1071,6,herb_has_rasa,Low
1072,3,herb_has_rasa,High
1073,5,herb_has_rasa,Low
1074,5,herb_has_rasa,Medium
1075,4,herb_has_rasa,Low
1076,5,herb_has_rasa,Low
1077,4,herb_has_rasa,Medium
1078,3,herb_has_rasa,Medium
1079,6,herb_has_rasa,Low
1080,6,herb_has_rasa,Low
1081,5,herb_has_rasa,Low
1082,2,herb_has_rasa,Medium
1083,3,herb_has_rasa,Medium
1084,5,herb_has_rasa,High
1085,1,herb_has_rasa,Low
1086,1,herb_has_rasa,High
1087,5,herb_has_rasa,Low
1088,5,herb_has_rasa,Medium
1089,5,herb_has_rasa,Medium
1090,3,herb_has_rasa,Low
1091,2,herb_has_rasa,Medium
1092,5,herb_has_rasa,High
1093,2,herb_has_rasa,Medium
1094,6,herb_has_rasa,Low
1095,1,herb_has_rasa,Medium
1096,4,herb_has_rasa,High
1097,1,herb_has_rasa,High
1098,5,herb_has_rasa,Medium
1099,5,herb_has_rasa,Low
1100,5,herb_has_rasa,Low
1101,6,herb_has_rasa,Medium
1102,2,herb_has_rasa,High
1103,5,herb_has_rasa,High
1104,5,herb_has_rasa,Medium
1105,6,herb_has_rasa,Low
1106,3,herb_has_rasa,Low
1107,3,herb_has_rasa,Medium
1108,6,herb_has_rasa,Low
1109,1,herb_has_rasa,Medium
1110,1,herb_has_rasa,Low
1111,4,herb_has_rasa,Medium
1112,6,herb_has_rasa,Low
1113,4,herb_has_rasa,Medium
1114,2,herb_has_rasa,Medium
1115,3,herb_has_rasa,Medium
1116,6,herb_has_rasa,Low
1117,5,herb_has_rasa,Low
1118,2,herb_has_rasa,Medium
1119,5,herb_has_rasa,Low
1120,4,herb_has_rasa,Low
1121,2,herb_has_rasa,Low
1122,5,herb_has_rasa,Low
1123,2,herb_has_rasa,Medium
1124,5,herb_has_rasa,High
1125,1,herb_has_rasa,Medium
1126,2,herb_has_rasa,Low
1127,4,herb_has_rasa,Medium
1128,1,herb_has_rasa,High
1129,1,herb_has_rasa,High
1130,1,herb_has_rasa,Low
1131,2,herb_has_rasa,Medium
1132,3,herb_has_rasa,Low
1133,4,herb_has_rasa,High
1134,5,herb_has_rasa,High
1135,5,herb_has_rasa,Low
1136,1,herb_has_rasa,Medium
1137,2,herb_has_rasa,High
1138,3,herb_has_rasa,High
1139,2,herb_has_rasa,Medium
1140,3,herb_has_rasa,Low
1141,3,herb_has_rasa,Medium
1142,4,herb_has_rasa,Low
1143,2,herb_has_rasa,Low
1144,4,herb_has_rasa,Medium
1145,2,herb_has_rasa,Low
1146,4,herb_has_rasa,High
1147,1,herb_has_rasa,High
1148,3,herb_has_rasa,Low
1149,2,herb_has_rasa,High
1150,1,herb_has_rasa,High
1151,3,herb_has_rasa,High
1152,6,herb_has_rasa,High
1153,2,herb_has_rasa,Low
1154,3,herb_has_rasa,Low
1155,1,herb_has_rasa,Low
1156,6,herb_has_rasa,Medium
1157,2,herb_has_rasa,Low
1158,4,herb_has_rasa,Medium
1159,3,herb_has_rasa,High
1160,1,herb_has_rasa,Low
1161,4,herb_has_rasa,Low
1162,3,herb_has_rasa,Medium
1163,4,herb_has_rasa,Low
1164,4,herb_has_rasa,Low
1165,2,herb_has_rasa,Low
1166,3,herb_has_rasa,Medium
1167,6,herb_has_rasa,High
1168,3,herb_has_rasa,Low
1169,2,herb_has_rasa,High
1170,5,herb_has_rasa,High
1171,1,herb_has_rasa,Medium
1172,3,herb_has_rasa,High
1173,4,herb_has_rasa,Low
1174,4,herb_has_rasa,High
1175,3,herb_has_rasa,Low
1176,5,herb_has_rasa,Medium
1177,5,herb_has_rasa,High
1178,5,herb_has_rasa,Medium
1179,2,herb_has_rasa,Medium
1180,5,herb_has_rasa,High
1181,3,herb_has_rasa,Medium
1182,5,herb_has_rasa,Low
1183,3,herb_has_rasa,High
1184,2,herb_has_rasa,Low
1185,2,herb_has_rasa,High
1186,1,herb_has_rasa,High
1187,3,herb_has_rasa,Medium
1188,3,herb_has_rasa,Medium
1189,3,herb_has_rasa,High
1190,1,herb_has_rasa,High
1191,4,herb_has_rasa,High
1192,1,herb_has_rasa,High
1193,2,herb_has_rasa,Low
1194,6,herb_has_rasa,Low
1195,3,herb_has_rasa,Low
1196,1,herb_has_rasa,High
1197,4,herb_has_rasa,Low
1198,6,herb_has_rasa,Medium
1199,4,herb_has_rasa,High
1200,3,herb_has_rasa,Low
1201,3,herb_has_rasa,Low
1202,5,herb_has_rasa,Low
1203,4,herb_has_rasa,Low
1204,5,herb_has_rasa,Medium
1205,5,herb_has_rasa,High
1206,3,herb_has_rasa,Medium
1207,4,herb_has_rasa,Medium
1208,4,herb_has_rasa,Medium
1209,5,herb_has_rasa,Medium
1210,6,herb_has_rasa,High
1211,5,herb_has_rasa,Medium
1212,5,herb_has_rasa,Medium
1213,1,herb_has_rasa,Medium
1214,3,herb_has_rasa,High
1215,2,herb_has_rasa,Medium
1216,3,herb_has_rasa,High
1217,3,herb_has_rasa,Medium
1218,4,herb_has_rasa,High
1219,4,herb_has_rasa,Low
1220,6,herb_has_rasa,Low
1221,5,herb_has_rasa,Low
1222,3,herb_has_rasa,Low
1223,3,herb_has_rasa,Medium
1224,1,herb_has_rasa,High
1225,2,herb_has_rasa,High
1226,4,herb_has_rasa,Low
1227,2,herb_has_rasa,Medium
1228,1,herb_has_rasa,High
1229,2,herb_has_rasa,High
1230,1,herb_has_rasa,Medium
1231,1,herb_has_rasa,Low
1232,6,herb_has_rasa,Low
1233,3,herb_has_rasa,Low
1234,5,herb_has_rasa,High
1235,2,herb_has_rasa,High
1236,1,herb_has_rasa,Low
1237,1,herb_has_rasa,Medium
1238,5,herb_has_rasa,High
1239,3,herb_has_rasa,Low
1240,4,herb_has_rasa,High
1241,5,herb_has_rasa,Medium
1242,5,herb_has_rasa,High
1243,5,herb_has_rasa,High
1244,5,herb_has_rasa,Low
1245,2,herb_has_rasa,Medium
1246,4,herb_has_rasa,High
1247,5,herb_has_rasa,High
1248,1,herb_has_rasa,Medium
1249,3,herb_has_rasa,High
1250,2,herb_has_rasa,Medium
1251,5,herb_has_rasa,Medium
1252,5,herb_has_rasa,Low
1253,2,herb_has_rasa,Low
1254,4,herb_has_rasa,Medium
1255,6,herb_has_rasa,Low
1256,4,herb_has_rasa,Medium
1257,3,herb_has_rasa,Low
1258,2,herb_has_rasa,Medium
1259,5,herb_has_rasa,High
1260,1,herb_has_rasa,Low
1261,6,herb_has_rasa,High
1262,4,herb_has_rasa,High
1263,5,herb_has_rasa,High
1264,5,herb_has_rasa,Medium
1265,5,herb_has_rasa,High
1266,5,herb_has_rasa,High
1267,3,herb_has_rasa,High
1268,2,herb_has_rasa,High
1269,4,herb_has_rasa,Medium
1270,5,herb_has_rasa,High
1271,1,herb_has_rasa,Low
1272,5,herb_has_rasa,High
1273,3,herb_has_rasa,High
1274,4,herb_has_rasa,Medium
1275,6,herb_has_rasa,Low
1276,3,herb_has_rasa,High
1277,4,herb_has_rasa,High
1278,5,herb_has_rasa,High
1279,5,herb_has_rasa,Medium
1280,6,herb_has_rasa,Medium
1281,1,herb_has_rasa,High
1282,4,herb_has_rasa,High
1283,1,herb_has_rasa,Low
1284,3,herb_has_rasa,High
1285,5,herb_has_rasa,Low
1286,5,herb_has_rasa,Medium
1287,5,herb_has_rasa,High
1288,6,herb_has_rasa,High
1289,1,herb_has_rasa,Low
1290,4,herb_has_rasa,High
1291,5,herb_has_rasa,Low
1292,1,herb_has_rasa,Low
1293,1,herb_has_rasa,High
1294,2,herb_has_rasa,Medium
1295,6,herb_has_rasa,Medium
1296,4,herb_has_rasa,Low
1297,4,herb_has_rasa,Medium
1298,6,herb_has_rasa,Medium
1299,4,herb_has_rasa,Low
1300,4,herb_has_rasa,Low
1301,6,herb_has_rasa,Medium
1302,2,herb_has_rasa,High
1303,2,herb_has_rasa,Low
1304,6,herb_has_rasa,Medium
1305,5,herb_has_rasa,High
1306,5,herb_has_rasa,High
1307,2,herb_has_rasa,High
1308,3,herb_has_rasa,High
1309,1,herb_has_rasa,High
1310,3,herb_has_rasa,Medium
1311,1,herb_has_rasa,High
1312,4,herb_has_rasa,Medium
1313,6,herb_has_rasa,High
1314,3,herb_has_rasa,Medium
1315,2,herb_has_rasa,High
1316,2,herb_has_rasa,High
1317,5,herb_has_rasa,Medium
1318,1,herb_has_rasa,Medium
1319,5,herb_has_rasa,High
1320,4,herb_has_rasa,Medium
1321,6,herb_has_rasa,Low
1322,3,herb_has_rasa,Low
1323,3,herb_has_rasa,High
1324,2,herb_has_rasa,Low
1325,5,herb_has_rasa,Low
1326,6,herb_has_rasa,High
1327,3,herb_has_rasa,Medium
1328,3,herb_has_rasa,High
1329,4,herb_has_rasa,Low
1330,4,herb_has_rasa,Medium
1331,6,herb_has_rasa,Medium
1332,2,herb_has_rasa,High
1333,1,herb_has_rasa,Medium
1334,6,herb_has_rasa,Medium
1335,1,herb_has_rasa,Low
1336,3,herb_has_rasa,High
1337,5,herb_has_rasa,High
1338,1,herb_has_rasa,Medium
1339,1,herb_has_rasa,High
1340,5,herb_has_rasa,Low
1341,3,herb_has_rasa,Low
1342,2,herb_has_rasa,Medium
1343,2,herb_has_rasa,Medium
1344,2,herb_has_rasa,Medium
1345,6,herb_has_rasa,Low
1346,6,herb_has_rasa,Medium
1347,6,herb_has_rasa,Low
1348,5,herb_has_rasa,Low
1349,1,herb_has_rasa,Low
1350,5,herb_has_rasa,High
1351,2,herb_has_rasa,Medium
1352,6,herb_has_rasa,Low
1353,1,herb_has_rasa,Medium
1354,4,herb_has_rasa,High
1355,1,herb_has_rasa,Medium
1356,5,herb_has_rasa,Medium
1357,5,herb_has_rasa,Medium
1358,2,herb_has_rasa,High
1359,4,herb_has_rasa,High
1360,5,herb_has_rasa,Low
1361,6,herb_has_rasa,Medium
1362,3,herb_has_rasa,High
1363,2,herb_has_rasa,Medium
1364,1,herb_has_rasa,Medium
1365,3,herb_has_rasa,Low
1366,1,herb_has_rasa,High
1367,1,herb_has_rasa,High
1368,3,herb_has_rasa,Medium
1369,2,herb_has_rasa,Low
1370,4,herb_has_rasa,High
1371,2,herb_has_rasa,High
1372,6,herb_has_rasa,Low
1373,4,herb_has_rasa,Medium
1374,5,herb_has_rasa,Low
1375,5,herb_has_rasa,High
1376,6,herb_has_rasa,High
1377,2,herb_has_rasa,Low
1378,4,herb_has_rasa,Low
1379,2,herb_has_rasa,Medium
1380,1,herb_has_rasa,High
1381,1,herb_has_rasa,High
1382,2,herb_has_rasa,Medium
1383,4,herb_has_rasa,High
1384,6,herb_has_rasa,High
1385,3,herb_has_rasa,Medium
1386,2,herb_has_rasa,Medium
1387,6,herb_has_rasa,Low
1388,6,herb_has_rasa,Medium
1389,2,herb_has_rasa,Medium
1390,3,herb_has_rasa,High
1391,2,herb_has_rasa,Low
1392,2,herb_has_rasa,High
1393,5,herb_has_rasa,Low
1394,5,herb_has_rasa,High
1395,4,herb_has_rasa,High
1396,5,herb_has_rasa,Medium
1397,5,herb_has_rasa,High
1398,3,herb_has_rasa,Medium
1399,4,herb_has_rasa,High
1400,3,herb_has_rasa,Low
1401,1,herb_has_rasa,High
1402,3,herb_has_rasa,Low
1403,5,herb_has_rasa,Medium
1404,2,herb_has_rasa,High
1405,4,herb_has_rasa,Medium
1406,2,herb_has_rasa,Medium
1407,6,herb_has_rasa,Medium
1408,1,herb_has_rasa,High
1409,3,herb_has_rasa,Medium
1410,4,herb_has_rasa,High
1411,1,herb_has_rasa,High
1412,2,herb_has_rasa,Low
1413,4,herb_has_rasa,High
1414,3,herb_has_rasa,High
1415,1,herb_has_rasa,High
1416,3,herb_has_rasa,High
1417,4,herb_has_rasa,Low
1418,6,herb_has_rasa,Low
1419,1,herb_has_rasa,High
1420,5,herb_has_rasa,High
1421,3,herb_has_rasa,Medium
1422,1,herb_has_rasa,Medium
1423,5,herb_has_rasa,Low
1424,4,herb_has_rasa,Medium
1425,6,herb_has_rasa,Low
1426,4,herb_has_rasa,High
1427,2,herb_has_rasa,Low
1428,1,herb_has_rasa,Medium
1429,3,herb_has_rasa,High
1430,4,herb_has_rasa,Medium
1431,4,herb_has_rasa,Low
1432,3,herb_has_rasa,High
1433,4,herb_has_rasa,Low
1434,4,herb_has_rasa,Low
1435,4,herb_has_rasa,High
1436,5,herb_has_rasa,Low
1437,2,herb_has_rasa,Low
1438,1,herb_has_rasa,Low
1439,3,herb_has_rasa,Low
1440,6,herb_has_rasa,Low
1441,4,herb_has_rasa,Low
1442,2,herb_has_rasa,Low
1443,1,herb_has_rasa,High
1444,3,herb_has_rasa,Low
1445,1,herb_has_rasa,Low
1446,2,herb_has_rasa,Medium
1447,2,herb_has_rasa,Medium
1448,5,herb_has_rasa,Low
1449,1,herb_has_rasa,High
1450,5,herb_has_rasa,Medium
1451,1,herb_has_rasa,Medium
1452,6,herb_has_rasa,Low
1453,1,herb_has_rasa,High
1454,4,herb_has_rasa,Medium
1455,4,herb_has_rasa,High
1456,5,herb_has_rasa,Medium
1457,6,herb_has_rasa,Medium
1458,5,herb_has_rasa,High
1459,3,herb_has_rasa,Low
1460,6,herb_has_rasa,High
1461,6,herb_has_rasa,Low
1462,1,herb_has_rasa,High
1463,5,herb_has_rasa,Medium
1464,4,herb_has_rasa,High
1465,4,herb_has_rasa,Low
1466,6,herb_has_rasa,Medium
1467,3,herb_has_rasa,High
1468,1,herb_has_rasa,High
1469,6,herb_has_rasa,Medium
1470,4,herb_has_rasa,Low
1471,2,herb_has_rasa,Medium
1472,1,herb_has_rasa,High
1473,4,herb_has_rasa,Low
1474,6,herb_has_rasa,High
1475,2,herb_has_rasa,High
1476,4,herb_has_rasa,High
1477,4,herb_has_rasa,Medium
1478,6,herb_has_rasa,High
1479,2,herb_has_rasa,Medium
1480,2,herb_has_rasa,Medium
1481,1,herb_has_rasa,High
1482,2,herb_has_rasa,High
1483,6,herb_has_rasa,Low
1484,1,herb_has_rasa,High
1485,2,herb_has_rasa,High
1486,6,herb_has_rasa,Medium
1487,1,herb_has_rasa,Medium
1488,5,herb_has_rasa,High
1489,2,herb_has_rasa,High
1490,6,herb_has_rasa,High
1491,6,herb_has_rasa,High
1492,1,herb_has_rasa,High
1493,4,herb_has_rasa,Medium
1494,6,herb_has_rasa,Medium
1495,6,herb_has_rasa,Low
1496,2,herb_has_rasa,Medium
1497,3,herb_has_rasa,Medium
1498,5,herb_has_rasa,Low
1499,5,herb_has_rasa,Medium
1500,5,herb_has_rasa,Medium
1501,3,herb_has_rasa,Medium
1502,1,herb_has_rasa,Low
