source_node_id,target_node_id,relationship_type,evidence
1,1,herb_has_action,inferred
1,3,herb_has_action,inferred
2,1,herb_has_action,inferred
2,2,herb_has_action,inferred
2,5,herb_has_action,inferred
2,6,herb_has_action,inferred
2,8,herb_has_action,inferred
3,1,herb_has_action,inferred
3,2,herb_has_action,inferred
3,3,herb_has_action,inferred
3,5,herb_has_action,inferred
3,8,herb_has_action,inferred
4,1,herb_has_action,inferred
4,3,herb_has_action,inferred
4,6,herb_has_action,inferred
4,7,herb_has_action,inferred
4,8,herb_has_action,inferred
5,1,herb_has_action,inferred
5,2,herb_has_action,inferred
5,4,herb_has_action,inferred
5,5,herb_has_action,inferred
5,8,herb_has_action,inferred
5,3,herb_has_action,prabhava
6,1,herb_has_action,inferred
6,3,herb_has_action,inferred
6,2,herb_has_action,prabhava
7,1,herb_has_action,inferred
7,2,herb_has_action,inferred
7,5,herb_has_action,inferred
7,6,herb_has_action,inferred
7,7,herb_has_action,inferred
7,8,herb_has_action,inferred
7,10,herb_has_action,prabhava
8,1,herb_has_action,inferred
8,3,herb_has_action,inferred
8,6,herb_has_action,inferred
8,7,herb_has_action,inferred
9,1,herb_has_action,inferred
9,6,herb_has_action,inferred
9,8,herb_has_action,inferred
10,1,herb_has_action,inferred
10,4,herb_has_action,inferred
11,4,herb_has_action,inferred
11,5,herb_has_action,inferred
11,6,herb_has_action,inferred
12,1,herb_has_action,inferred
12,2,herb_has_action,inferred
12,5,herb_has_action,inferred
12,8,herb_has_action,inferred
13,1,herb_has_action,inferred
13,4,herb_has_action,inferred
13,5,herb_has_action,inferred
13,6,herb_has_action,inferred
14,1,herb_has_action,inferred
14,10,herb_has_action,prabhava
15,1,herb_has_action,inferred
15,3,herb_has_action,inferred
16,1,herb_has_action,inferred
17,1,herb_has_action,inferred
17,7,herb_has_action,inferred
18,1,herb_has_action,inferred
18,2,herb_has_action,inferred
18,7,herb_has_action,inferred
18,8,herb_has_action,inferred
19,1,herb_has_action,inferred
19,2,herb_has_action,inferred
19,4,herb_has_action,inferred
19,5,herb_has_action,inferred
19,6,herb_has_action,inferred
20,1,herb_has_action,inferred
20,2,herb_has_action,inferred
20,3,herb_has_action,inferred
20,4,herb_has_action,inferred
21,1,herb_has_action,inferred
21,3,herb_has_action,inferred
21,4,herb_has_action,inferred
21,6,herb_has_action,inferred
21,7,herb_has_action,inferred
22,1,herb_has_action,inferred
22,8,herb_has_action,inferred
22,2,herb_has_action,prabhava
23,1,herb_has_action,inferred
23,4,herb_has_action,inferred
23,5,herb_has_action,inferred
23,6,herb_has_action,inferred
23,7,herb_has_action,inferred
23,8,herb_has_action,inferred
24,1,herb_has_action,inferred
24,3,herb_has_action,inferred
24,4,herb_has_action,inferred
24,8,herb_has_action,inferred
25,1,herb_has_action,inferred
25,2,herb_has_action,inferred
25,4,herb_has_action,inferred
25,6,herb_has_action,inferred
25,7,herb_has_action,inferred
26,1,herb_has_action,inferred
26,3,herb_has_action,inferred
26,5,herb_has_action,inferred
27,1,herb_has_action,inferred
27,2,herb_has_action,inferred
27,5,herb_has_action,inferred
27,6,herb_has_action,inferred
27,8,herb_has_action,inferred
28,1,herb_has_action,inferred
28,2,herb_has_action,inferred
28,3,herb_has_action,inferred
28,4,herb_has_action,inferred
28,6,herb_has_action,inferred
28,7,herb_has_action,inferred
28,8,herb_has_action,inferred
29,1,herb_has_action,inferred
29,3,herb_has_action,inferred
29,6,herb_has_action,inferred
30,1,herb_has_action,inferred
30,7,herb_has_action,inferred
30,8,herb_has_action,inferred
30,2,herb_has_action,prabhava
31,1,herb_has_action,inferred
31,2,herb_has_action,inferred
31,3,herb_has_action,inferred
31,5,herb_has_action,inferred
32,1,herb_has_action,inferred
32,5,herb_has_action,inferred
32,6,herb_has_action,inferred
32,8,herb_has_action,inferred
33,1,herb_has_action,inferred
33,6,herb_has_action,inferred
33,7,herb_has_action,inferred
34,1,herb_has_action,inferred
34,4,herb_has_action,inferred
34,6,herb_has_action,inferred
34,7,herb_has_action,inferred
35,3,herb_has_action,inferred
35,4,herb_has_action,inferred
35,8,herb_has_action,inferred
36,1,herb_has_action,inferred
36,2,herb_has_action,inferred
36,4,herb_has_action,inferred
36,5,herb_has_action,inferred
37,1,herb_has_action,inferred
37,2,herb_has_action,inferred
37,4,herb_has_action,inferred
37,6,herb_has_action,inferred
37,7,herb_has_action,inferred
37,8,herb_has_action,inferred
38,1,herb_has_action,inferred
38,2,herb_has_action,inferred
38,5,herb_has_action,inferred
39,1,herb_has_action,inferred
39,2,herb_has_action,inferred
39,4,herb_has_action,inferred
39,6,herb_has_action,inferred
40,1,herb_has_action,inferred
40,2,herb_has_action,inferred
40,7,herb_has_action,inferred
40,10,herb_has_action,prabhava
41,1,herb_has_action,inferred
41,6,herb_has_action,inferred
41,7,herb_has_action,inferred
41,2,herb_has_action,prabhava
42,1,herb_has_action,inferred
42,4,herb_has_action,inferred
43,1,herb_has_action,inferred
43,2,herb_has_action,inferred
43,7,herb_has_action,inferred
43,10,herb_has_action,prabhava
44,1,herb_has_action,inferred
44,6,herb_has_action,inferred
44,7,herb_has_action,inferred
44,2,herb_has_action,prabhava
45,1,herb_has_action,inferred
45,2,herb_has_action,inferred
45,5,herb_has_action,inferred
46,1,herb_has_action,inferred
46,2,herb_has_action,inferred
46,5,herb_has_action,inferred
46,7,herb_has_action,inferred
46,3,herb_has_action,prabhava
47,1,herb_has_action,inferred
47,6,herb_has_action,inferred
48,2,herb_has_action,inferred
48,3,herb_has_action,inferred
48,8,herb_has_action,inferred
49,1,herb_has_action,inferred
49,3,herb_has_action,inferred
49,7,herb_has_action,inferred
49,8,herb_has_action,inferred
50,1,herb_has_action,inferred
51,1,herb_has_action,inferred
51,2,herb_has_action,inferred
51,4,herb_has_action,inferred
51,5,herb_has_action,inferred
52,1,herb_has_action,inferred
52,2,herb_has_action,inferred
52,7,herb_has_action,inferred
53,1,herb_has_action,inferred
53,6,herb_has_action,inferred
53,8,herb_has_action,inferred
54,1,herb_has_action,inferred
54,8,herb_has_action,inferred
55,2,herb_has_action,inferred
55,3,herb_has_action,inferred
55,4,herb_has_action,inferred
55,6,herb_has_action,inferred
55,10,herb_has_action,prabhava
56,1,herb_has_action,inferred
57,1,herb_has_action,inferred
57,3,herb_has_action,inferred
57,4,herb_has_action,inferred
57,5,herb_has_action,inferred
58,1,herb_has_action,inferred
58,7,herb_has_action,inferred
58,8,herb_has_action,inferred
59,1,herb_has_action,inferred
59,3,herb_has_action,inferred
59,6,herb_has_action,inferred
59,8,herb_has_action,inferred
60,1,herb_has_action,inferred
60,2,herb_has_action,inferred
60,4,herb_has_action,inferred
60,6,herb_has_action,inferred
60,7,herb_has_action,inferred
60,8,herb_has_action,inferred
60,10,herb_has_action,prabhava
61,1,herb_has_action,inferred
61,5,herb_has_action,inferred
61,6,herb_has_action,inferred
61,8,herb_has_action,inferred
62,1,herb_has_action,inferred
62,3,herb_has_action,inferred
62,4,herb_has_action,inferred
62,6,herb_has_action,inferred
62,7,herb_has_action,inferred
63,1,herb_has_action,inferred
63,2,herb_has_action,inferred
63,4,herb_has_action,inferred
63,6,herb_has_action,inferred
63,7,herb_has_action,inferred
64,1,herb_has_action,inferred
64,3,herb_has_action,inferred
64,4,herb_has_action,inferred
64,6,herb_has_action,inferred
64,7,herb_has_action,inferred
65,1,herb_has_action,inferred
65,2,herb_has_action,inferred
65,3,herb_has_action,inferred
66,4,herb_has_action,inferred
67,1,herb_has_action,inferred
67,3,herb_has_action,inferred
67,4,herb_has_action,inferred
67,7,herb_has_action,inferred
68,1,herb_has_action,inferred
68,3,herb_has_action,inferred
68,6,herb_has_action,inferred
68,7,herb_has_action,inferred
69,1,herb_has_action,inferred
69,3,herb_has_action,inferred
69,4,herb_has_action,inferred
69,6,herb_has_action,inferred
69,8,herb_has_action,inferred
70,1,herb_has_action,inferred
70,2,herb_has_action,inferred
70,3,herb_has_action,inferred
70,4,herb_has_action,inferred
70,5,herb_has_action,inferred
70,7,herb_has_action,inferred
71,1,herb_has_action,inferred
71,3,herb_has_action,inferred
71,5,herb_has_action,inferred
71,6,herb_has_action,inferred
72,1,herb_has_action,inferred
72,3,herb_has_action,inferred
72,7,herb_has_action,inferred
73,1,herb_has_action,inferred
73,3,herb_has_action,inferred
73,4,herb_has_action,inferred
73,5,herb_has_action,inferred
73,6,herb_has_action,inferred
73,7,herb_has_action,inferred
73,8,herb_has_action,inferred
74,1,herb_has_action,inferred
74,2,herb_has_action,inferred
74,3,herb_has_action,prabhava
75,1,herb_has_action,inferred
75,2,herb_has_action,inferred
75,3,herb_has_action,inferred
75,6,herb_has_action,inferred
75,8,herb_has_action,inferred
76,1,herb_has_action,inferred
76,3,herb_has_action,inferred
76,5,herb_has_action,inferred
76,8,herb_has_action,inferred
77,1,herb_has_action,inferred
77,2,herb_has_action,inferred
77,5,herb_has_action,inferred
77,6,herb_has_action,inferred
77,7,herb_has_action,inferred
77,10,herb_has_action,prabhava
78,1,herb_has_action,inferred
78,5,herb_has_action,inferred
78,6,herb_has_action,inferred
78,8,herb_has_action,inferred
79,1,herb_has_action,inferred
79,3,herb_has_action,inferred
79,10,herb_has_action,prabhava
80,1,herb_has_action,inferred
80,2,herb_has_action,inferred
80,4,herb_has_action,inferred
80,7,herb_has_action,inferred
81,1,herb_has_action,inferred
81,5,herb_has_action,inferred
81,7,herb_has_action,inferred
82,1,herb_has_action,inferred
82,5,herb_has_action,inferred
82,7,herb_has_action,inferred
82,8,herb_has_action,inferred
83,1,herb_has_action,inferred
83,2,herb_has_action,inferred
83,4,herb_has_action,inferred
83,6,herb_has_action,inferred
83,7,herb_has_action,inferred
83,8,herb_has_action,inferred
83,3,herb_has_action,prabhava
84,1,herb_has_action,inferred
84,2,herb_has_action,inferred
84,3,herb_has_action,inferred
84,4,herb_has_action,inferred
84,5,herb_has_action,inferred
84,10,herb_has_action,prabhava
85,1,herb_has_action,inferred
85,7,herb_has_action,inferred
86,1,herb_has_action,inferred
86,3,herb_has_action,inferred
86,6,herb_has_action,inferred
86,8,herb_has_action,inferred
87,1,herb_has_action,inferred
87,3,herb_has_action,inferred
87,5,herb_has_action,inferred
88,1,herb_has_action,inferred
88,3,herb_has_action,prabhava
89,1,herb_has_action,inferred
89,2,herb_has_action,inferred
89,6,herb_has_action,inferred
89,8,herb_has_action,inferred
90,1,herb_has_action,inferred
90,3,herb_has_action,inferred
90,5,herb_has_action,inferred
90,10,herb_has_action,prabhava
91,1,herb_has_action,inferred
91,2,herb_has_action,inferred
91,4,herb_has_action,inferred
91,7,herb_has_action,inferred
92,1,herb_has_action,inferred
92,2,herb_has_action,inferred
92,6,herb_has_action,inferred
92,10,herb_has_action,prabhava
93,1,herb_has_action,inferred
93,2,herb_has_action,inferred
93,6,herb_has_action,inferred
93,7,herb_has_action,inferred
93,8,herb_has_action,inferred
93,3,herb_has_action,prabhava
94,1,herb_has_action,inferred
94,4,herb_has_action,inferred
94,6,herb_has_action,inferred
94,8,herb_has_action,inferred
94,2,herb_has_action,prabhava
95,1,herb_has_action,inferred
95,4,herb_has_action,inferred
95,5,herb_has_action,inferred
95,6,herb_has_action,inferred
96,1,herb_has_action,inferred
96,2,herb_has_action,inferred
96,3,herb_has_action,inferred
96,4,herb_has_action,inferred
96,5,herb_has_action,inferred
96,6,herb_has_action,inferred
97,1,herb_has_action,inferred
97,2,herb_has_action,inferred
97,3,herb_has_action,inferred
97,6,herb_has_action,inferred
98,1,herb_has_action,inferred
98,4,herb_has_action,inferred
98,6,herb_has_action,inferred
98,8,herb_has_action,inferred
98,10,herb_has_action,prabhava
99,1,herb_has_action,inferred
99,2,herb_has_action,inferred
99,4,herb_has_action,inferred
99,5,herb_has_action,inferred
99,7,herb_has_action,inferred
99,8,herb_has_action,inferred
100,1,herb_has_action,inferred
100,2,herb_has_action,inferred
100,3,herb_has_action,inferred
100,4,herb_has_action,inferred
100,5,herb_has_action,inferred
100,6,herb_has_action,inferred
101,1,herb_has_action,inferred
101,2,herb_has_action,inferred
101,6,herb_has_action,inferred
102,1,herb_has_action,inferred
102,3,herb_has_action,inferred
102,6,herb_has_action,inferred
102,7,herb_has_action,inferred
102,8,herb_has_action,inferred
102,10,herb_has_action,prabhava
103,1,herb_has_action,inferred
103,3,herb_has_action,inferred
103,4,herb_has_action,inferred
103,7,herb_has_action,inferred
104,1,herb_has_action,inferred
104,3,herb_has_action,inferred
104,2,herb_has_action,prabhava
105,1,herb_has_action,inferred
105,2,herb_has_action,inferred
105,3,herb_has_action,inferred
105,6,herb_has_action,inferred
105,7,herb_has_action,inferred
106,1,herb_has_action,inferred
106,2,herb_has_action,inferred
106,3,herb_has_action,inferred
106,6,herb_has_action,inferred
107,1,herb_has_action,inferred
107,3,herb_has_action,inferred
107,5,herb_has_action,inferred
107,7,herb_has_action,inferred
108,1,herb_has_action,inferred
108,3,herb_has_action,inferred
109,1,herb_has_action,inferred
109,6,herb_has_action,inferred
110,1,herb_has_action,inferred
110,3,herb_has_action,inferred
110,6,herb_has_action,inferred
110,7,herb_has_action,inferred
111,1,herb_has_action,inferred
111,4,herb_has_action,inferred
111,6,herb_has_action,inferred
112,7,herb_has_action,inferred
113,1,herb_has_action,inferred
113,2,herb_has_action,inferred
113,3,herb_has_action,inferred
113,8,herb_has_action,inferred
114,1,herb_has_action,inferred
114,2,herb_has_action,inferred
114,3,herb_has_action,prabhava
115,1,herb_has_action,inferred
115,4,herb_has_action,inferred
116,1,herb_has_action,inferred
116,3,herb_has_action,inferred
117,1,herb_has_action,inferred
117,4,herb_has_action,inferred
117,8,herb_has_action,inferred
118,1,herb_has_action,inferred
118,4,herb_has_action,inferred
118,3,herb_has_action,prabhava
119,1,herb_has_action,inferred
119,2,herb_has_action,inferred
119,4,herb_has_action,inferred
119,7,herb_has_action,inferred
119,8,herb_has_action,inferred
120,1,herb_has_action,inferred
120,4,herb_has_action,inferred
120,5,herb_has_action,inferred
120,6,herb_has_action,inferred
120,8,herb_has_action,inferred
121,1,herb_has_action,inferred
121,2,herb_has_action,inferred
121,3,herb_has_action,inferred
121,6,herb_has_action,inferred
121,7,herb_has_action,inferred
122,1,herb_has_action,inferred
122,2,herb_has_action,inferred
122,6,herb_has_action,inferred
122,8,herb_has_action,inferred
123,1,herb_has_action,inferred
123,2,herb_has_action,inferred
123,6,herb_has_action,inferred
124,1,herb_has_action,inferred
124,2,herb_has_action,inferred
124,5,herb_has_action,inferred
124,6,herb_has_action,inferred
125,1,herb_has_action,inferred
125,2,herb_has_action,inferred
125,5,herb_has_action,inferred
125,6,herb_has_action,inferred
126,2,herb_has_action,inferred
126,5,herb_has_action,inferred
126,6,herb_has_action,inferred
127,1,herb_has_action,inferred
127,2,herb_has_action,inferred
127,3,herb_has_action,inferred
127,5,herb_has_action,inferred
127,6,herb_has_action,inferred
127,7,herb_has_action,inferred
128,1,herb_has_action,inferred
128,4,herb_has_action,inferred
128,10,herb_has_action,prabhava
129,1,herb_has_action,inferred
129,6,herb_has_action,inferred
129,8,herb_has_action,inferred
130,1,herb_has_action,inferred
130,3,herb_has_action,inferred
130,6,herb_has_action,inferred
130,7,herb_has_action,inferred
130,2,herb_has_action,prabhava
131,1,herb_has_action,inferred
131,3,herb_has_action,inferred
131,6,herb_has_action,inferred
131,7,herb_has_action,inferred
132,1,herb_has_action,inferred
132,2,herb_has_action,inferred
132,5,herb_has_action,inferred
132,6,herb_has_action,inferred
132,8,herb_has_action,inferred
133,1,herb_has_action,inferred
133,3,herb_has_action,inferred
133,4,herb_has_action,inferred
133,5,herb_has_action,inferred
133,6,herb_has_action,inferred
133,7,herb_has_action,inferred
133,10,herb_has_action,prabhava
134,1,herb_has_action,inferred
134,4,herb_has_action,inferred
134,6,herb_has_action,inferred
134,8,herb_has_action,inferred
135,1,herb_has_action,inferred
135,2,herb_has_action,inferred
135,3,herb_has_action,inferred
136,1,herb_has_action,inferred
136,2,herb_has_action,inferred
136,5,herb_has_action,inferred
136,7,herb_has_action,inferred
136,8,herb_has_action,inferred
137,1,herb_has_action,inferred
137,7,herb_has_action,inferred
138,1,herb_has_action,inferred
138,3,herb_has_action,inferred
138,5,herb_has_action,inferred
138,7,herb_has_action,inferred
139,1,herb_has_action,inferred
139,2,herb_has_action,inferred
139,7,herb_has_action,inferred
140,1,herb_has_action,inferred
140,6,herb_has_action,inferred
140,8,herb_has_action,inferred
140,3,herb_has_action,prabhava
141,1,herb_has_action,inferred
141,4,herb_has_action,inferred
141,5,herb_has_action,inferred
141,6,herb_has_action,inferred
142,1,herb_has_action,inferred
142,2,herb_has_action,inferred
142,3,herb_has_action,inferred
142,5,herb_has_action,inferred
143,1,herb_has_action,inferred
143,3,herb_has_action,inferred
143,4,herb_has_action,inferred
143,2,herb_has_action,prabhava
144,1,herb_has_action,inferred
144,2,herb_has_action,inferred
144,3,herb_has_action,inferred
145,1,herb_has_action,inferred
145,3,herb_has_action,inferred
145,5,herb_has_action,inferred
146,1,herb_has_action,inferred
146,5,herb_has_action,inferred
146,7,herb_has_action,inferred
146,8,herb_has_action,inferred
147,1,herb_has_action,inferred
147,3,herb_has_action,inferred
147,5,herb_has_action,inferred
147,7,herb_has_action,inferred
147,8,herb_has_action,inferred
148,1,herb_has_action,inferred
148,7,herb_has_action,inferred
149,1,herb_has_action,inferred
149,3,herb_has_action,inferred
149,5,herb_has_action,inferred
149,6,herb_has_action,inferred
149,7,herb_has_action,inferred
149,8,herb_has_action,inferred
150,1,herb_has_action,inferred
150,3,herb_has_action,inferred
150,4,herb_has_action,inferred
150,6,herb_has_action,inferred
150,7,herb_has_action,inferred
150,2,herb_has_action,prabhava
151,1,herb_has_action,inferred
151,2,herb_has_action,inferred
151,3,herb_has_action,inferred
151,4,herb_has_action,inferred
151,5,herb_has_action,inferred
151,6,herb_has_action,inferred
151,7,herb_has_action,inferred
151,8,herb_has_action,inferred
152,1,herb_has_action,inferred
152,2,herb_has_action,inferred
152,5,herb_has_action,inferred
152,8,herb_has_action,inferred
153,1,herb_has_action,inferred
153,6,herb_has_action,inferred
153,7,herb_has_action,inferred
153,10,herb_has_action,prabhava
154,1,herb_has_action,inferred
154,2,herb_has_action,inferred
154,3,herb_has_action,inferred
154,5,herb_has_action,inferred
154,6,herb_has_action,inferred
154,7,herb_has_action,inferred
154,8,herb_has_action,inferred
155,1,herb_has_action,inferred
155,7,herb_has_action,inferred
155,8,herb_has_action,inferred
156,1,herb_has_action,inferred
156,3,herb_has_action,inferred
156,4,herb_has_action,inferred
156,5,herb_has_action,inferred
156,8,herb_has_action,inferred
156,2,herb_has_action,prabhava
157,1,herb_has_action,inferred
157,3,herb_has_action,inferred
157,4,herb_has_action,inferred
157,7,herb_has_action,inferred
157,8,herb_has_action,inferred
158,1,herb_has_action,inferred
158,3,herb_has_action,inferred
158,6,herb_has_action,inferred
158,7,herb_has_action,inferred
159,1,herb_has_action,inferred
159,3,herb_has_action,inferred
159,4,herb_has_action,inferred
159,7,herb_has_action,inferred
159,2,herb_has_action,prabhava
160,1,herb_has_action,inferred
160,3,herb_has_action,inferred
160,5,herb_has_action,inferred
160,6,herb_has_action,inferred
160,7,herb_has_action,inferred
160,10,herb_has_action,prabhava
161,1,herb_has_action,inferred
161,5,herb_has_action,inferred
161,6,herb_has_action,inferred
162,1,herb_has_action,inferred
162,3,herb_has_action,inferred
162,5,herb_has_action,inferred
162,6,herb_has_action,inferred
162,8,herb_has_action,inferred
162,10,herb_has_action,prabhava
163,1,herb_has_action,inferred
163,2,herb_has_action,inferred
163,3,herb_has_action,inferred
163,6,herb_has_action,inferred
163,7,herb_has_action,inferred
164,1,herb_has_action,inferred
164,2,herb_has_action,inferred
164,4,herb_has_action,inferred
164,6,herb_has_action,inferred
165,1,herb_has_action,inferred
165,2,herb_has_action,inferred
165,5,herb_has_action,inferred
166,1,herb_has_action,inferred
166,2,herb_has_action,inferred
166,4,herb_has_action,inferred
166,5,herb_has_action,inferred
167,1,herb_has_action,inferred
167,2,herb_has_action,inferred
167,4,herb_has_action,inferred
167,5,herb_has_action,inferred
167,6,herb_has_action,inferred
167,8,herb_has_action,inferred
167,3,herb_has_action,prabhava
168,1,herb_has_action,inferred
168,2,herb_has_action,inferred
168,4,herb_has_action,inferred
168,5,herb_has_action,inferred
168,6,herb_has_action,inferred
169,1,herb_has_action,inferred
169,3,herb_has_action,inferred
169,5,herb_has_action,inferred
169,6,herb_has_action,inferred
169,7,herb_has_action,inferred
169,8,herb_has_action,inferred
170,1,herb_has_action,inferred
170,3,herb_has_action,inferred
170,6,herb_has_action,inferred
171,1,herb_has_action,inferred
171,2,herb_has_action,inferred
171,4,herb_has_action,inferred
172,1,herb_has_action,inferred
172,6,herb_has_action,inferred
172,8,herb_has_action,inferred
173,1,herb_has_action,inferred
173,4,herb_has_action,inferred
173,5,herb_has_action,inferred
173,6,herb_has_action,inferred
173,8,herb_has_action,inferred
174,1,herb_has_action,inferred
174,6,herb_has_action,inferred
174,8,herb_has_action,inferred
175,1,herb_has_action,inferred
175,4,herb_has_action,inferred
175,5,herb_has_action,inferred
175,6,herb_has_action,inferred
175,3,herb_has_action,prabhava
176,1,herb_has_action,inferred
176,2,herb_has_action,inferred
176,3,herb_has_action,inferred
176,4,herb_has_action,inferred
176,8,herb_has_action,inferred
177,1,herb_has_action,inferred
177,3,herb_has_action,inferred
177,6,herb_has_action,inferred
177,8,herb_has_action,inferred
178,1,herb_has_action,inferred
178,6,herb_has_action,inferred
178,3,herb_has_action,prabhava
179,1,herb_has_action,inferred
179,3,herb_has_action,inferred
179,4,herb_has_action,inferred
179,6,herb_has_action,inferred
179,7,herb_has_action,inferred
179,8,herb_has_action,inferred
180,1,herb_has_action,inferred
180,2,herb_has_action,inferred
181,1,herb_has_action,inferred
181,2,herb_has_action,inferred
181,6,herb_has_action,inferred
181,8,herb_has_action,inferred
182,1,herb_has_action,inferred
182,3,herb_has_action,inferred
182,4,herb_has_action,inferred
182,5,herb_has_action,inferred
183,1,herb_has_action,inferred
183,2,herb_has_action,inferred
183,4,herb_has_action,inferred
183,5,herb_has_action,inferred
183,8,herb_has_action,inferred
183,3,herb_has_action,prabhava
184,1,herb_has_action,inferred
184,2,herb_has_action,inferred
184,3,herb_has_action,inferred
184,6,herb_has_action,inferred
184,8,herb_has_action,inferred
185,1,herb_has_action,inferred
185,2,herb_has_action,inferred
185,3,herb_has_action,inferred
185,4,herb_has_action,inferred
186,1,herb_has_action,inferred
186,2,herb_has_action,inferred
186,6,herb_has_action,inferred
186,7,herb_has_action,inferred
186,8,herb_has_action,inferred
186,10,herb_has_action,prabhava
187,1,herb_has_action,inferred
187,2,herb_has_action,inferred
187,6,herb_has_action,inferred
187,8,herb_has_action,inferred
188,1,herb_has_action,inferred
188,7,herb_has_action,inferred
189,1,herb_has_action,inferred
189,2,herb_has_action,inferred
189,5,herb_has_action,inferred
189,6,herb_has_action,inferred
189,8,herb_has_action,inferred
190,1,herb_has_action,inferred
190,7,herb_has_action,inferred
191,1,herb_has_action,inferred
191,4,herb_has_action,inferred
191,6,herb_has_action,inferred
191,8,herb_has_action,inferred
192,1,herb_has_action,inferred
192,2,herb_has_action,inferred
192,3,herb_has_action,inferred
192,4,herb_has_action,inferred
192,7,herb_has_action,inferred
193,1,herb_has_action,inferred
193,2,herb_has_action,inferred
193,5,herb_has_action,inferred
193,7,herb_has_action,inferred
194,1,herb_has_action,inferred
194,2,herb_has_action,inferred
194,3,herb_has_action,inferred
194,4,herb_has_action,inferred
195,1,herb_has_action,inferred
195,2,herb_has_action,inferred
195,4,herb_has_action,inferred
195,7,herb_has_action,inferred
195,8,herb_has_action,inferred
196,1,herb_has_action,inferred
196,3,herb_has_action,inferred
196,6,herb_has_action,inferred
196,8,herb_has_action,inferred
197,1,herb_has_action,inferred
197,2,herb_has_action,inferred
197,3,herb_has_action,inferred
197,7,herb_has_action,inferred
198,1,herb_has_action,inferred
198,3,herb_has_action,inferred
198,4,herb_has_action,inferred
198,8,herb_has_action,inferred
198,2,herb_has_action,prabhava
199,1,herb_has_action,inferred
199,4,herb_has_action,inferred
199,7,herb_has_action,inferred
200,1,herb_has_action,inferred
200,2,herb_has_action,inferred
200,3,herb_has_action,inferred
200,8,herb_has_action,inferred
201,1,herb_has_action,inferred
201,2,herb_has_action,inferred
201,3,herb_has_action,inferred
201,4,herb_has_action,inferred
202,1,herb_has_action,inferred
202,2,herb_has_action,inferred
202,4,herb_has_action,inferred
202,7,herb_has_action,inferred
202,8,herb_has_action,inferred
202,10,herb_has_action,prabhava
203,1,herb_has_action,inferred
203,4,herb_has_action,inferred
203,5,herb_has_action,inferred
203,7,herb_has_action,inferred
204,1,herb_has_action,inferred
204,2,herb_has_action,inferred
204,4,herb_has_action,inferred
204,5,herb_has_action,inferred
204,6,herb_has_action,inferred
204,7,herb_has_action,inferred
207,7,herb_has_action,inferred
208,1,herb_has_action,inferred
208,2,herb_has_action,inferred
208,4,herb_has_action,inferred
208,6,herb_has_action,inferred
209,2,herb_has_action,inferred
209,5,herb_has_action,inferred
209,7,herb_has_action,inferred
210,2,herb_has_action,inferred
210,5,herb_has_action,inferred
210,8,herb_has_action,inferred
211,1,herb_has_action,inferred
211,3,herb_has_action,inferred
212,1,herb_has_action,inferred
212,3,herb_has_action,inferred
212,4,herb_has_action,inferred
212,5,herb_has_action,inferred
212,6,herb_has_action,inferred
212,7,herb_has_action,inferred
213,3,herb_has_action,inferred
214,3,herb_has_action,inferred
214,6,herb_has_action,inferred
214,10,herb_has_action,prabhava
215,4,herb_has_action,inferred
216,1,herb_has_action,inferred
216,2,herb_has_action,inferred
216,3,herb_has_action,inferred
216,4,herb_has_action,inferred
216,7,herb_has_action,inferred
217,1,herb_has_action,inferred
217,3,herb_has_action,inferred
217,6,herb_has_action,inferred
218,1,herb_has_action,inferred
218,2,herb_has_action,inferred
218,3,herb_has_action,prabhava
219,5,herb_has_action,inferred
219,6,herb_has_action,inferred
219,7,herb_has_action,inferred
220,1,herb_has_action,inferred
220,4,herb_has_action,inferred
220,7,herb_has_action,inferred
220,8,herb_has_action,inferred
221,1,herb_has_action,inferred
221,3,herb_has_action,inferred
221,4,herb_has_action,inferred
221,5,herb_has_action,inferred
221,6,herb_has_action,inferred
221,2,herb_has_action,prabhava
222,2,herb_has_action,inferred
222,7,herb_has_action,inferred
223,1,herb_has_action,inferred
223,6,herb_has_action,inferred
224,1,herb_has_action,inferred
224,4,herb_has_action,inferred
224,5,herb_has_action,inferred
224,6,herb_has_action,inferred
224,7,herb_has_action,inferred
224,8,herb_has_action,inferred
224,10,herb_has_action,prabhava
225,1,herb_has_action,inferred
225,3,herb_has_action,inferred
225,8,herb_has_action,inferred
225,10,herb_has_action,prabhava
226,2,herb_has_action,inferred
226,3,herb_has_action,inferred
226,5,herb_has_action,inferred
227,1,herb_has_action,inferred
227,2,herb_has_action,inferred
227,4,herb_has_action,inferred
227,5,herb_has_action,inferred
228,3,herb_has_action,inferred
228,5,herb_has_action,inferred
229,2,herb_has_action,inferred
229,3,herb_has_action,inferred
229,5,herb_has_action,inferred
229,7,herb_has_action,inferred
230,1,herb_has_action,inferred
230,2,herb_has_action,inferred
230,5,herb_has_action,inferred
230,6,herb_has_action,inferred
230,8,herb_has_action,inferred
231,1,herb_has_action,inferred
231,4,herb_has_action,inferred
231,6,herb_has_action,inferred
231,7,herb_has_action,inferred
231,8,herb_has_action,inferred
231,2,herb_has_action,prabhava
232,1,herb_has_action,inferred
232,4,herb_has_action,inferred
232,5,herb_has_action,inferred
233,2,herb_has_action,inferred
233,3,herb_has_action,inferred
233,5,herb_has_action,inferred
233,6,herb_has_action,inferred
233,7,herb_has_action,inferred
234,1,herb_has_action,inferred
234,2,herb_has_action,inferred
234,7,herb_has_action,inferred
235,5,herb_has_action,inferred
235,7,herb_has_action,inferred
236,1,herb_has_action,inferred
236,3,herb_has_action,inferred
236,6,herb_has_action,inferred
236,7,herb_has_action,inferred
237,1,herb_has_action,inferred
238,3,herb_has_action,inferred
238,10,herb_has_action,prabhava
239,3,herb_has_action,inferred
239,7,herb_has_action,inferred
240,2,herb_has_action,inferred
240,3,herb_has_action,inferred
240,4,herb_has_action,inferred
241,6,herb_has_action,inferred
241,2,herb_has_action,prabhava
242,1,herb_has_action,inferred
242,3,herb_has_action,inferred
242,4,herb_has_action,inferred
242,5,herb_has_action,inferred
242,8,herb_has_action,inferred
243,1,herb_has_action,inferred
243,5,herb_has_action,inferred
244,2,herb_has_action,inferred
244,5,herb_has_action,inferred
244,6,herb_has_action,inferred
245,6,herb_has_action,inferred
245,8,herb_has_action,inferred
246,6,herb_has_action,inferred
247,4,herb_has_action,inferred
247,5,herb_has_action,inferred
247,6,herb_has_action,inferred
247,3,herb_has_action,prabhava
248,3,herb_has_action,inferred
248,7,herb_has_action,inferred
249,6,herb_has_action,inferred
249,8,herb_has_action,inferred
249,10,herb_has_action,prabhava
250,2,herb_has_action,inferred
250,4,herb_has_action,inferred
250,8,herb_has_action,inferred
251,2,herb_has_action,inferred
251,5,herb_has_action,inferred
251,6,herb_has_action,inferred
251,7,herb_has_action,inferred
252,1,herb_has_action,inferred
252,2,herb_has_action,inferred
252,3,herb_has_action,inferred
252,4,herb_has_action,inferred
252,5,herb_has_action,inferred
252,7,herb_has_action,inferred
253,1,herb_has_action,inferred
253,2,herb_has_action,inferred
253,3,herb_has_action,inferred
253,6,herb_has_action,inferred
254,1,herb_has_action,inferred
254,3,herb_has_action,inferred
254,5,herb_has_action,inferred
254,7,herb_has_action,inferred
254,8,herb_has_action,inferred
255,1,herb_has_action,inferred
255,5,herb_has_action,inferred
255,6,herb_has_action,inferred
256,4,herb_has_action,inferred
256,6,herb_has_action,inferred
257,1,herb_has_action,inferred
257,2,herb_has_action,inferred
257,4,herb_has_action,inferred
257,5,herb_has_action,inferred
257,6,herb_has_action,inferred
258,5,herb_has_action,inferred
258,6,herb_has_action,inferred
259,2,herb_has_action,inferred
259,4,herb_has_action,inferred
259,6,herb_has_action,inferred
260,2,herb_has_action,inferred
261,5,herb_has_action,inferred
261,6,herb_has_action,inferred
261,7,herb_has_action,inferred
261,8,herb_has_action,inferred
261,10,herb_has_action,prabhava
262,1,herb_has_action,inferred
262,2,herb_has_action,inferred
262,3,herb_has_action,inferred
262,7,herb_has_action,inferred
262,8,herb_has_action,inferred
263,3,herb_has_action,inferred
263,4,herb_has_action,inferred
263,6,herb_has_action,inferred
263,2,herb_has_action,prabhava
264,4,herb_has_action,inferred
264,5,herb_has_action,inferred
264,6,herb_has_action,inferred
265,1,herb_has_action,inferred
265,4,herb_has_action,inferred
265,5,herb_has_action,inferred
265,6,herb_has_action,inferred
265,7,herb_has_action,inferred
265,8,herb_has_action,inferred
266,4,herb_has_action,inferred
266,6,herb_has_action,inferred
267,3,herb_has_action,inferred
267,5,herb_has_action,inferred
267,6,herb_has_action,inferred
268,3,herb_has_action,inferred
268,4,herb_has_action,inferred
269,1,herb_has_action,inferred
269,3,herb_has_action,inferred
269,4,herb_has_action,inferred
269,6,herb_has_action,inferred
269,8,herb_has_action,inferred
270,3,herb_has_action,inferred
270,4,herb_has_action,inferred
270,5,herb_has_action,inferred
270,6,herb_has_action,inferred
270,7,herb_has_action,inferred
271,3,herb_has_action,inferred
271,4,herb_has_action,inferred
271,5,herb_has_action,inferred
271,6,herb_has_action,inferred
271,8,herb_has_action,inferred
272,2,herb_has_action,inferred
272,4,herb_has_action,inferred
272,5,herb_has_action,inferred
272,6,herb_has_action,inferred
272,7,herb_has_action,inferred
273,2,herb_has_action,inferred
273,3,herb_has_action,inferred
273,5,herb_has_action,inferred
273,7,herb_has_action,inferred
274,1,herb_has_action,inferred
274,7,herb_has_action,inferred
274,8,herb_has_action,inferred
274,2,herb_has_action,prabhava
275,2,herb_has_action,inferred
275,3,herb_has_action,inferred
275,6,herb_has_action,inferred
275,8,herb_has_action,inferred
275,10,herb_has_action,prabhava
276,1,herb_has_action,inferred
276,2,herb_has_action,inferred
276,6,herb_has_action,inferred
276,8,herb_has_action,inferred
276,3,herb_has_action,prabhava
277,1,herb_has_action,inferred
277,3,herb_has_action,inferred
277,4,herb_has_action,inferred
277,5,herb_has_action,inferred
278,6,herb_has_action,inferred
278,8,herb_has_action,inferred
279,2,herb_has_action,inferred
279,6,herb_has_action,inferred
280,3,herb_has_action,inferred
280,4,herb_has_action,inferred
281,2,herb_has_action,inferred
281,7,herb_has_action,inferred
282,2,herb_has_action,inferred
283,1,herb_has_action,inferred
283,4,herb_has_action,inferred
283,5,herb_has_action,inferred
284,2,herb_has_action,inferred
284,5,herb_has_action,inferred
284,8,herb_has_action,inferred
285,1,herb_has_action,inferred
285,6,herb_has_action,inferred
285,7,herb_has_action,inferred
286,4,herb_has_action,inferred
286,5,herb_has_action,inferred
286,7,herb_has_action,inferred
287,1,herb_has_action,inferred
287,10,herb_has_action,prabhava
288,1,herb_has_action,inferred
288,5,herb_has_action,inferred
288,7,herb_has_action,inferred
289,3,herb_has_action,inferred
289,4,herb_has_action,inferred
289,5,herb_has_action,inferred
290,1,herb_has_action,inferred
290,7,herb_has_action,inferred
291,1,herb_has_action,inferred
291,4,herb_has_action,inferred
291,8,herb_has_action,inferred
292,2,herb_has_action,inferred
293,1,herb_has_action,inferred
293,5,herb_has_action,inferred
293,8,herb_has_action,inferred
293,2,herb_has_action,prabhava
294,1,herb_has_action,inferred
294,5,herb_has_action,inferred
294,7,herb_has_action,inferred
295,2,herb_has_action,inferred
295,7,herb_has_action,inferred
295,8,herb_has_action,inferred
295,3,herb_has_action,prabhava
296,1,herb_has_action,inferred
296,3,herb_has_action,inferred
296,7,herb_has_action,inferred
296,8,herb_has_action,inferred
297,2,herb_has_action,inferred
297,4,herb_has_action,inferred
297,7,herb_has_action,inferred
297,8,herb_has_action,inferred
298,1,herb_has_action,inferred
298,2,herb_has_action,inferred
298,6,herb_has_action,inferred
299,2,herb_has_action,inferred
299,3,herb_has_action,inferred
300,1,herb_has_action,inferred
300,4,herb_has_action,inferred
300,3,herb_has_action,prabhava
301,2,herb_has_action,inferred
302,1,herb_has_action,inferred
302,7,herb_has_action,inferred
302,2,herb_has_action,prabhava
303,1,herb_has_action,inferred
303,2,herb_has_action,inferred
303,5,herb_has_action,inferred
303,7,herb_has_action,inferred
304,3,herb_has_action,inferred
304,7,herb_has_action,inferred
304,10,herb_has_action,prabhava
305,1,herb_has_action,inferred
305,2,herb_has_action,inferred
305,5,herb_has_action,inferred
306,2,herb_has_action,inferred
306,5,herb_has_action,inferred
307,3,herb_has_action,inferred
307,4,herb_has_action,inferred
307,5,herb_has_action,inferred
307,6,herb_has_action,inferred
307,8,herb_has_action,inferred
308,1,herb_has_action,inferred
308,2,herb_has_action,inferred
308,3,herb_has_action,inferred
308,4,herb_has_action,inferred
308,8,herb_has_action,inferred
309,5,herb_has_action,inferred
309,6,herb_has_action,inferred
309,8,herb_has_action,inferred
310,1,herb_has_action,inferred
310,2,herb_has_action,inferred
310,3,herb_has_action,inferred
310,5,herb_has_action,inferred
310,6,herb_has_action,inferred
310,7,herb_has_action,inferred
310,8,herb_has_action,inferred
311,1,herb_has_action,inferred
311,7,herb_has_action,inferred
311,8,herb_has_action,inferred
312,1,herb_has_action,inferred
312,3,herb_has_action,inferred
312,4,herb_has_action,inferred
312,8,herb_has_action,inferred
313,1,herb_has_action,inferred
313,3,herb_has_action,inferred
313,5,herb_has_action,inferred
313,6,herb_has_action,inferred
314,1,herb_has_action,inferred
314,3,herb_has_action,inferred
314,5,herb_has_action,inferred
314,6,herb_has_action,inferred
315,5,herb_has_action,inferred
315,8,herb_has_action,inferred
316,1,herb_has_action,inferred
316,3,herb_has_action,inferred
316,4,herb_has_action,inferred
317,1,herb_has_action,inferred
317,4,herb_has_action,inferred
317,5,herb_has_action,inferred
317,10,herb_has_action,prabhava
318,4,herb_has_action,inferred
318,8,herb_has_action,inferred
319,1,herb_has_action,inferred
319,3,herb_has_action,inferred
320,4,herb_has_action,inferred
320,6,herb_has_action,inferred
321,5,herb_has_action,inferred
321,6,herb_has_action,inferred
322,2,herb_has_action,inferred
322,3,herb_has_action,inferred
322,4,herb_has_action,inferred
322,5,herb_has_action,inferred
322,7,herb_has_action,inferred
322,8,herb_has_action,inferred
323,1,herb_has_action,inferred
323,4,herb_has_action,inferred
323,6,herb_has_action,inferred
323,7,herb_has_action,inferred
324,2,herb_has_action,inferred
324,3,herb_has_action,inferred
324,4,herb_has_action,inferred
324,6,herb_has_action,inferred
325,1,herb_has_action,inferred
325,5,herb_has_action,inferred
325,7,herb_has_action,inferred
326,1,herb_has_action,inferred
326,3,herb_has_action,inferred
326,5,herb_has_action,inferred
327,1,herb_has_action,inferred
327,7,herb_has_action,inferred
327,8,herb_has_action,inferred
328,1,herb_has_action,inferred
328,3,herb_has_action,inferred
328,5,herb_has_action,inferred
329,1,herb_has_action,inferred
329,2,herb_has_action,inferred
329,3,herb_has_action,inferred
329,6,herb_has_action,inferred
330,2,herb_has_action,inferred
330,6,herb_has_action,inferred
330,8,herb_has_action,inferred
331,5,herb_has_action,inferred
331,6,herb_has_action,inferred
331,7,herb_has_action,inferred
331,3,herb_has_action,prabhava
332,4,herb_has_action,inferred
332,6,herb_has_action,inferred
332,8,herb_has_action,inferred
333,1,herb_has_action,inferred
333,6,herb_has_action,inferred
334,5,herb_has_action,inferred
334,7,herb_has_action,inferred
334,2,herb_has_action,prabhava
335,3,herb_has_action,inferred
335,6,herb_has_action,inferred
336,4,herb_has_action,inferred
336,6,herb_has_action,inferred
337,1,herb_has_action,inferred
337,3,herb_has_action,inferred
337,6,herb_has_action,inferred
337,2,herb_has_action,prabhava
338,2,herb_has_action,inferred
338,4,herb_has_action,inferred
338,5,herb_has_action,inferred
338,7,herb_has_action,inferred
338,8,herb_has_action,inferred
339,4,herb_has_action,inferred
339,3,herb_has_action,prabhava
340,1,herb_has_action,inferred
340,3,herb_has_action,inferred
340,4,herb_has_action,inferred
340,5,herb_has_action,inferred
340,8,herb_has_action,inferred
341,1,herb_has_action,inferred
341,3,herb_has_action,inferred
341,5,herb_has_action,inferred
341,6,herb_has_action,inferred
342,3,herb_has_action,inferred
342,5,herb_has_action,inferred
342,8,herb_has_action,inferred
343,2,herb_has_action,inferred
343,7,herb_has_action,inferred
344,5,herb_has_action,inferred
344,6,herb_has_action,inferred
344,7,herb_has_action,inferred
344,8,herb_has_action,inferred
344,3,herb_has_action,prabhava
345,3,herb_has_action,inferred
346,1,herb_has_action,inferred
346,5,herb_has_action,inferred
346,6,herb_has_action,inferred
346,7,herb_has_action,inferred
346,8,herb_has_action,inferred
347,1,herb_has_action,inferred
347,2,herb_has_action,inferred
347,6,herb_has_action,inferred
347,7,herb_has_action,inferred
347,8,herb_has_action,inferred
348,3,herb_has_action,inferred
349,5,herb_has_action,inferred
349,3,herb_has_action,prabhava
350,2,herb_has_action,inferred
350,3,herb_has_action,prabhava
351,3,herb_has_action,inferred
351,6,herb_has_action,inferred
351,7,herb_has_action,inferred
351,8,herb_has_action,inferred
351,2,herb_has_action,prabhava
352,1,herb_has_action,inferred
352,3,herb_has_action,inferred
352,4,herb_has_action,inferred
352,5,herb_has_action,inferred
353,1,herb_has_action,inferred
353,4,herb_has_action,inferred
353,5,herb_has_action,inferred
354,1,herb_has_action,inferred
354,4,herb_has_action,inferred
355,4,herb_has_action,inferred
355,5,herb_has_action,inferred
355,8,herb_has_action,inferred
356,1,herb_has_action,inferred
356,2,herb_has_action,inferred
356,5,herb_has_action,inferred
356,8,herb_has_action,inferred
357,2,herb_has_action,inferred
357,6,herb_has_action,inferred
357,10,herb_has_action,prabhava
358,1,herb_has_action,inferred
358,2,herb_has_action,inferred
358,3,herb_has_action,inferred
358,4,herb_has_action,inferred
359,4,herb_has_action,inferred
359,5,herb_has_action,inferred
360,3,herb_has_action,inferred
360,4,herb_has_action,inferred
360,8,herb_has_action,inferred
361,2,herb_has_action,inferred
361,5,herb_has_action,inferred
361,6,herb_has_action,inferred
361,7,herb_has_action,inferred
362,5,herb_has_action,inferred
362,7,herb_has_action,inferred
362,8,herb_has_action,inferred
362,2,herb_has_action,prabhava
363,2,herb_has_action,inferred
363,7,herb_has_action,inferred
363,10,herb_has_action,prabhava
364,1,herb_has_action,inferred
364,2,herb_has_action,inferred
364,5,herb_has_action,inferred
364,3,herb_has_action,prabhava
365,3,herb_has_action,inferred
365,8,herb_has_action,inferred
366,1,herb_has_action,inferred
366,2,herb_has_action,inferred
366,4,herb_has_action,inferred
366,5,herb_has_action,inferred
366,6,herb_has_action,inferred
366,8,herb_has_action,inferred
367,1,herb_has_action,inferred
367,2,herb_has_action,inferred
367,6,herb_has_action,inferred
367,7,herb_has_action,inferred
367,3,herb_has_action,prabhava
368,3,herb_has_action,inferred
368,4,herb_has_action,inferred
368,6,herb_has_action,inferred
368,7,herb_has_action,inferred
369,2,herb_has_action,inferred
369,3,herb_has_action,inferred
369,4,herb_has_action,inferred
369,5,herb_has_action,inferred
369,6,herb_has_action,inferred
369,7,herb_has_action,inferred
370,3,herb_has_action,inferred
370,5,herb_has_action,inferred
370,7,herb_has_action,inferred
370,8,herb_has_action,inferred
371,2,herb_has_action,inferred
371,3,herb_has_action,inferred
371,6,herb_has_action,inferred
372,2,herb_has_action,inferred
372,5,herb_has_action,inferred
372,7,herb_has_action,inferred
373,1,herb_has_action,inferred
373,6,herb_has_action,inferred
373,8,herb_has_action,inferred
374,2,herb_has_action,inferred
374,5,herb_has_action,inferred
374,7,herb_has_action,inferred
375,2,herb_has_action,inferred
375,5,herb_has_action,inferred
375,3,herb_has_action,prabhava
376,2,herb_has_action,inferred
376,6,herb_has_action,inferred
377,2,herb_has_action,inferred
377,6,herb_has_action,inferred
377,8,herb_has_action,inferred
377,3,herb_has_action,prabhava
378,1,herb_has_action,inferred
378,4,herb_has_action,inferred
378,6,herb_has_action,inferred
378,7,herb_has_action,inferred
378,8,herb_has_action,inferred
379,6,herb_has_action,inferred
379,8,herb_has_action,inferred
380,2,herb_has_action,inferred
380,6,herb_has_action,inferred
381,4,herb_has_action,inferred
381,6,herb_has_action,inferred
381,3,herb_has_action,prabhava
382,2,herb_has_action,inferred
382,3,herb_has_action,inferred
382,4,herb_has_action,inferred
382,5,herb_has_action,inferred
382,8,herb_has_action,inferred
382,10,herb_has_action,prabhava
383,5,herb_has_action,inferred
384,1,herb_has_action,inferred
384,4,herb_has_action,inferred
384,6,herb_has_action,inferred
384,8,herb_has_action,inferred
384,3,herb_has_action,prabhava
385,7,herb_has_action,inferred
386,2,herb_has_action,inferred
386,3,herb_has_action,inferred
386,5,herb_has_action,inferred
386,6,herb_has_action,inferred
387,1,herb_has_action,inferred
387,4,herb_has_action,inferred
387,5,herb_has_action,inferred
387,7,herb_has_action,inferred
387,2,herb_has_action,prabhava
388,3,herb_has_action,inferred
388,5,herb_has_action,inferred
388,6,herb_has_action,inferred
388,7,herb_has_action,inferred
388,8,herb_has_action,inferred
389,3,herb_has_action,inferred
389,4,herb_has_action,inferred
389,2,herb_has_action,prabhava
390,5,herb_has_action,inferred
390,6,herb_has_action,inferred
390,7,herb_has_action,inferred
390,8,herb_has_action,inferred
391,4,herb_has_action,inferred
391,7,herb_has_action,inferred
391,3,herb_has_action,prabhava
392,6,herb_has_action,inferred
392,7,herb_has_action,inferred
392,10,herb_has_action,prabhava
393,1,herb_has_action,inferred
394,1,herb_has_action,inferred
395,4,herb_has_action,inferred
395,6,herb_has_action,inferred
395,7,herb_has_action,inferred
396,2,herb_has_action,inferred
397,4,herb_has_action,inferred
398,1,herb_has_action,inferred
398,2,herb_has_action,inferred
398,4,herb_has_action,inferred
399,1,herb_has_action,inferred
399,3,herb_has_action,inferred
400,1,herb_has_action,inferred
400,4,herb_has_action,inferred
400,5,herb_has_action,inferred
400,8,herb_has_action,inferred
401,2,herb_has_action,inferred
401,3,herb_has_action,inferred
402,6,herb_has_action,inferred
402,7,herb_has_action,inferred
402,8,herb_has_action,inferred
403,8,herb_has_action,inferred
403,2,herb_has_action,prabhava
404,1,herb_has_action,inferred
404,3,herb_has_action,inferred
404,4,herb_has_action,inferred
404,7,herb_has_action,inferred
405,1,herb_has_action,inferred
405,8,herb_has_action,inferred
406,1,herb_has_action,inferred
406,4,herb_has_action,inferred
406,6,herb_has_action,inferred
406,8,herb_has_action,inferred
406,3,herb_has_action,prabhava
407,5,herb_has_action,inferred
407,6,herb_has_action,inferred
407,7,herb_has_action,inferred
408,1,herb_has_action,inferred
408,6,herb_has_action,inferred
409,3,herb_has_action,inferred
409,7,herb_has_action,inferred
410,1,herb_has_action,inferred
410,4,herb_has_action,inferred
410,5,herb_has_action,inferred
410,10,herb_has_action,prabhava
411,7,herb_has_action,inferred
411,8,herb_has_action,inferred
412,1,herb_has_action,inferred
412,4,herb_has_action,inferred
412,8,herb_has_action,inferred
413,3,herb_has_action,inferred
413,5,herb_has_action,inferred
413,7,herb_has_action,inferred
413,8,herb_has_action,inferred
