source_node_id,target_node_id,relationship_type,indicator_strength,specificity,diagnostic_value
1,1,symptom_indicates_dosha_imbalance,High,Medium,High
2,2,symptom_indicates_dosha_imbalance,High,High,High
3,2,symptom_indicates_dosha_imbalance,High,High,High
4,1,symptom_indicates_dosha_imbalance,High,High,High
5,2,symptom_indicates_dosha_imbalance,High,High,High
6,3,symptom_indicates_dosha_imbalance,High,Medium,High
7,1,symptom_indicates_dosha_imbalance,Medium,Medium,Medium
8,3,symptom_indicates_dosha_imbalance,High,High,High
9,2,symptom_indicates_dosha_imbalance,High,High,High
10,1,symptom_indicates_dosha_imbalance,High,Medium,High
11,1,symptom_indicates_dosha_imbalance,High,High,High
12,3,symptom_indicates_dosha_imbalance,High,Medium,High
13,1,symptom_indicates_dosha_imbalance,High,High,High
14,1,symptom_indicates_dosha_imbalance,Medium,Medium,Medium
15,3,symptom_indicates_dosha_imbalance,High,High,High
16,2,symptom_indicates_dosha_imbalance,High,High,High
17,1,symptom_indicates_dosha_imbalance,High,Medium,High
18,2,symptom_indicates_dosha_imbalance,High,High,High
19,1,symptom_indicates_dosha_imbalance,High,Medium,High
20,1,symptom_indicates_dosha_imbalance,High,High,High
21,2,symptom_indicates_dosha_imbalance,High,High,High
22,2,symptom_indicates_dosha_imbalance,High,High,High
23,2,symptom_indicates_dosha_imbalance,High,High,High
24,3,symptom_indicates_dosha_imbalance,High,Medium,High
25,2,symptom_indicates_dosha_imbalance,High,High,High
26,2,symptom_indicates_dosha_imbalance,High,High,High
27,2,symptom_indicates_dosha_imbalance,High,High,High
28,2,symptom_indicates_dosha_imbalance,High,High,High
29,2,symptom_indicates_dosha_imbalance,High,High,High
30,2,symptom_indicates_dosha_imbalance,High,High,High
31,3,symptom_indicates_dosha_imbalance,High,High,High
32,1,symptom_indicates_dosha_imbalance,High,High,High
33,1,symptom_indicates_dosha_imbalance,High,High,High
34,1,symptom_indicates_dosha_imbalance,High,High,High
35,1,symptom_indicates_dosha_imbalance,High,High,High
36,1,symptom_indicates_dosha_imbalance,High,Medium,High
37,2,symptom_indicates_dosha_imbalance,High,High,High
38,2,symptom_indicates_dosha_imbalance,High,High,High
39,1,symptom_indicates_dosha_imbalance,High,High,High
40,1,symptom_indicates_dosha_imbalance,High,High,High
41,2,symptom_indicates_dosha_imbalance,High,High,High
42,2,symptom_indicates_dosha_imbalance,High,High,High
43,1,symptom_indicates_dosha_imbalance,Medium,Medium,Medium
44,3,symptom_indicates_dosha_imbalance,High,Medium,High
45,1,symptom_indicates_dosha_imbalance,High,Medium,High
46,2,symptom_indicates_dosha_imbalance,High,High,High
47,3,symptom_indicates_dosha_imbalance,High,High,High
48,3,symptom_indicates_dosha_imbalance,High,High,High
49,3,symptom_indicates_dosha_imbalance,High,High,High
50,3,symptom_indicates_dosha_imbalance,High,High,High
51,2,symptom_indicates_dosha_imbalance,High,High,High
52,1,symptom_indicates_dosha_imbalance,High,Medium,High
53,1,symptom_indicates_dosha_imbalance,High,High,High
54,1,symptom_indicates_dosha_imbalance,High,High,High
55,1,symptom_indicates_dosha_imbalance,High,High,High
56,2,symptom_indicates_dosha_imbalance,High,High,High
57,2,symptom_indicates_dosha_imbalance,High,High,High
58,2,symptom_indicates_dosha_imbalance,High,High,High
59,1,symptom_indicates_dosha_imbalance,Medium,Medium,Medium
60,2,symptom_indicates_dosha_imbalance,High,High,High
61,1,symptom_indicates_dosha_imbalance,High,Medium,High
62,3,symptom_indicates_dosha_imbalance,High,High,High
63,2,symptom_indicates_dosha_imbalance,High,High,High
64,3,symptom_indicates_dosha_imbalance,High,Medium,High
65,1,symptom_indicates_dosha_imbalance,High,Medium,High
66,3,symptom_indicates_dosha_imbalance,High,High,High
67,1,symptom_indicates_dosha_imbalance,High,High,High
68,1,symptom_indicates_dosha_imbalance,High,High,High
69,1,symptom_indicates_dosha_imbalance,High,High,High
70,1,symptom_indicates_dosha_imbalance,High,Medium,High
71,2,symptom_indicates_dosha_imbalance,High,High,High
72,2,symptom_indicates_dosha_imbalance,High,High,High
73,2,symptom_indicates_dosha_imbalance,High,High,High
74,1,symptom_indicates_dosha_imbalance,High,High,High
75,1,symptom_indicates_dosha_imbalance,High,High,High
76,1,symptom_indicates_dosha_imbalance,High,High,High
77,2,symptom_indicates_dosha_imbalance,High,High,High
78,2,symptom_indicates_dosha_imbalance,High,High,High
79,2,symptom_indicates_dosha_imbalance,High,High,High
80,2,symptom_indicates_dosha_imbalance,High,High,High
81,2,symptom_indicates_dosha_imbalance,High,High,High
82,1,symptom_indicates_dosha_imbalance,Medium,Medium,Medium
83,3,symptom_indicates_dosha_imbalance,High,Medium,High
84,1,symptom_indicates_dosha_imbalance,High,Medium,High
85,2,symptom_indicates_dosha_imbalance,High,High,High
86,2,symptom_indicates_dosha_imbalance,High,High,High
87,2,symptom_indicates_dosha_imbalance,High,High,High
88,2,symptom_indicates_dosha_imbalance,High,High,High
89,1,symptom_indicates_dosha_imbalance,High,High,High
90,1,symptom_indicates_dosha_imbalance,High,High,High
91,1,symptom_indicates_dosha_imbalance,High,High,High
92,1,symptom_indicates_dosha_imbalance,High,Medium,High
93,3,symptom_indicates_dosha_imbalance,High,Medium,High
94,1,symptom_indicates_dosha_imbalance,High,Medium,High
95,2,symptom_indicates_dosha_imbalance,High,High,High
96,2,symptom_indicates_dosha_imbalance,High,High,High
97,2,symptom_indicates_dosha_imbalance,High,High,High
98,1,symptom_indicates_dosha_imbalance,High,High,High
99,1,symptom_indicates_dosha_imbalance,High,High,High
100,1,symptom_indicates_dosha_imbalance,High,High,High
101,2,symptom_indicates_dosha_imbalance,High,High,High
102,2,symptom_indicates_dosha_imbalance,High,High,High
103,2,symptom_indicates_dosha_imbalance,High,High,High
104,3,symptom_indicates_dosha_imbalance,High,Medium,High
105,1,symptom_indicates_dosha_imbalance,High,Medium,High
106,3,symptom_indicates_dosha_imbalance,High,Medium,High
107,1,symptom_indicates_dosha_imbalance,High,Medium,High
108,3,symptom_indicates_dosha_imbalance,High,High,High
109,2,symptom_indicates_dosha_imbalance,High,High,High
110,2,symptom_indicates_dosha_imbalance,High,High,High
111,2,symptom_indicates_dosha_imbalance,High,High,High
112,1,symptom_indicates_dosha_imbalance,High,Medium,High
113,1,symptom_indicates_dosha_imbalance,High,High,High
114,1,symptom_indicates_dosha_imbalance,High,High,High
115,1,symptom_indicates_dosha_imbalance,High,High,High
116,1,symptom_indicates_dosha_imbalance,High,Medium,High
117,2,symptom_indicates_dosha_imbalance,High,High,High
118,2,symptom_indicates_dosha_imbalance,High,High,High
119,2,symptom_indicates_dosha_imbalance,High,High,High
120,1,symptom_indicates_dosha_imbalance,High,Medium,High
121,3,symptom_indicates_dosha_imbalance,High,High,High
122,3,symptom_indicates_dosha_imbalance,High,High,High
123,3,symptom_indicates_dosha_imbalance,High,High,High
124,1,symptom_indicates_dosha_imbalance,High,High,High
125,1,symptom_indicates_dosha_imbalance,High,High,High
126,1,symptom_indicates_dosha_imbalance,High,High,High
127,1,symptom_indicates_dosha_imbalance,High,Medium,High
128,3,symptom_indicates_dosha_imbalance,High,Medium,High
129,1,symptom_indicates_dosha_imbalance,High,Medium,High
130,2,symptom_indicates_dosha_imbalance,High,High,High
131,2,symptom_indicates_dosha_imbalance,High,High,High
132,2,symptom_indicates_dosha_imbalance,High,High,High
133,1,symptom_indicates_dosha_imbalance,High,Medium,High
134,3,symptom_indicates_dosha_imbalance,High,Medium,High
135,1,symptom_indicates_dosha_imbalance,High,Medium,High
136,2,symptom_indicates_dosha_imbalance,High,High,High
137,2,symptom_indicates_dosha_imbalance,High,High,High
138,2,symptom_indicates_dosha_imbalance,High,High,High
139,1,symptom_indicates_dosha_imbalance,High,Medium,High
140,3,symptom_indicates_dosha_imbalance,High,Medium,High
141,1,symptom_indicates_dosha_imbalance,High,Medium,High
142,1,symptom_indicates_dosha_imbalance,High,High,High
143,1,symptom_indicates_dosha_imbalance,High,High,High
144,1,symptom_indicates_dosha_imbalance,High,High,High
145,1,symptom_indicates_dosha_imbalance,High,Medium,High
146,3,symptom_indicates_dosha_imbalance,High,Medium,High
147,1,symptom_indicates_dosha_imbalance,High,Medium,High
148,2,symptom_indicates_dosha_imbalance,High,High,High
149,2,symptom_indicates_dosha_imbalance,High,High,High
150,2,symptom_indicates_dosha_imbalance,High,High,High
151,2,symptom_indicates_dosha_imbalance,High,High,High
152,3,symptom_indicates_dosha_imbalance,High,Medium,High
153,1,symptom_indicates_dosha_imbalance,High,Medium,High
154,3,symptom_indicates_dosha_imbalance,High,High,High
155,3,symptom_indicates_dosha_imbalance,High,High,High
156,2,symptom_indicates_dosha_imbalance,High,High,High
157,2,symptom_indicates_dosha_imbalance,High,High,High
158,2,symptom_indicates_dosha_imbalance,High,High,High
159,1,symptom_indicates_dosha_imbalance,High,Medium,High
160,2,symptom_indicates_dosha_imbalance,High,High,High
161,2,symptom_indicates_dosha_imbalance,High,High,High
162,2,symptom_indicates_dosha_imbalance,High,High,High
163,1,symptom_indicates_dosha_imbalance,High,Medium,High
164,3,symptom_indicates_dosha_imbalance,High,Medium,High
165,1,symptom_indicates_dosha_imbalance,High,Medium,High
166,3,symptom_indicates_dosha_imbalance,High,High,High
167,1,symptom_indicates_dosha_imbalance,High,Medium,High
168,3,symptom_indicates_dosha_imbalance,High,Medium,High
169,1,symptom_indicates_dosha_imbalance,High,Medium,High
170,2,symptom_indicates_dosha_imbalance,High,High,High
171,2,symptom_indicates_dosha_imbalance,High,High,High
172,2,symptom_indicates_dosha_imbalance,High,High,High
173,1,symptom_indicates_dosha_imbalance,High,Medium,High
174,3,symptom_indicates_dosha_imbalance,High,Medium,High
175,1,symptom_indicates_dosha_imbalance,High,Medium,High
176,2,symptom_indicates_dosha_imbalance,High,High,High
177,2,symptom_indicates_dosha_imbalance,High,High,High
178,2,symptom_indicates_dosha_imbalance,High,High,High
179,1,symptom_indicates_dosha_imbalance,High,Medium,High
180,3,symptom_indicates_dosha_imbalance,High,Medium,High
181,1,symptom_indicates_dosha_imbalance,High,Medium,High
182,2,symptom_indicates_dosha_imbalance,High,High,High
183,2,symptom_indicates_dosha_imbalance,High,High,High
184,2,symptom_indicates_dosha_imbalance,High,High,High
185,1,symptom_indicates_dosha_imbalance,High,Medium,High
186,3,symptom_indicates_dosha_imbalance,High,Medium,High
187,1,symptom_indicates_dosha_imbalance,High,Medium,High
188,2,symptom_indicates_dosha_imbalance,High,High,High
189,2,symptom_indicates_dosha_imbalance,High,High,High
190,2,symptom_indicates_dosha_imbalance,High,High,High
191,1,symptom_indicates_dosha_imbalance,High,Medium,High
192,3,symptom_indicates_dosha_imbalance,High,Medium,High
193,1,symptom_indicates_dosha_imbalance,High,Medium,High
194,2,symptom_indicates_dosha_imbalance,High,High,High
195,2,symptom_indicates_dosha_imbalance,High,High,High
196,2,symptom_indicates_dosha_imbalance,High,High,High
197,1,symptom_indicates_dosha_imbalance,High,Medium,High
198,3,symptom_indicates_dosha_imbalance,High,Medium,High
199,1,symptom_indicates_dosha_imbalance,High,Medium,High
200,2,symptom_indicates_dosha_imbalance,High,High,High
1,2,symptom_indicates_dosha_imbalance,High,Low,Medium
1,3,symptom_indicates_dosha_imbalance,Medium,High,Low
2,1,symptom_indicates_dosha_imbalance,Medium,High,Medium
2,3,symptom_indicates_dosha_imbalance,Low,Medium,Medium
3,1,symptom_indicates_dosha_imbalance,High,High,Low
3,3,symptom_indicates_dosha_imbalance,Low,Low,Medium
4,2,symptom_indicates_dosha_imbalance,Medium,High,High
4,3,symptom_indicates_dosha_imbalance,Low,Medium,High
5,1,symptom_indicates_dosha_imbalance,High,High,Medium
5,3,symptom_indicates_dosha_imbalance,Medium,Low,High
6,1,symptom_indicates_dosha_imbalance,Medium,High,Low
6,2,symptom_indicates_dosha_imbalance,Low,High,Low
7,2,symptom_indicates_dosha_imbalance,High,Medium,Low
7,3,symptom_indicates_dosha_imbalance,Low,High,Low
8,1,symptom_indicates_dosha_imbalance,Medium,Low,Medium
8,2,symptom_indicates_dosha_imbalance,Medium,Low,Medium
9,1,symptom_indicates_dosha_imbalance,Low,Medium,Low
9,3,symptom_indicates_dosha_imbalance,Low,Medium,Low
10,2,symptom_indicates_dosha_imbalance,Low,Medium,Low
10,3,symptom_indicates_dosha_imbalance,High,Medium,High
11,2,symptom_indicates_dosha_imbalance,Low,Low,High
11,3,symptom_indicates_dosha_imbalance,Medium,High,Low
12,1,symptom_indicates_dosha_imbalance,High,Low,Medium
12,2,symptom_indicates_dosha_imbalance,Medium,High,Medium
13,2,symptom_indicates_dosha_imbalance,Low,Medium,Medium
13,3,symptom_indicates_dosha_imbalance,Low,Medium,Medium
14,2,symptom_indicates_dosha_imbalance,High,High,Low
14,3,symptom_indicates_dosha_imbalance,Low,High,Medium
15,1,symptom_indicates_dosha_imbalance,High,Medium,High
15,2,symptom_indicates_dosha_imbalance,High,Medium,Medium
16,1,symptom_indicates_dosha_imbalance,Medium,High,Low
16,3,symptom_indicates_dosha_imbalance,Medium,Low,High
17,2,symptom_indicates_dosha_imbalance,High,Medium,Low
17,3,symptom_indicates_dosha_imbalance,Medium,Medium,High
18,1,symptom_indicates_dosha_imbalance,Low,High,Low
18,3,symptom_indicates_dosha_imbalance,High,Medium,High
19,2,symptom_indicates_dosha_imbalance,High,High,Medium
19,3,symptom_indicates_dosha_imbalance,Medium,Low,Low
20,2,symptom_indicates_dosha_imbalance,High,Low,Low
20,3,symptom_indicates_dosha_imbalance,Low,Low,Medium
21,1,symptom_indicates_dosha_imbalance,Low,Low,Low
21,3,symptom_indicates_dosha_imbalance,Low,High,High
22,1,symptom_indicates_dosha_imbalance,High,High,Low
22,3,symptom_indicates_dosha_imbalance,Low,High,High
23,1,symptom_indicates_dosha_imbalance,Medium,Low,Low
23,3,symptom_indicates_dosha_imbalance,Medium,Low,High
24,1,symptom_indicates_dosha_imbalance,High,High,High
24,2,symptom_indicates_dosha_imbalance,Low,Medium,Low
25,1,symptom_indicates_dosha_imbalance,Medium,Low,Low
25,3,symptom_indicates_dosha_imbalance,Medium,Low,High
26,1,symptom_indicates_dosha_imbalance,Medium,Medium,Medium
26,3,symptom_indicates_dosha_imbalance,High,Medium,Medium
27,1,symptom_indicates_dosha_imbalance,Low,Medium,High
27,3,symptom_indicates_dosha_imbalance,Low,Medium,Low
28,1,symptom_indicates_dosha_imbalance,High,Low,Medium
28,3,symptom_indicates_dosha_imbalance,Medium,Medium,High
29,1,symptom_indicates_dosha_imbalance,High,High,Medium
29,3,symptom_indicates_dosha_imbalance,Medium,Low,Medium
30,1,symptom_indicates_dosha_imbalance,High,Low,Medium
30,3,symptom_indicates_dosha_imbalance,Low,Medium,Low
31,1,symptom_indicates_dosha_imbalance,High,Low,High
31,2,symptom_indicates_dosha_imbalance,High,Low,Low
32,2,symptom_indicates_dosha_imbalance,Low,Low,High
32,3,symptom_indicates_dosha_imbalance,Medium,Low,Low
33,2,symptom_indicates_dosha_imbalance,High,High,High
33,3,symptom_indicates_dosha_imbalance,Low,Medium,Medium
34,2,symptom_indicates_dosha_imbalance,Medium,Low,High
34,3,symptom_indicates_dosha_imbalance,High,Medium,Medium
35,2,symptom_indicates_dosha_imbalance,Low,High,High
35,3,symptom_indicates_dosha_imbalance,Medium,Low,Low
36,2,symptom_indicates_dosha_imbalance,Low,High,High
36,3,symptom_indicates_dosha_imbalance,High,High,High
37,1,symptom_indicates_dosha_imbalance,Medium,Low,Medium
37,3,symptom_indicates_dosha_imbalance,Medium,High,High
38,1,symptom_indicates_dosha_imbalance,Low,High,High
38,3,symptom_indicates_dosha_imbalance,High,Low,Medium
39,2,symptom_indicates_dosha_imbalance,High,High,Medium
39,3,symptom_indicates_dosha_imbalance,Low,Low,Medium
40,2,symptom_indicates_dosha_imbalance,Medium,High,High
40,3,symptom_indicates_dosha_imbalance,High,Low,Low
41,1,symptom_indicates_dosha_imbalance,Medium,High,Low
41,3,symptom_indicates_dosha_imbalance,Medium,High,Low
42,1,symptom_indicates_dosha_imbalance,Medium,Low,High
42,3,symptom_indicates_dosha_imbalance,High,Medium,Medium
43,2,symptom_indicates_dosha_imbalance,Medium,High,Low
43,3,symptom_indicates_dosha_imbalance,Medium,High,Low
44,1,symptom_indicates_dosha_imbalance,High,Medium,High
44,2,symptom_indicates_dosha_imbalance,Low,Low,High
45,2,symptom_indicates_dosha_imbalance,Medium,Low,High
45,3,symptom_indicates_dosha_imbalance,High,High,Medium
46,1,symptom_indicates_dosha_imbalance,High,Medium,Low
46,3,symptom_indicates_dosha_imbalance,Low,Low,Low
47,1,symptom_indicates_dosha_imbalance,High,Low,High
47,2,symptom_indicates_dosha_imbalance,Low,Medium,High
48,1,symptom_indicates_dosha_imbalance,High,Low,High
48,2,symptom_indicates_dosha_imbalance,High,Medium,High
49,1,symptom_indicates_dosha_imbalance,Medium,Medium,High
49,2,symptom_indicates_dosha_imbalance,Medium,High,High
50,1,symptom_indicates_dosha_imbalance,Low,Medium,High
50,2,symptom_indicates_dosha_imbalance,Low,Low,Medium
51,1,symptom_indicates_dosha_imbalance,Medium,Medium,High
51,3,symptom_indicates_dosha_imbalance,Medium,High,Medium
52,2,symptom_indicates_dosha_imbalance,High,High,Low
52,3,symptom_indicates_dosha_imbalance,Medium,Low,Low
53,2,symptom_indicates_dosha_imbalance,Low,Low,Low
53,3,symptom_indicates_dosha_imbalance,High,High,High
54,2,symptom_indicates_dosha_imbalance,Low,Medium,High
54,3,symptom_indicates_dosha_imbalance,Medium,High,High
55,2,symptom_indicates_dosha_imbalance,Medium,Medium,Low
55,3,symptom_indicates_dosha_imbalance,Medium,High,High
56,1,symptom_indicates_dosha_imbalance,High,Medium,High
56,3,symptom_indicates_dosha_imbalance,High,Medium,Low
57,1,symptom_indicates_dosha_imbalance,High,Low,High
57,3,symptom_indicates_dosha_imbalance,Medium,High,High
58,1,symptom_indicates_dosha_imbalance,Low,High,Low
58,3,symptom_indicates_dosha_imbalance,Medium,High,Low
59,2,symptom_indicates_dosha_imbalance,High,Medium,High
59,3,symptom_indicates_dosha_imbalance,Low,Medium,Low
60,1,symptom_indicates_dosha_imbalance,Low,Medium,High
60,3,symptom_indicates_dosha_imbalance,High,High,Medium
61,2,symptom_indicates_dosha_imbalance,Low,Medium,Low
61,3,symptom_indicates_dosha_imbalance,Medium,Medium,Medium
62,1,symptom_indicates_dosha_imbalance,High,High,Low
62,2,symptom_indicates_dosha_imbalance,Low,High,High
63,1,symptom_indicates_dosha_imbalance,Medium,Low,High
63,3,symptom_indicates_dosha_imbalance,Low,Medium,Low
64,1,symptom_indicates_dosha_imbalance,Low,Medium,High
64,2,symptom_indicates_dosha_imbalance,Medium,Medium,Low
65,2,symptom_indicates_dosha_imbalance,Medium,Medium,High
65,3,symptom_indicates_dosha_imbalance,High,Medium,High
66,1,symptom_indicates_dosha_imbalance,Medium,Low,Low
66,2,symptom_indicates_dosha_imbalance,Low,Medium,High
67,2,symptom_indicates_dosha_imbalance,Low,Medium,Low
67,3,symptom_indicates_dosha_imbalance,High,Low,Medium
68,2,symptom_indicates_dosha_imbalance,High,High,Medium
68,3,symptom_indicates_dosha_imbalance,Medium,Medium,Low
69,2,symptom_indicates_dosha_imbalance,Low,High,Medium
69,3,symptom_indicates_dosha_imbalance,Low,Medium,High
70,2,symptom_indicates_dosha_imbalance,Medium,High,Medium
70,3,symptom_indicates_dosha_imbalance,Medium,Low,Low
71,1,symptom_indicates_dosha_imbalance,Medium,Medium,Medium
71,3,symptom_indicates_dosha_imbalance,Medium,Medium,Medium
72,1,symptom_indicates_dosha_imbalance,Low,Low,High
72,3,symptom_indicates_dosha_imbalance,High,High,Medium
73,1,symptom_indicates_dosha_imbalance,High,High,Medium
73,3,symptom_indicates_dosha_imbalance,Medium,Medium,High
74,2,symptom_indicates_dosha_imbalance,Low,Medium,Medium
74,3,symptom_indicates_dosha_imbalance,High,Medium,Low
75,2,symptom_indicates_dosha_imbalance,Medium,Medium,High
75,3,symptom_indicates_dosha_imbalance,Medium,Medium,Medium
76,2,symptom_indicates_dosha_imbalance,Low,High,Low
76,3,symptom_indicates_dosha_imbalance,High,High,Low
77,1,symptom_indicates_dosha_imbalance,Medium,Low,Low
77,3,symptom_indicates_dosha_imbalance,High,Medium,Medium
78,1,symptom_indicates_dosha_imbalance,High,Medium,Low
78,3,symptom_indicates_dosha_imbalance,Medium,High,Low
79,1,symptom_indicates_dosha_imbalance,Low,Medium,Medium
79,3,symptom_indicates_dosha_imbalance,Low,Low,High
80,1,symptom_indicates_dosha_imbalance,Low,Medium,High
80,3,symptom_indicates_dosha_imbalance,Low,High,Medium
81,1,symptom_indicates_dosha_imbalance,High,High,High
81,3,symptom_indicates_dosha_imbalance,Low,Low,High
82,2,symptom_indicates_dosha_imbalance,Low,Low,High
82,3,symptom_indicates_dosha_imbalance,High,High,High
83,1,symptom_indicates_dosha_imbalance,Medium,Low,Low
83,2,symptom_indicates_dosha_imbalance,Medium,High,Medium
84,2,symptom_indicates_dosha_imbalance,Medium,High,High
84,3,symptom_indicates_dosha_imbalance,High,Medium,Low
85,1,symptom_indicates_dosha_imbalance,High,Medium,Medium
85,3,symptom_indicates_dosha_imbalance,Low,Low,Low
86,1,symptom_indicates_dosha_imbalance,Medium,Medium,Medium
86,3,symptom_indicates_dosha_imbalance,Medium,Medium,High
87,1,symptom_indicates_dosha_imbalance,High,Low,High
87,3,symptom_indicates_dosha_imbalance,Medium,Low,Medium
88,1,symptom_indicates_dosha_imbalance,High,Low,High
88,3,symptom_indicates_dosha_imbalance,Medium,High,Low
89,2,symptom_indicates_dosha_imbalance,Medium,Low,Medium
89,3,symptom_indicates_dosha_imbalance,Low,High,Medium
90,2,symptom_indicates_dosha_imbalance,Low,High,Medium
90,3,symptom_indicates_dosha_imbalance,Low,Low,High
91,2,symptom_indicates_dosha_imbalance,Low,Low,Medium
91,3,symptom_indicates_dosha_imbalance,Medium,Medium,Medium
92,2,symptom_indicates_dosha_imbalance,High,Low,High
92,3,symptom_indicates_dosha_imbalance,Medium,Low,Medium
93,1,symptom_indicates_dosha_imbalance,High,Low,High
93,2,symptom_indicates_dosha_imbalance,Low,Low,Low
94,2,symptom_indicates_dosha_imbalance,High,Low,Medium
94,3,symptom_indicates_dosha_imbalance,Medium,Medium,High
95,1,symptom_indicates_dosha_imbalance,High,Medium,Medium
95,3,symptom_indicates_dosha_imbalance,Medium,Medium,High
96,1,symptom_indicates_dosha_imbalance,Low,Low,Low
96,3,symptom_indicates_dosha_imbalance,Low,Medium,High
97,1,symptom_indicates_dosha_imbalance,Medium,Medium,Low
97,3,symptom_indicates_dosha_imbalance,High,High,Medium
98,2,symptom_indicates_dosha_imbalance,High,Medium,High
98,3,symptom_indicates_dosha_imbalance,High,Low,Low
99,2,symptom_indicates_dosha_imbalance,High,Medium,Low
99,3,symptom_indicates_dosha_imbalance,High,Low,Medium
100,2,symptom_indicates_dosha_imbalance,High,High,High
100,3,symptom_indicates_dosha_imbalance,High,High,Medium
101,1,symptom_indicates_dosha_imbalance,High,Low,Low
101,3,symptom_indicates_dosha_imbalance,Medium,Low,Low
102,1,symptom_indicates_dosha_imbalance,Low,Medium,Medium
102,3,symptom_indicates_dosha_imbalance,Medium,Medium,High
103,1,symptom_indicates_dosha_imbalance,Low,Low,High
103,3,symptom_indicates_dosha_imbalance,Medium,Low,High
104,1,symptom_indicates_dosha_imbalance,High,High,High
104,2,symptom_indicates_dosha_imbalance,Medium,Low,Low
105,2,symptom_indicates_dosha_imbalance,Medium,Low,Low
105,3,symptom_indicates_dosha_imbalance,High,Medium,Low
106,1,symptom_indicates_dosha_imbalance,High,Low,Medium
106,2,symptom_indicates_dosha_imbalance,Low,Low,Medium
107,2,symptom_indicates_dosha_imbalance,Medium,Low,Low
107,3,symptom_indicates_dosha_imbalance,Medium,Medium,Medium
108,1,symptom_indicates_dosha_imbalance,Low,Medium,High
108,2,symptom_indicates_dosha_imbalance,High,Medium,High
109,1,symptom_indicates_dosha_imbalance,Medium,Medium,Low
109,3,symptom_indicates_dosha_imbalance,Medium,High,High
110,1,symptom_indicates_dosha_imbalance,Medium,Low,Medium
110,3,symptom_indicates_dosha_imbalance,Low,Medium,Medium
111,1,symptom_indicates_dosha_imbalance,Medium,High,Medium
111,3,symptom_indicates_dosha_imbalance,Low,Low,Medium
112,2,symptom_indicates_dosha_imbalance,Low,Low,High
112,3,symptom_indicates_dosha_imbalance,Medium,High,High
113,2,symptom_indicates_dosha_imbalance,Medium,Low,High
113,3,symptom_indicates_dosha_imbalance,High,High,High
114,2,symptom_indicates_dosha_imbalance,Medium,Medium,Medium
114,3,symptom_indicates_dosha_imbalance,High,High,High
115,2,symptom_indicates_dosha_imbalance,Medium,Medium,High
115,3,symptom_indicates_dosha_imbalance,High,Low,Low
116,2,symptom_indicates_dosha_imbalance,Medium,High,Low
116,3,symptom_indicates_dosha_imbalance,High,Medium,Medium
117,1,symptom_indicates_dosha_imbalance,Low,High,High
117,3,symptom_indicates_dosha_imbalance,Low,Low,Low
118,1,symptom_indicates_dosha_imbalance,Low,Medium,Medium
118,3,symptom_indicates_dosha_imbalance,High,Low,Low
119,1,symptom_indicates_dosha_imbalance,High,Low,High
119,3,symptom_indicates_dosha_imbalance,Low,High,Medium
120,2,symptom_indicates_dosha_imbalance,Medium,High,Medium
120,3,symptom_indicates_dosha_imbalance,Medium,High,Medium
121,1,symptom_indicates_dosha_imbalance,Low,Low,High
121,2,symptom_indicates_dosha_imbalance,Low,High,High
122,1,symptom_indicates_dosha_imbalance,Medium,Medium,High
122,2,symptom_indicates_dosha_imbalance,Medium,High,Medium
123,1,symptom_indicates_dosha_imbalance,Medium,High,High
123,2,symptom_indicates_dosha_imbalance,High,Medium,High
124,2,symptom_indicates_dosha_imbalance,Low,Medium,Medium
124,3,symptom_indicates_dosha_imbalance,Medium,Low,Medium
125,2,symptom_indicates_dosha_imbalance,High,High,Medium
125,3,symptom_indicates_dosha_imbalance,High,Medium,High
126,2,symptom_indicates_dosha_imbalance,Medium,Low,High
126,3,symptom_indicates_dosha_imbalance,High,Low,High
127,2,symptom_indicates_dosha_imbalance,Medium,Low,High
127,3,symptom_indicates_dosha_imbalance,Low,Medium,Medium
128,1,symptom_indicates_dosha_imbalance,High,High,Low
128,2,symptom_indicates_dosha_imbalance,Low,Low,High
129,2,symptom_indicates_dosha_imbalance,High,Medium,High
129,3,symptom_indicates_dosha_imbalance,Medium,Medium,Low
130,1,symptom_indicates_dosha_imbalance,High,High,Low
130,3,symptom_indicates_dosha_imbalance,High,High,Low
131,1,symptom_indicates_dosha_imbalance,Low,Medium,High
131,3,symptom_indicates_dosha_imbalance,Medium,Low,Low
132,1,symptom_indicates_dosha_imbalance,Low,High,Low
132,3,symptom_indicates_dosha_imbalance,Medium,Medium,High
133,2,symptom_indicates_dosha_imbalance,Medium,High,Medium
133,3,symptom_indicates_dosha_imbalance,Low,Low,Medium
134,1,symptom_indicates_dosha_imbalance,High,High,Low
134,2,symptom_indicates_dosha_imbalance,Low,Medium,High
135,2,symptom_indicates_dosha_imbalance,Medium,Medium,High
135,3,symptom_indicates_dosha_imbalance,High,High,Low
136,1,symptom_indicates_dosha_imbalance,Medium,High,High
136,3,symptom_indicates_dosha_imbalance,Medium,Low,Medium
137,1,symptom_indicates_dosha_imbalance,High,Medium,Medium
137,3,symptom_indicates_dosha_imbalance,Medium,Low,High
138,1,symptom_indicates_dosha_imbalance,Low,Low,Medium
138,3,symptom_indicates_dosha_imbalance,Low,Medium,Medium
139,2,symptom_indicates_dosha_imbalance,Low,High,Medium
139,3,symptom_indicates_dosha_imbalance,High,Low,High
140,1,symptom_indicates_dosha_imbalance,Low,Medium,High
140,2,symptom_indicates_dosha_imbalance,Low,Low,High
141,2,symptom_indicates_dosha_imbalance,Low,High,Medium
141,3,symptom_indicates_dosha_imbalance,High,High,Medium
142,2,symptom_indicates_dosha_imbalance,Low,Medium,Medium
142,3,symptom_indicates_dosha_imbalance,High,High,High
143,2,symptom_indicates_dosha_imbalance,Medium,Medium,High
143,3,symptom_indicates_dosha_imbalance,Low,High,Medium
144,2,symptom_indicates_dosha_imbalance,Low,High,High
144,3,symptom_indicates_dosha_imbalance,Low,Low,High
145,2,symptom_indicates_dosha_imbalance,Low,Low,High
145,3,symptom_indicates_dosha_imbalance,Low,Low,Low
146,1,symptom_indicates_dosha_imbalance,Medium,Medium,High
146,2,symptom_indicates_dosha_imbalance,Low,Low,High
147,2,symptom_indicates_dosha_imbalance,High,Low,Medium
147,3,symptom_indicates_dosha_imbalance,Medium,Medium,Medium
148,1,symptom_indicates_dosha_imbalance,High,High,High
148,3,symptom_indicates_dosha_imbalance,Low,Medium,High
149,1,symptom_indicates_dosha_imbalance,Medium,Low,Medium
149,3,symptom_indicates_dosha_imbalance,Low,Medium,Low
150,1,symptom_indicates_dosha_imbalance,Medium,Low,High
150,3,symptom_indicates_dosha_imbalance,Medium,High,High
151,1,symptom_indicates_dosha_imbalance,Low,High,Medium
151,3,symptom_indicates_dosha_imbalance,Low,Medium,High
152,1,symptom_indicates_dosha_imbalance,Low,Low,Medium
152,2,symptom_indicates_dosha_imbalance,Medium,Low,Medium
153,2,symptom_indicates_dosha_imbalance,High,High,Low
153,3,symptom_indicates_dosha_imbalance,Low,Medium,Medium
154,1,symptom_indicates_dosha_imbalance,Medium,Low,Low
154,2,symptom_indicates_dosha_imbalance,Medium,High,High
155,1,symptom_indicates_dosha_imbalance,Low,Medium,High
155,2,symptom_indicates_dosha_imbalance,Medium,Low,Medium
156,1,symptom_indicates_dosha_imbalance,High,High,High
156,3,symptom_indicates_dosha_imbalance,High,Low,Medium
157,1,symptom_indicates_dosha_imbalance,High,High,Medium
157,3,symptom_indicates_dosha_imbalance,Medium,High,Medium
158,1,symptom_indicates_dosha_imbalance,Low,High,High
158,3,symptom_indicates_dosha_imbalance,Low,High,High
159,2,symptom_indicates_dosha_imbalance,High,Medium,Low
159,3,symptom_indicates_dosha_imbalance,Medium,High,Low
160,1,symptom_indicates_dosha_imbalance,High,Medium,Medium
160,3,symptom_indicates_dosha_imbalance,Medium,Medium,Low
161,1,symptom_indicates_dosha_imbalance,High,High,High
161,3,symptom_indicates_dosha_imbalance,High,Low,High
162,1,symptom_indicates_dosha_imbalance,Medium,Medium,High
162,3,symptom_indicates_dosha_imbalance,High,Low,High
163,2,symptom_indicates_dosha_imbalance,Low,Medium,Low
163,3,symptom_indicates_dosha_imbalance,High,High,Low
164,1,symptom_indicates_dosha_imbalance,Low,Medium,Medium
164,2,symptom_indicates_dosha_imbalance,Low,Medium,High
165,2,symptom_indicates_dosha_imbalance,High,High,Medium
165,3,symptom_indicates_dosha_imbalance,Low,Medium,Medium
166,1,symptom_indicates_dosha_imbalance,Medium,High,High
166,2,symptom_indicates_dosha_imbalance,Medium,Low,Medium
167,2,symptom_indicates_dosha_imbalance,High,Medium,High
167,3,symptom_indicates_dosha_imbalance,Low,Low,Low
168,1,symptom_indicates_dosha_imbalance,Low,High,Medium
168,2,symptom_indicates_dosha_imbalance,High,Low,Low
169,2,symptom_indicates_dosha_imbalance,High,Low,High
169,3,symptom_indicates_dosha_imbalance,Medium,Medium,Medium
170,1,symptom_indicates_dosha_imbalance,Medium,Low,High
170,3,symptom_indicates_dosha_imbalance,Medium,High,Low
171,1,symptom_indicates_dosha_imbalance,Medium,Medium,Medium
171,3,symptom_indicates_dosha_imbalance,High,Low,Low
172,1,symptom_indicates_dosha_imbalance,Low,Low,Low
172,3,symptom_indicates_dosha_imbalance,Low,Low,Medium
173,2,symptom_indicates_dosha_imbalance,High,Medium,Medium
173,3,symptom_indicates_dosha_imbalance,High,High,High
174,1,symptom_indicates_dosha_imbalance,Medium,High,High
174,2,symptom_indicates_dosha_imbalance,Medium,Low,Low
175,2,symptom_indicates_dosha_imbalance,Medium,Low,High
175,3,symptom_indicates_dosha_imbalance,Low,Medium,Low
176,1,symptom_indicates_dosha_imbalance,High,High,Low
176,3,symptom_indicates_dosha_imbalance,High,Medium,Low
177,1,symptom_indicates_dosha_imbalance,Low,High,High
177,3,symptom_indicates_dosha_imbalance,Low,Medium,Low
178,1,symptom_indicates_dosha_imbalance,Medium,Medium,High
178,3,symptom_indicates_dosha_imbalance,Low,Low,High
179,2,symptom_indicates_dosha_imbalance,High,Medium,High
179,3,symptom_indicates_dosha_imbalance,High,High,Low
180,1,symptom_indicates_dosha_imbalance,High,Medium,Medium
180,2,symptom_indicates_dosha_imbalance,High,Medium,Low
181,2,symptom_indicates_dosha_imbalance,Low,Medium,High
181,3,symptom_indicates_dosha_imbalance,High,High,Medium
182,1,symptom_indicates_dosha_imbalance,Medium,Low,Low
182,3,symptom_indicates_dosha_imbalance,Low,High,Medium
183,1,symptom_indicates_dosha_imbalance,Low,High,Medium
183,3,symptom_indicates_dosha_imbalance,Low,High,Medium
184,1,symptom_indicates_dosha_imbalance,Low,High,Low
184,3,symptom_indicates_dosha_imbalance,Medium,Medium,Medium
185,2,symptom_indicates_dosha_imbalance,High,Low,High
185,3,symptom_indicates_dosha_imbalance,Low,Medium,High
186,1,symptom_indicates_dosha_imbalance,Medium,Medium,High
186,2,symptom_indicates_dosha_imbalance,High,Medium,Low
187,2,symptom_indicates_dosha_imbalance,High,High,High
187,3,symptom_indicates_dosha_imbalance,Medium,High,Medium
188,1,symptom_indicates_dosha_imbalance,Medium,High,High
188,3,symptom_indicates_dosha_imbalance,High,Medium,Low
189,1,symptom_indicates_dosha_imbalance,High,Medium,High
189,3,symptom_indicates_dosha_imbalance,Low,High,Medium
190,1,symptom_indicates_dosha_imbalance,Low,High,High
190,3,symptom_indicates_dosha_imbalance,Low,Medium,Medium
191,2,symptom_indicates_dosha_imbalance,High,Low,Medium
191,3,symptom_indicates_dosha_imbalance,Medium,Low,High
192,1,symptom_indicates_dosha_imbalance,High,Medium,High
192,2,symptom_indicates_dosha_imbalance,Medium,Low,High
193,2,symptom_indicates_dosha_imbalance,Medium,Low,Medium
193,3,symptom_indicates_dosha_imbalance,High,Low,High
194,1,symptom_indicates_dosha_imbalance,Low,Medium,Low
194,3,symptom_indicates_dosha_imbalance,High,Low,Low
195,1,symptom_indicates_dosha_imbalance,Low,Low,High
195,3,symptom_indicates_dosha_imbalance,High,Medium,Medium
196,1,symptom_indicates_dosha_imbalance,Low,Low,Medium
196,3,symptom_indicates_dosha_imbalance,Medium,High,Low
197,2,symptom_indicates_dosha_imbalance,Medium,Medium,High
197,3,symptom_indicates_dosha_imbalance,Medium,Medium,Medium
198,1,symptom_indicates_dosha_imbalance,Low,High,Medium
198,2,symptom_indicates_dosha_imbalance,Medium,High,Medium
199,2,symptom_indicates_dosha_imbalance,High,Medium,Low
199,3,symptom_indicates_dosha_imbalance,Low,High,Medium
200,1,symptom_indicates_dosha_imbalance,Low,High,Medium
200,3,symptom_indicates_dosha_imbalance,Low,Medium,Low
201,1,symptom_indicates_dosha_imbalance,Low,Low,Low
201,2,symptom_indicates_dosha_imbalance,Medium,High,Medium
201,3,symptom_indicates_dosha_imbalance,Medium,Medium,Medium
202,1,symptom_indicates_dosha_imbalance,High,Medium,Medium
202,2,symptom_indicates_dosha_imbalance,Medium,Medium,High
202,3,symptom_indicates_dosha_imbalance,Medium,Medium,High
203,1,symptom_indicates_dosha_imbalance,Medium,Low,High
203,2,symptom_indicates_dosha_imbalance,Low,High,High
203,3,symptom_indicates_dosha_imbalance,Medium,Medium,Medium
204,1,symptom_indicates_dosha_imbalance,Low,Low,Medium
204,2,symptom_indicates_dosha_imbalance,Low,Medium,High
204,3,symptom_indicates_dosha_imbalance,Medium,High,Low
205,1,symptom_indicates_dosha_imbalance,High,Low,Low
205,2,symptom_indicates_dosha_imbalance,Low,Low,High
205,3,symptom_indicates_dosha_imbalance,Medium,Medium,High
206,1,symptom_indicates_dosha_imbalance,Low,Low,Medium
206,2,symptom_indicates_dosha_imbalance,High,Medium,High
206,3,symptom_indicates_dosha_imbalance,Low,Medium,Low
207,1,symptom_indicates_dosha_imbalance,Medium,Medium,Low
207,2,symptom_indicates_dosha_imbalance,Medium,Low,Low
207,3,symptom_indicates_dosha_imbalance,Medium,Low,Medium
208,1,symptom_indicates_dosha_imbalance,Low,High,High
208,2,symptom_indicates_dosha_imbalance,Low,Medium,High
208,3,symptom_indicates_dosha_imbalance,High,Low,High
209,1,symptom_indicates_dosha_imbalance,Medium,Low,High
209,2,symptom_indicates_dosha_imbalance,Low,Low,High
209,3,symptom_indicates_dosha_imbalance,High,Medium,Low
210,1,symptom_indicates_dosha_imbalance,Medium,Low,Medium
210,2,symptom_indicates_dosha_imbalance,Low,Low,Medium
210,3,symptom_indicates_dosha_imbalance,Medium,Low,Medium
211,1,symptom_indicates_dosha_imbalance,High,Low,Low
211,2,symptom_indicates_dosha_imbalance,Medium,Medium,Low
211,3,symptom_indicates_dosha_imbalance,Medium,High,Low
212,1,symptom_indicates_dosha_imbalance,Medium,Low,Low
212,2,symptom_indicates_dosha_imbalance,Medium,High,High
212,3,symptom_indicates_dosha_imbalance,High,High,Medium
213,1,symptom_indicates_dosha_imbalance,Medium,High,Medium
213,2,symptom_indicates_dosha_imbalance,High,Low,Low
213,3,symptom_indicates_dosha_imbalance,High,High,Medium
214,1,symptom_indicates_dosha_imbalance,Medium,Medium,Low
214,2,symptom_indicates_dosha_imbalance,High,High,Medium
214,3,symptom_indicates_dosha_imbalance,High,Low,High
215,1,symptom_indicates_dosha_imbalance,Medium,Medium,High
215,2,symptom_indicates_dosha_imbalance,Medium,Low,Low
215,3,symptom_indicates_dosha_imbalance,Low,High,High
216,1,symptom_indicates_dosha_imbalance,Low,Low,High
216,2,symptom_indicates_dosha_imbalance,High,Medium,High
216,3,symptom_indicates_dosha_imbalance,High,Medium,High
217,1,symptom_indicates_dosha_imbalance,Medium,Medium,High
217,2,symptom_indicates_dosha_imbalance,High,High,High
217,3,symptom_indicates_dosha_imbalance,Low,Medium,Low
218,1,symptom_indicates_dosha_imbalance,Medium,Medium,High
218,2,symptom_indicates_dosha_imbalance,Medium,High,High
218,3,symptom_indicates_dosha_imbalance,Medium,High,High
219,1,symptom_indicates_dosha_imbalance,Medium,Low,Medium
219,2,symptom_indicates_dosha_imbalance,Medium,High,Low
219,3,symptom_indicates_dosha_imbalance,High,Low,Low
220,1,symptom_indicates_dosha_imbalance,Low,High,High
220,2,symptom_indicates_dosha_imbalance,Medium,Low,Medium
220,3,symptom_indicates_dosha_imbalance,Medium,Medium,Medium
221,1,symptom_indicates_dosha_imbalance,High,Medium,Low
221,2,symptom_indicates_dosha_imbalance,Low,Low,Low
221,3,symptom_indicates_dosha_imbalance,Medium,Medium,Low
222,1,symptom_indicates_dosha_imbalance,High,High,Low
222,2,symptom_indicates_dosha_imbalance,Low,Medium,Medium
222,3,symptom_indicates_dosha_imbalance,Medium,High,High
223,1,symptom_indicates_dosha_imbalance,Low,Medium,Low
223,2,symptom_indicates_dosha_imbalance,High,Low,High
223,3,symptom_indicates_dosha_imbalance,Low,Medium,Medium
224,1,symptom_indicates_dosha_imbalance,Medium,High,High
224,2,symptom_indicates_dosha_imbalance,Low,High,Low
224,3,symptom_indicates_dosha_imbalance,Medium,Low,Medium
225,1,symptom_indicates_dosha_imbalance,Medium,Low,High
225,2,symptom_indicates_dosha_imbalance,Medium,High,High
225,3,symptom_indicates_dosha_imbalance,Low,High,Low
226,1,symptom_indicates_dosha_imbalance,High,Low,Medium
226,2,symptom_indicates_dosha_imbalance,High,Medium,High
226,3,symptom_indicates_dosha_imbalance,Low,Medium,High
227,1,symptom_indicates_dosha_imbalance,Low,Low,Low
227,2,symptom_indicates_dosha_imbalance,High,High,Low
227,3,symptom_indicates_dosha_imbalance,Medium,Low,High
228,1,symptom_indicates_dosha_imbalance,High,Low,High
228,2,symptom_indicates_dosha_imbalance,Low,Medium,High
228,3,symptom_indicates_dosha_imbalance,Low,Low,Medium
229,1,symptom_indicates_dosha_imbalance,Medium,High,Low
229,2,symptom_indicates_dosha_imbalance,Medium,Medium,High
229,3,symptom_indicates_dosha_imbalance,Medium,Medium,High
230,1,symptom_indicates_dosha_imbalance,Medium,Low,Medium
230,2,symptom_indicates_dosha_imbalance,High,High,Low
230,3,symptom_indicates_dosha_imbalance,Medium,Low,High
231,1,symptom_indicates_dosha_imbalance,Low,High,Medium
231,2,symptom_indicates_dosha_imbalance,Low,Medium,High
231,3,symptom_indicates_dosha_imbalance,High,Low,High
232,1,symptom_indicates_dosha_imbalance,High,Low,High
232,2,symptom_indicates_dosha_imbalance,High,Low,Medium
232,3,symptom_indicates_dosha_imbalance,High,High,Low
233,1,symptom_indicates_dosha_imbalance,Low,High,High
233,2,symptom_indicates_dosha_imbalance,Medium,High,Low
233,3,symptom_indicates_dosha_imbalance,High,Medium,High
234,1,symptom_indicates_dosha_imbalance,Low,Medium,Medium
234,2,symptom_indicates_dosha_imbalance,Low,Medium,High
234,3,symptom_indicates_dosha_imbalance,Medium,High,Medium
235,1,symptom_indicates_dosha_imbalance,Low,Low,Medium
235,2,symptom_indicates_dosha_imbalance,Medium,High,Low
235,3,symptom_indicates_dosha_imbalance,High,Medium,Low
236,1,symptom_indicates_dosha_imbalance,Low,Medium,Medium
236,2,symptom_indicates_dosha_imbalance,Low,High,Low
236,3,symptom_indicates_dosha_imbalance,Medium,High,High
237,1,symptom_indicates_dosha_imbalance,High,Medium,High
237,2,symptom_indicates_dosha_imbalance,Low,Medium,High
237,3,symptom_indicates_dosha_imbalance,Low,Medium,High
238,1,symptom_indicates_dosha_imbalance,High,Medium,Medium
238,2,symptom_indicates_dosha_imbalance,High,High,High
238,3,symptom_indicates_dosha_imbalance,High,Medium,High
239,1,symptom_indicates_dosha_imbalance,Medium,Low,Medium
239,2,symptom_indicates_dosha_imbalance,Low,Low,Low
239,3,symptom_indicates_dosha_imbalance,Low,Low,Low
240,1,symptom_indicates_dosha_imbalance,Medium,Low,High
240,2,symptom_indicates_dosha_imbalance,High,Medium,Low
240,3,symptom_indicates_dosha_imbalance,Medium,Medium,High
241,1,symptom_indicates_dosha_imbalance,High,High,Medium
241,2,symptom_indicates_dosha_imbalance,Low,Low,High
241,3,symptom_indicates_dosha_imbalance,Medium,High,Medium
242,1,symptom_indicates_dosha_imbalance,High,Medium,Medium
242,2,symptom_indicates_dosha_imbalance,Medium,High,Low
242,3,symptom_indicates_dosha_imbalance,High,Medium,High
243,1,symptom_indicates_dosha_imbalance,Medium,High,Low
243,2,symptom_indicates_dosha_imbalance,Low,Medium,Low
243,3,symptom_indicates_dosha_imbalance,High,High,Low
244,1,symptom_indicates_dosha_imbalance,Low,Low,Low
244,2,symptom_indicates_dosha_imbalance,Medium,Low,Low
244,3,symptom_indicates_dosha_imbalance,Medium,High,Low
245,1,symptom_indicates_dosha_imbalance,Low,Medium,Medium
245,2,symptom_indicates_dosha_imbalance,High,Medium,Low
245,3,symptom_indicates_dosha_imbalance,High,Medium,High
246,1,symptom_indicates_dosha_imbalance,Medium,High,Low
246,2,symptom_indicates_dosha_imbalance,Medium,High,Low
246,3,symptom_indicates_dosha_imbalance,Low,High,High
247,1,symptom_indicates_dosha_imbalance,High,Medium,High
247,2,symptom_indicates_dosha_imbalance,Medium,Medium,Low
247,3,symptom_indicates_dosha_imbalance,High,Medium,Medium
248,1,symptom_indicates_dosha_imbalance,High,Low,Low
248,2,symptom_indicates_dosha_imbalance,Low,High,High
248,3,symptom_indicates_dosha_imbalance,Low,Low,Low
249,1,symptom_indicates_dosha_imbalance,Medium,High,Medium
249,2,symptom_indicates_dosha_imbalance,Medium,Medium,High
249,3,symptom_indicates_dosha_imbalance,Medium,Low,High
250,1,symptom_indicates_dosha_imbalance,Medium,Low,Low
250,2,symptom_indicates_dosha_imbalance,High,High,Medium
250,3,symptom_indicates_dosha_imbalance,Medium,Low,Low
251,1,symptom_indicates_dosha_imbalance,Low,Medium,Medium
251,2,symptom_indicates_dosha_imbalance,Low,High,Low
251,3,symptom_indicates_dosha_imbalance,High,Medium,Low
252,1,symptom_indicates_dosha_imbalance,Low,Medium,Medium
252,2,symptom_indicates_dosha_imbalance,Low,Medium,Low
252,3,symptom_indicates_dosha_imbalance,High,High,Low
253,1,symptom_indicates_dosha_imbalance,Low,Medium,Low
253,2,symptom_indicates_dosha_imbalance,Medium,High,Low
253,3,symptom_indicates_dosha_imbalance,Low,High,Low
254,1,symptom_indicates_dosha_imbalance,High,Medium,High
254,2,symptom_indicates_dosha_imbalance,Medium,High,Medium
254,3,symptom_indicates_dosha_imbalance,Medium,Medium,Low
255,1,symptom_indicates_dosha_imbalance,High,Low,Medium
255,2,symptom_indicates_dosha_imbalance,Low,Low,Medium
255,3,symptom_indicates_dosha_imbalance,Low,Low,Medium
256,1,symptom_indicates_dosha_imbalance,High,Medium,High
256,2,symptom_indicates_dosha_imbalance,Medium,Medium,High
256,3,symptom_indicates_dosha_imbalance,High,Low,Medium
257,1,symptom_indicates_dosha_imbalance,High,Low,High
257,2,symptom_indicates_dosha_imbalance,Medium,Low,Medium
257,3,symptom_indicates_dosha_imbalance,High,High,Low
258,1,symptom_indicates_dosha_imbalance,High,Medium,Low
258,2,symptom_indicates_dosha_imbalance,Medium,High,Medium
258,3,symptom_indicates_dosha_imbalance,High,Medium,High
259,1,symptom_indicates_dosha_imbalance,Low,High,Low
259,2,symptom_indicates_dosha_imbalance,High,High,Medium
259,3,symptom_indicates_dosha_imbalance,Low,Medium,Low
260,1,symptom_indicates_dosha_imbalance,High,High,Medium
260,2,symptom_indicates_dosha_imbalance,High,Medium,High
260,3,symptom_indicates_dosha_imbalance,Low,Medium,Low
261,1,symptom_indicates_dosha_imbalance,High,Low,Medium
261,2,symptom_indicates_dosha_imbalance,Medium,High,Low
261,3,symptom_indicates_dosha_imbalance,High,Low,Medium
262,1,symptom_indicates_dosha_imbalance,Low,Low,High
262,2,symptom_indicates_dosha_imbalance,High,Low,Medium
262,3,symptom_indicates_dosha_imbalance,Medium,Medium,Low
263,1,symptom_indicates_dosha_imbalance,Low,Low,Medium
263,2,symptom_indicates_dosha_imbalance,Low,Low,High
263,3,symptom_indicates_dosha_imbalance,Medium,High,Low
264,1,symptom_indicates_dosha_imbalance,Low,Medium,Low
264,2,symptom_indicates_dosha_imbalance,Medium,Medium,Medium
264,3,symptom_indicates_dosha_imbalance,Medium,Medium,High
265,1,symptom_indicates_dosha_imbalance,High,High,High
265,2,symptom_indicates_dosha_imbalance,High,Medium,Low
265,3,symptom_indicates_dosha_imbalance,High,Medium,Low
266,1,symptom_indicates_dosha_imbalance,Low,Medium,High
266,2,symptom_indicates_dosha_imbalance,High,High,Medium
266,3,symptom_indicates_dosha_imbalance,Low,High,Low
267,1,symptom_indicates_dosha_imbalance,High,Medium,Low
267,2,symptom_indicates_dosha_imbalance,High,Low,High
267,3,symptom_indicates_dosha_imbalance,High,High,High
268,1,symptom_indicates_dosha_imbalance,Low,Low,High
268,2,symptom_indicates_dosha_imbalance,Low,High,Low
268,3,symptom_indicates_dosha_imbalance,High,High,Medium
269,1,symptom_indicates_dosha_imbalance,Medium,Medium,High
269,2,symptom_indicates_dosha_imbalance,High,Medium,Low
269,3,symptom_indicates_dosha_imbalance,High,Medium,Medium
270,1,symptom_indicates_dosha_imbalance,Medium,Medium,Medium
270,2,symptom_indicates_dosha_imbalance,Low,Low,High
270,3,symptom_indicates_dosha_imbalance,Medium,Medium,Low
271,1,symptom_indicates_dosha_imbalance,Low,Low,Low
271,2,symptom_indicates_dosha_imbalance,High,High,Low
271,3,symptom_indicates_dosha_imbalance,Medium,Medium,Medium
272,1,symptom_indicates_dosha_imbalance,High,Medium,Low
272,2,symptom_indicates_dosha_imbalance,High,High,High
272,3,symptom_indicates_dosha_imbalance,High,Medium,Low
273,1,symptom_indicates_dosha_imbalance,Low,High,Low
273,2,symptom_indicates_dosha_imbalance,Medium,Low,High
273,3,symptom_indicates_dosha_imbalance,High,Medium,Low
274,1,symptom_indicates_dosha_imbalance,High,Medium,High
274,2,symptom_indicates_dosha_imbalance,High,High,Low
274,3,symptom_indicates_dosha_imbalance,High,High,Medium
275,1,symptom_indicates_dosha_imbalance,Medium,Low,Low
275,2,symptom_indicates_dosha_imbalance,Medium,High,High
275,3,symptom_indicates_dosha_imbalance,Low,High,High
276,1,symptom_indicates_dosha_imbalance,Low,High,Low
276,2,symptom_indicates_dosha_imbalance,Low,Medium,Low
276,3,symptom_indicates_dosha_imbalance,High,High,High
277,1,symptom_indicates_dosha_imbalance,Medium,Low,Medium
277,2,symptom_indicates_dosha_imbalance,High,Low,Medium
277,3,symptom_indicates_dosha_imbalance,High,Medium,High
278,1,symptom_indicates_dosha_imbalance,Medium,Low,Low
278,2,symptom_indicates_dosha_imbalance,Low,Medium,High
278,3,symptom_indicates_dosha_imbalance,Low,High,Low
279,1,symptom_indicates_dosha_imbalance,Medium,Medium,High
279,2,symptom_indicates_dosha_imbalance,Medium,High,High
279,3,symptom_indicates_dosha_imbalance,Medium,Low,Medium
280,1,symptom_indicates_dosha_imbalance,High,Low,High
280,2,symptom_indicates_dosha_imbalance,High,Medium,High
280,3,symptom_indicates_dosha_imbalance,Medium,Low,Low
281,1,symptom_indicates_dosha_imbalance,Low,Medium,Low
281,2,symptom_indicates_dosha_imbalance,High,High,High
281,3,symptom_indicates_dosha_imbalance,High,High,High
282,1,symptom_indicates_dosha_imbalance,Low,High,High
282,2,symptom_indicates_dosha_imbalance,High,High,Medium
282,3,symptom_indicates_dosha_imbalance,Low,High,Low
283,1,symptom_indicates_dosha_imbalance,Low,Low,Medium
283,2,symptom_indicates_dosha_imbalance,Low,Medium,High
283,3,symptom_indicates_dosha_imbalance,High,Low,Low
284,1,symptom_indicates_dosha_imbalance,High,Medium,Low
284,2,symptom_indicates_dosha_imbalance,Low,Medium,High
284,3,symptom_indicates_dosha_imbalance,Low,High,High
285,1,symptom_indicates_dosha_imbalance,Medium,High,High
285,2,symptom_indicates_dosha_imbalance,High,Medium,Medium
285,3,symptom_indicates_dosha_imbalance,Medium,Low,Medium
286,1,symptom_indicates_dosha_imbalance,Low,Low,Low
286,2,symptom_indicates_dosha_imbalance,Low,Medium,High
286,3,symptom_indicates_dosha_imbalance,High,Medium,Medium
287,1,symptom_indicates_dosha_imbalance,Medium,Low,High
287,2,symptom_indicates_dosha_imbalance,Low,Low,High
287,3,symptom_indicates_dosha_imbalance,High,Low,High
288,1,symptom_indicates_dosha_imbalance,High,Low,Medium
288,2,symptom_indicates_dosha_imbalance,Low,High,Medium
288,3,symptom_indicates_dosha_imbalance,High,Low,Low
289,1,symptom_indicates_dosha_imbalance,High,Medium,High
289,2,symptom_indicates_dosha_imbalance,Medium,Medium,Medium
289,3,symptom_indicates_dosha_imbalance,High,High,Medium
290,1,symptom_indicates_dosha_imbalance,Low,Low,High
290,2,symptom_indicates_dosha_imbalance,Low,High,Low
290,3,symptom_indicates_dosha_imbalance,Low,High,High
291,1,symptom_indicates_dosha_imbalance,Medium,Medium,Medium
291,2,symptom_indicates_dosha_imbalance,Low,High,Low
291,3,symptom_indicates_dosha_imbalance,High,High,Low
292,1,symptom_indicates_dosha_imbalance,Low,Low,Low
292,2,symptom_indicates_dosha_imbalance,Medium,Medium,High
292,3,symptom_indicates_dosha_imbalance,High,Medium,Medium
293,1,symptom_indicates_dosha_imbalance,Medium,Low,Low
293,2,symptom_indicates_dosha_imbalance,Low,Low,High
293,3,symptom_indicates_dosha_imbalance,Low,Low,Low
294,1,symptom_indicates_dosha_imbalance,Low,Medium,High
294,2,symptom_indicates_dosha_imbalance,Low,Medium,Low
294,3,symptom_indicates_dosha_imbalance,Medium,Low,High
295,1,symptom_indicates_dosha_imbalance,Low,Low,Medium
295,2,symptom_indicates_dosha_imbalance,Medium,High,High
295,3,symptom_indicates_dosha_imbalance,High,Low,Low
296,1,symptom_indicates_dosha_imbalance,High,Medium,High
296,2,symptom_indicates_dosha_imbalance,Low,Low,Medium
296,3,symptom_indicates_dosha_imbalance,Low,Low,Medium
297,1,symptom_indicates_dosha_imbalance,Low,Medium,Medium
297,2,symptom_indicates_dosha_imbalance,Low,Medium,Low
297,3,symptom_indicates_dosha_imbalance,Medium,Low,High
298,1,symptom_indicates_dosha_imbalance,High,Low,Low
298,2,symptom_indicates_dosha_imbalance,High,Medium,Low
298,3,symptom_indicates_dosha_imbalance,Low,Low,Low
299,1,symptom_indicates_dosha_imbalance,Low,Medium,High
299,2,symptom_indicates_dosha_imbalance,High,Low,Medium
299,3,symptom_indicates_dosha_imbalance,Low,Low,Medium
300,1,symptom_indicates_dosha_imbalance,High,Low,Low
300,2,symptom_indicates_dosha_imbalance,Low,High,High
300,3,symptom_indicates_dosha_imbalance,Low,Low,Low
301,1,symptom_indicates_dosha_imbalance,High,Medium,Low
301,2,symptom_indicates_dosha_imbalance,Low,Low,High
301,3,symptom_indicates_dosha_imbalance,High,High,Low
302,1,symptom_indicates_dosha_imbalance,High,Medium,Low
302,2,symptom_indicates_dosha_imbalance,Low,Medium,Medium
302,3,symptom_indicates_dosha_imbalance,High,Medium,Low
303,1,symptom_indicates_dosha_imbalance,High,Low,Medium
303,2,symptom_indicates_dosha_imbalance,Low,Medium,Medium
303,3,symptom_indicates_dosha_imbalance,Low,Medium,Low
304,1,symptom_indicates_dosha_imbalance,Low,High,High
304,2,symptom_indicates_dosha_imbalance,Medium,Medium,Low
304,3,symptom_indicates_dosha_imbalance,High,High,High
305,1,symptom_indicates_dosha_imbalance,High,Low,Medium
305,2,symptom_indicates_dosha_imbalance,High,Low,High
305,3,symptom_indicates_dosha_imbalance,High,Medium,Low
306,1,symptom_indicates_dosha_imbalance,Low,Low,Medium
306,2,symptom_indicates_dosha_imbalance,Low,Low,Medium
306,3,symptom_indicates_dosha_imbalance,High,Low,Medium
307,1,symptom_indicates_dosha_imbalance,Low,Medium,Low
307,2,symptom_indicates_dosha_imbalance,Low,Medium,High
307,3,symptom_indicates_dosha_imbalance,Medium,Medium,Low
308,1,symptom_indicates_dosha_imbalance,Medium,Low,Low
308,2,symptom_indicates_dosha_imbalance,Medium,High,Low
308,3,symptom_indicates_dosha_imbalance,High,Medium,Low
309,1,symptom_indicates_dosha_imbalance,Low,Low,High
309,2,symptom_indicates_dosha_imbalance,Low,Low,High
309,3,symptom_indicates_dosha_imbalance,Medium,Medium,Low
310,1,symptom_indicates_dosha_imbalance,Low,High,Low
310,2,symptom_indicates_dosha_imbalance,Medium,Low,Medium
310,3,symptom_indicates_dosha_imbalance,Medium,Low,High
311,1,symptom_indicates_dosha_imbalance,Low,Medium,High
311,2,symptom_indicates_dosha_imbalance,High,High,Medium
311,3,symptom_indicates_dosha_imbalance,Medium,Medium,Low
312,1,symptom_indicates_dosha_imbalance,Low,High,Low
312,2,symptom_indicates_dosha_imbalance,Low,Medium,Low
312,3,symptom_indicates_dosha_imbalance,High,High,Medium
313,1,symptom_indicates_dosha_imbalance,Medium,Medium,Low
313,2,symptom_indicates_dosha_imbalance,Low,High,Low
313,3,symptom_indicates_dosha_imbalance,High,Medium,High
314,1,symptom_indicates_dosha_imbalance,Low,High,Low
314,2,symptom_indicates_dosha_imbalance,Low,High,Medium
314,3,symptom_indicates_dosha_imbalance,Low,Medium,Low
315,1,symptom_indicates_dosha_imbalance,High,Medium,Medium
315,2,symptom_indicates_dosha_imbalance,Medium,Low,Low
315,3,symptom_indicates_dosha_imbalance,High,Medium,Medium
316,1,symptom_indicates_dosha_imbalance,High,Low,High
316,2,symptom_indicates_dosha_imbalance,Low,Medium,Medium
316,3,symptom_indicates_dosha_imbalance,Medium,Low,Low
317,1,symptom_indicates_dosha_imbalance,Low,High,Medium
317,2,symptom_indicates_dosha_imbalance,High,Medium,Medium
317,3,symptom_indicates_dosha_imbalance,High,High,High
318,1,symptom_indicates_dosha_imbalance,High,High,Medium
318,2,symptom_indicates_dosha_imbalance,Medium,High,Medium
318,3,symptom_indicates_dosha_imbalance,High,Low,Low
319,1,symptom_indicates_dosha_imbalance,Low,High,Low
319,2,symptom_indicates_dosha_imbalance,High,High,Low
319,3,symptom_indicates_dosha_imbalance,Low,Low,Low
320,1,symptom_indicates_dosha_imbalance,Low,Low,Medium
320,2,symptom_indicates_dosha_imbalance,Medium,Low,High
320,3,symptom_indicates_dosha_imbalance,High,High,High
321,1,symptom_indicates_dosha_imbalance,Low,Medium,High
321,2,symptom_indicates_dosha_imbalance,Low,High,Low
321,3,symptom_indicates_dosha_imbalance,Medium,Medium,Low
322,1,symptom_indicates_dosha_imbalance,Medium,Medium,Low
322,2,symptom_indicates_dosha_imbalance,High,High,Low
322,3,symptom_indicates_dosha_imbalance,Medium,Medium,Medium
323,1,symptom_indicates_dosha_imbalance,High,Medium,Low
323,2,symptom_indicates_dosha_imbalance,Medium,Medium,Low
323,3,symptom_indicates_dosha_imbalance,Medium,High,Low
324,1,symptom_indicates_dosha_imbalance,High,Low,High
324,2,symptom_indicates_dosha_imbalance,High,High,High
324,3,symptom_indicates_dosha_imbalance,Medium,Low,High
325,1,symptom_indicates_dosha_imbalance,High,High,Medium
325,2,symptom_indicates_dosha_imbalance,Medium,Medium,High
325,3,symptom_indicates_dosha_imbalance,High,High,High
326,1,symptom_indicates_dosha_imbalance,High,Medium,Low
326,2,symptom_indicates_dosha_imbalance,Low,Low,Low
326,3,symptom_indicates_dosha_imbalance,Medium,High,Medium
327,1,symptom_indicates_dosha_imbalance,Low,Low,Low
327,2,symptom_indicates_dosha_imbalance,Medium,High,Medium
327,3,symptom_indicates_dosha_imbalance,Low,Medium,Medium
328,1,symptom_indicates_dosha_imbalance,Medium,Medium,Low
328,2,symptom_indicates_dosha_imbalance,Medium,Medium,Low
328,3,symptom_indicates_dosha_imbalance,High,High,High
329,1,symptom_indicates_dosha_imbalance,Medium,Low,High
329,2,symptom_indicates_dosha_imbalance,High,Medium,Medium
329,3,symptom_indicates_dosha_imbalance,Medium,Low,Low
330,1,symptom_indicates_dosha_imbalance,Medium,Medium,High
330,2,symptom_indicates_dosha_imbalance,Medium,Medium,Low
330,3,symptom_indicates_dosha_imbalance,High,Low,Low
331,1,symptom_indicates_dosha_imbalance,Low,High,High
331,2,symptom_indicates_dosha_imbalance,Low,Medium,High
331,3,symptom_indicates_dosha_imbalance,High,Medium,Medium
332,1,symptom_indicates_dosha_imbalance,Medium,Low,Medium
332,2,symptom_indicates_dosha_imbalance,Medium,Medium,Low
332,3,symptom_indicates_dosha_imbalance,Medium,High,Low
333,1,symptom_indicates_dosha_imbalance,High,Medium,Low
333,2,symptom_indicates_dosha_imbalance,Medium,High,Low
333,3,symptom_indicates_dosha_imbalance,Low,High,Low
334,1,symptom_indicates_dosha_imbalance,High,High,Low
334,2,symptom_indicates_dosha_imbalance,Medium,Medium,Low
334,3,symptom_indicates_dosha_imbalance,High,High,Low
335,1,symptom_indicates_dosha_imbalance,Medium,High,Medium
335,2,symptom_indicates_dosha_imbalance,High,Medium,Medium
335,3,symptom_indicates_dosha_imbalance,Low,Low,Low
336,1,symptom_indicates_dosha_imbalance,Medium,Low,Medium
336,2,symptom_indicates_dosha_imbalance,Medium,Low,Medium
336,3,symptom_indicates_dosha_imbalance,Low,Medium,Low
337,1,symptom_indicates_dosha_imbalance,Low,Low,Medium
337,2,symptom_indicates_dosha_imbalance,Low,Medium,Medium
337,3,symptom_indicates_dosha_imbalance,Low,High,High
338,1,symptom_indicates_dosha_imbalance,Low,Low,Medium
338,2,symptom_indicates_dosha_imbalance,High,Low,Medium
338,3,symptom_indicates_dosha_imbalance,Medium,Low,Low
339,1,symptom_indicates_dosha_imbalance,High,Low,High
339,2,symptom_indicates_dosha_imbalance,Medium,Medium,Low
339,3,symptom_indicates_dosha_imbalance,Medium,Medium,Medium
340,1,symptom_indicates_dosha_imbalance,High,Low,Low
340,2,symptom_indicates_dosha_imbalance,Medium,Low,Medium
340,3,symptom_indicates_dosha_imbalance,High,Low,Medium
341,1,symptom_indicates_dosha_imbalance,High,Medium,High
341,2,symptom_indicates_dosha_imbalance,Low,High,Low
341,3,symptom_indicates_dosha_imbalance,Medium,Low,High
342,1,symptom_indicates_dosha_imbalance,Low,Low,High
342,2,symptom_indicates_dosha_imbalance,High,Medium,High
342,3,symptom_indicates_dosha_imbalance,High,Low,Low
343,1,symptom_indicates_dosha_imbalance,High,Low,High
343,2,symptom_indicates_dosha_imbalance,Medium,High,High
343,3,symptom_indicates_dosha_imbalance,Medium,Medium,Low
344,1,symptom_indicates_dosha_imbalance,Low,Low,Medium
344,2,symptom_indicates_dosha_imbalance,Medium,Medium,Medium
344,3,symptom_indicates_dosha_imbalance,High,Medium,Medium
345,1,symptom_indicates_dosha_imbalance,Medium,Medium,Medium
345,2,symptom_indicates_dosha_imbalance,High,Medium,Medium
345,3,symptom_indicates_dosha_imbalance,Low,Medium,Low
346,1,symptom_indicates_dosha_imbalance,High,Medium,Medium
346,2,symptom_indicates_dosha_imbalance,Low,High,High
346,3,symptom_indicates_dosha_imbalance,Low,High,Medium
347,1,symptom_indicates_dosha_imbalance,Low,High,High
347,2,symptom_indicates_dosha_imbalance,High,Low,Medium
347,3,symptom_indicates_dosha_imbalance,Medium,Low,High
348,1,symptom_indicates_dosha_imbalance,High,Low,High
348,2,symptom_indicates_dosha_imbalance,Medium,Low,Low
348,3,symptom_indicates_dosha_imbalance,Low,High,Medium
349,1,symptom_indicates_dosha_imbalance,High,Medium,Low
349,2,symptom_indicates_dosha_imbalance,Medium,Low,High
349,3,symptom_indicates_dosha_imbalance,High,Low,Medium
350,1,symptom_indicates_dosha_imbalance,High,Medium,Low
350,2,symptom_indicates_dosha_imbalance,Low,Low,Low
350,3,symptom_indicates_dosha_imbalance,High,High,High
